ID,Título,Criado em,Fase Atual,Etiquetas,Placa do Carro-Template,Litros Usados,Tipo Combustivel,Cliente,Ordem de Serviço,Fornecedor Final,Número Nota,Valor da Nota Fiscal,Recibo/Nota fiscal Fornecedor,Valor cobrado do cliente,Id requisição,Forncedor Final,Valor da Requisição,Número Nota Fiscal,Recibo/Nota Fiscal do Fornecedor,UTILIZADO PARA MANUTENÇÃO DE ALGO DA OFICINA,Observação (Opcional),SOLICITANTE,RESPONSÁVEL PELO CARRO,Veiculos,Hodometro,VALOR DA NOTA,Nº DA NOTA,FORNECEDOR,AUTORIZADO POR,Tipo de requisição,Tipo Veicular,Categoria
1068915968,COMPRA DE CHAVE DE IMPACTO ELÉTRICA ,29/01/2025,Aguardando- NF ou Aprovar,Consumo Oficina,,,,,,,,,,,,,,,,,,,,,,,,,,Ferramenta,,
1178686524,Refeicao Reuniao Comercial - FEAP 2025,18/07/2025,Aguardando- NF ou Aprovar,Comercial,,,,,,,,,,,,,,,,,,,,,,,,,,Alimentação,,
1255627617,TROCA DE FAROL QUEIMADO GOL,17/11/2025,Aguardando- NF ou Aprovar,Comercial,,,,,,,,,,,,,,,,,,,,EPX5406,12093,,,,,Veicular,Manutenção,
1257045018,ABASTECIMENTO ATJ6211,19/11/2025,Aguardando- NF ou Aprovar,Consumo Oficina,,,,,,,,,,,,,,,,,,,,ATJ6211,350959,,,,,Veicular,Abastecimento,
1258203330,ABASTECIMENTO TKY6E68,22/11/2025,Aguardando- NF ou Aprovar,Consumo Oficina,,,,,,,,"241,42",,,,,,,,,,,,TKY6E68,24.930,,,,,Veicular,Abastecimento,
1261778112,ABASTECIMENTO TKY6E68 PAULO,01/12/2025,Aguardando- NF ou Aprovar,Consumo Oficina,,,,,,,,,,,,,,,,,,,,TKY6E68,25888,,,,,Veicular,Abastecimento,
1261911501,ABASTECIMENTO LUIZ FERNANDO,01/12/2025,Aguardando- NF ou Aprovar,Comercial,,,,,,,,,,,,,,,,,,,,AQJ3H59,424661,,,,,Veicular,Abastecimento,
1268349221,"Ar deslgando sozinho, Trator Maria Beatriz Costa Curta",15/12/2025,Aguardando- NF ou Aprovar,Cobrado do Cliente,,,,Maria Beatriz Navarro Ribeiro Costacurta,4.376,Jeferson Climatização,22,300,https://app.pipefy.com/storage/v1/signed/uploads/e8ed2dac-60c5-4871-a000-6562ba4b883d/NFMARIABEATRIZJEFERSON.pdf?expires_on=1772801592&signature=CNf4D%2BU4jJjXSIRLDiYsZmGRC305GEwk6OTH5fbnj5g%3D,0,1268349221,,,,,,Solicitando Garantia desse valor. Aguardando resposta da Fábrica,,,,,,,,,Serviço de Terceiro,,
1269055817,"FITA DUPLA FACE, ABRAÇADEIRA, ETC",16/12/2025,Aguardando- NF ou Aprovar,Consumo Oficina,,,,,,,,,,,1269055817,Outros...,"163,43",23988,https://app.pipefy.com/storage/v1/signed/uploads/9ab2dbe0-8b5d-4401-826e-08fe58620c5e/ImagemdoWhatsAppde2025-12-16s13.53.05_a6860e2c.jpg?expires_on=1772801592&signature=Hu056mTlo7Jh2BWCFddwohKkSVOSreEgSyr%2FxwBZmsY%3D,,,,,,,,,,,Ferramenta,,
1269499168, Anel Oring NB& 70 2157 e Anel Oring NB& 70 2156,17/12/2025,Aguardando- NF ou Aprovar,Consumo Oficina,,,,,,,,,,,,Landico,"9,79",5551,https://app.pipefy.com/storage/v1/signed/uploads/0daaeaa2-5d06-465f-9884-1286ca8ecee7/AnelOringZeca.tif?expires_on=1772801592&signature=HXy26GJrb6vF0CejJFF129fzD3eS0DgxLfIor3RORM4%3D,,"Técnico nçao pediu requisição para esse serviço.
Criada pelo Pós Vendas.",,,,,,,,,Peça,,
1269869487,Arrumar Banco da Saveiro do Zeca,18/12/2025,Aguardando- NF ou Aprovar,Consumo Oficina,DLZ1967,,,,,,,,,,1269869487,,,,,,,,,DLZ1967,0,,,,,Veicular,Manutenção,
1271450386,ABASTECIMENTO AQJ,22/12/2025,Aguardando- NF ou Aprovar,Comercial,AQJ3H59,,,,,,,,,,,,,,,,,,,AQJ3H59,428454,,,,,Veicular,Abastecimento,
1276210859,Prensar Mangueira para Carlos Fernando Basile,05/01/2026,Aguardando- NF ou Aprovar,Cobrado do Cliente,,,,,,,,,,,,,,,,,,,,,,,,,,Serviço de Terceiro,,
1282994568,ABASTECIMENTO FHY8D25,16/01/2026,Aguardando- NF ou Aprovar,Consumo Oficina,FHY8D25,,,,,,,,,,,,,,,,,,,FHY8D25,0,,,,,Veicular,Abastecimento,
1282994169,ABASTECIMENTO TKY6E68,16/01/2026,Aguardando- NF ou Aprovar,Consumo Oficina,TKY6E68,,,,,,,,,,1282994169,,,,,,,,,TKY6E68,0,,,,,Veicular,Abastecimento,
1293172731,Troca de Pneus Montana,04/02/2026,Aguardando- NF ou Aprovar,Consumo Oficina,FHY8D25,,,,,,,,,,,,,,,,,,,FHY8D25,0,,,,,Veicular,Manutenção,
1293174341,Troca de Pneus da Strada,04/02/2026,Aguardando- NF ou Aprovar,Consumo Oficina,FXM4G90,,,,,,,,,,,,,,,,,,,FXM4G90,250.00,,,,,Veicular,Manutenção,
1296837965,MANUTENÇÃO AR CONDICIONADO MARIA BEATRIZ,12/02/2026,Aguardando- NF ou Aprovar,Consumo Oficina,,,,MARIA BEATRIZ,4.376,Jeferson Climatização,37,300,https://app.pipefy.com/storage/v1/signed/uploads/3b347666-8f19-46fc-815d-1ec51c0a7af5/35512072261849573000189000000000003726020750065832.pdf?expires_on=1772801592&signature=cc5sgnh5lF4374GxvVUc4ZNOlU0Xx7Np2rVwtGla0yI%3D,300,1296837965,,,,,,FÁBRICA PAGARÁ SERVIÇO,,,,,,,,,Serviço de Terceiro,,
1296848782,Parafusos no Koba para o 5050 da loja,12/02/2026,Aguardando- NF ou Aprovar,Comercial,,,,,,,,,,,,,,,,,,,,,,,,,,Peça,,
1296905570,Pilha 3A para teclado Pós Vendas,12/02/2026,Aguardando- NF ou Aprovar,Consumo Oficina,,,,,,,,,,,,,,,,,,,,,,,,,,Material Escritorio,,
1297338995,4 Parafusos e Porca para fixar o Conjunto Frontal (Dona Flora-PPO 79),13/02/2026,Aguardando- NF ou Aprovar,Cobrado do Cliente,,,,,,,,,,,,,,,,,,,,,,,,,,Peça,,
1297399320,TROCA DO PISTÃO PULVERIZADOR ECO RANGER 2000 CLIENTE AFONSO,13/02/2026,Aguardando- NF ou Aprovar,Comercial,,,,,,,,,,,,,,,,,,,,,,,,,,Peça,,
1297887073,PROBLEMA RODA BICICLETA,14/02/2026,Aguardando- NF ou Aprovar,Consumo Oficina,,,,,,,,,,,1297887073,,,,,,,,,,,,,,,Serviço de Terceiro,,
1297895528,Verniz para Vectra (do Paulo),14/02/2026,Aguardando- NF ou Aprovar,Consumo Oficina,,,,,,,,,,,,,,,,,,,,,,,,,,Peça,,
1298263552,ALMOÇO SILVANA PEDRO,16/02/2026,Aguardando- NF ou Aprovar,Consumo Oficina,,,,,,,,,,,,,,,,,,,,,,,,,,Alimentação,,
1298309546,Desbastar a campana da Montana- Processo de Passe ,16/02/2026,Aguardando- NF ou Aprovar,Consumo Oficina,FHY8D25,,,,,,,,,,,,,,,,,,,FHY8D25,240.000,,,,,Veicular,Manutenção,
1300751301,ABASTECIMENTO CARRO,21/02/2026,Aguardando- NF ou Aprovar,Comercial,,,,,,,,,,,,,,,,,,,,,0,,,,,Veicular,Abastecimento,
1300780681,CERA PARA CARROS,21/02/2026,Aguardando- NF ou Aprovar,Consumo Oficina,,,,,,,,,,,,,,,,,,,,,0,,,,,Veicular,Manutenção,
1301262185,Parafuso oco 14 MM (Teste Bomba Injetora),23/02/2026,Aguardando- NF ou Aprovar,Consumo Oficina,,,,,,,,,,,,,,,,,,,,,,,,,,Peça,,
1301292371,Abastecimento Saveiro Paulo- (Cartão deu erro),23/02/2026,Aguardando- NF ou Aprovar,Consumo Oficina,TKY6E68,,,,,,,,,,,,,,,,,,,TKY6E68,34969,,,,,Veicular,Abastecimento,
1301297078,2L Oleo Motor para a Strada Nicolas,23/02/2026,Aguardando- NF ou Aprovar,Consumo Oficina,FXM4G90,,,,,,,,,,,,,,,,,,,FXM4G90,0,,,,,Veicular,Manutenção,
1301922584,ABASTECIMENTO MOTO PEDRO (IRMÃO DO PAULO),23/02/2026,Aguardando- NF ou Aprovar,Consumo Oficina,,,,,,,,,,,,,,,,,,,,,0,,,,,Veicular,Abastecimento,
1302408518,Óleo para o Câmbio do Nicolas,24/02/2026,Aguardando- NF ou Aprovar,Consumo Oficina,FXM4G90,,,,,,,,,,,,,,,,,,,FXM4G90,0,,,,,Veicular,Manutenção,
1302669059,ALMOÇO SILVANA PEDRO ,24/02/2026,Aguardando- NF ou Aprovar,Consumo Oficina,,,,,,,,,,,,,,,,,,,,,,,,,,Alimentação,,
1303997635,4 METROS DE MAGUEIRA E 10 ABRAÇADEIRAS PARA ANA SILLA (RETROESCAVADEIRA),25/02/2026,Aguardando- NF ou Aprovar,Cobrado do Cliente,,,,,,,,,,,,,,,,,,,,,,,,,,Peça,,
1304785443,2 Parafuso guia para o cambio-DLZ1967,26/02/2026,Aguardando- NF ou Aprovar,Consumo Oficina,DLZ1967,,,,,,,,,,,,,,,,,,,DLZ1967,0,,,,,Veicular,Manutenção,
1305420070,REPARO PNEU EPX-5475,27/02/2026,Aguardando- NF ou Aprovar,Consumo Oficina,EPX5475,,,,,,,,,,,,,,,,,,,EPX5475,0,,,,,Veicular,Manutenção,
1306038230,"1L DE PRETO CADILAC PU, FUNDO PU E CAIXA DE SPRAY SEMI BRILHO",28/02/2026,Aguardando- NF ou Aprovar,Consumo Oficina,,,,,,,,,,,,,,,,,,,,,,,,,,Ferramenta,,
1306076208,Gasolina Nicolas,28/02/2026,Aguardando- NF ou Aprovar,Consumo Oficina,,,,,,,,,,,,,,,,,,,,,0,,,,,Veicular,Abastecimento,
1307389368,4 PNEUS PARA VOYAGE,02/03/2026,Aguardando- NF ou Aprovar,Comercial,,,,,,,,,,,,,,,,,,,,SEB9J47,0,,,,,Veicular,Manutenção,
1307931486,Folha de Serra- Para uso geral da Oficina,03/03/2026,Aguardando- NF ou Aprovar,Consumo Oficina,,,,,,,,,,,,,,,,,,,,,,,,,,Ferramenta,,
1308123547,Almoço Silvana,03/03/2026,Aguardando- NF ou Aprovar,Consumo Oficina,,,,,,,,,,,,,,,,,,,,,,,,,,Alimentação,,
1308515239,ABASTECIMENTO PEDRO PESSOAL,03/03/2026,Aguardando- NF ou Aprovar,Consumo Oficina,,,,,,,,,,,,,,,,,,,,,0,,,,,Veicular,Abastecimento,
1309681584,"MANUTENÇÃO DOUGRAS EPX5402 - PNEUS, ALINHAMENTO E BALANCEAMENTO",05/03/2026,Aguardando- NF ou Aprovar,Comercial,EPX5402,,,,,,,,,,,,,,,,,,,EPX5402,179628,,,,,Veicular,Manutenção,
1268681177,ABASTECIMENTO FXM4G90,15/12/2025,Veiculos- Add no Rota Exata,Consumo Oficina,,1.000,,,,,,,,,1268681177,Auto Posto 2001,"49,9",4903,https://app.pipefy.com/storage/v1/signed/uploads/8e2dffcb-91e1-4ca7-afdd-984693036444/8253a1ac.ReqFotoNota.105635.jpg?expires_on=1772801592&signature=%2B84gIcJYVqs0NEG1zpsHJR%2BefGfO7EQAHxJlvcYcTmc%3D,,Qualidade está ruim,,,FXM4G90,0,,,,,Veicular,Abastecimento,
1272109973,ABASTECIMENTO PAULO,23/12/2025,Veiculos- Add no Rota Exata,Consumo Oficina,TKY6E68,,,,,,,,,,1272109973,,,,,,,,,TKY6E68,0,,,,,Veicular,Abastecimento,
1274385881,SERVIÇO EM PNEU STRADA,29/12/2025,Veiculos- Add no Rota Exata,Consumo Oficina,,,,,,,,,,,1274385881,Favaro Pneus,140,242,"https://app.pipefy.com/storage/v1/signed/uploads/759362f9-e882-4a7e-a689-a9c6e1bb6447/WhatsAppImage2025-12-29at14.06.01.jpeg?expires_on=1772801592&signature=XLk6AQbnBnUvabZj3WzbK%2Fv9SX5Ddv9RztUXVL5aMlI%3D, https://app.pipefy.com/storage/v1/signed/uploads/e70040e8-8472-4137-bd3b-a4fcbd5c5380/WhatsAppImage2025-12-29at14.06.11.jpeg?expires_on=1772801592&signature=0WbBqiB3H9IyvcD9QaMCYd4lBEZxzLlzOxf12LJT8Kc%3D",,,,,,0,,,,,Veicular,Manutenção,
1279809510,VULCANIZAÇÃO PNEU VOYAGE,10/01/2026,Veiculos- Add no Rota Exata,Comercial,SEC1F03,,,,,,,,,,1279809510,Favaro Pneus,60,,,,,,,SEC1F03,61414,,,,,Veicular,Manutenção,
1293884943,MANUTENÇÃO FHY8D25,05/02/2026,Veiculos- Add no Rota Exata,Consumo Oficina,FHY8D25,,,,,,,,,,1293884943,PitStop Autopeças Martins,"1.930,00",646,https://app.pipefy.com/storage/v1/signed/uploads/4850e416-61d1-4056-abf9-81828f8b8967/WhatsAppImage2026-02-05at15.45.42.jpeg?expires_on=1772801592&signature=74ItI6WHJ8FU53z2F8zvUO6o6Ly%2BlKE%2BR13CBry02po%3D,,"Produto/serviço: 
KIT AMORTECEDOR DIANT. SUP VECTRA QNT 2 R$300,00
AMORTECEDOR TRAS MONTANA QNT 2 R$450,00
BUCHA BANDEJA DIANTEIRA QNT 2 50,00
SUPORTE DA BARRA TENSORA QNT 1 R$240,00
SUPORTE BARRA TENSORA QNT 1 R$240,00
AMORTECEDOR DIANTEIRO QNT 2 R$650,00",,,FHY8D25,,,,,,Veicular,Manutenção,
1296917931,MANUTENÇÃO FXM4G90,12/02/2026,Veiculos- Add no Rota Exata,Consumo Oficina,FXM4G90,,,,,,,,,,1296917931,Gerson Auto Peças,160,799,https://app.pipefy.com/storage/v1/signed/uploads/d2779d9c-4f40-43f1-b273-776a1c59d1ed/WhatsAppImage2026-02-12at13.22.45.jpeg?expires_on=1772801592&signature=ZlvQmd2xA2TTqvAWRwv7ENIVOYCBEIEBRWklj1gmZFE%3D,NÃO,"Produto: Homocinetica Palio R$189,00
Desconto de R$29,00",,,FXM4G90,249978,,,,,Veicular,Manutenção,
1305191728,ÓLEO 80W90 CARRO ZECA,27/02/2026,Veiculos- Add no Rota Exata,Consumo Oficina,DLZ1967,,,,,,,,,,,,,,,,,,,DLZ1967,190356,,,,,Veicular,Manutenção,
1195419125,REVISÃO MONITOR DE SEMENTE,14/08/2025,Custo-Cobrado Cliente,Cobrado do Cliente,,,,,3.926,,,250,,,,,,,,,,,,,,,,,,Serviço de Terceiro,,
1195716696,Buchas para o banco do 9500,15/08/2025,Custo-Cobrado Cliente,Cobrado do Cliente,,,,,0,,,290,,,,,,,,,,,,,,,,,,Peça,,
1197572754,TROCA DO REPARO PISTAO,19/08/2025,Custo-Cobrado Cliente,Cobrado do Cliente,,,,,0,,,"330,59",,,,,,,,,,,,,,,,,,Serviço de Terceiro,,
1212749409,PEÇA PARA ANTIGONE,11/09/2025,Custo-Cobrado Cliente,Cobrado do Cliente,,,,,3.977,,,"93,31",,,,,,,,,,,,,,,,,,Peça,,
1193918898,PRENSA DE MANGUEIRA PARA ADUBADEIRA DCA 5500,12/08/2025,Custo-Cobrado Cliente,Cobrado do Cliente,,,,,3.919,,,"229,82",,,,,,,,,,,,,,,,,,Serviço de Terceiro,,
1228872474,Parafuso para o bloco hidraulico,06/10/2025,Custo-Cobrado Cliente,Cobrado do Cliente,,,,,4.070,,,10,,,,,,,,,,,,,,,,,,Peça,,
1249639814,ABASTECIMENTO NA BR DA CBA,04/11/2025,Custo-Cobrado Cliente,Cobrado do Cliente,,,,,0,,,"282,07",,,,,,,,,,,,,0,,,,,Veicular,Abastecimento,
1207534909,BUCHAS PARA TRATOR DO MARCIO FÁVARO,03/09/2025,Custo-Cobrado Cliente,Cobrado do Cliente,,,,,0,,,240,,,,,,,,,,,,,,,,,,Peça,,
1250365651,MASSA PLÁSTICA PARA TL,05/11/2025,Custo-Cobrado Cliente,Cobrado do Cliente,,,,,0,,,"18,89",,,,,,,,,,,,,,,,,,Ferramenta,,
1263506878,REVISÃO 250H STRONGER  3200,03/12/2025,Custo-Cobrado Cliente,Cobrado do Cliente,,,,,4.325,,,567,,,,,,,,,,,,,,,,,,Serviço de Terceiro,,
1268315098,"TROCA COMPRESSOR DE AR JEFERSSON, PARA O AIRTON RIBEIRO",15/12/2025,Custo-Cobrado Cliente,Cobrado do Cliente,,,,Airton Ribeiro,4.330,Jeferson Climatização,21,1.500,https://app.pipefy.com/storage/v1/signed/uploads/a7421883-e578-4d8d-b314-95a11461627f/AIRTONRIBEIRO.pdf?expires_on=1772801592&signature=R10EeE%2FPxHB%2FLNIZdw5kw5wkwW%2BMgnr5IOnlfX%2BGToI%3D,1.500,1268315098,,0,,,,,,,,,,,,,Serviço de Terceiro,,
1268331452,Troca do ventilador do condensador para o Fernando Basile,15/12/2025,Custo-Cobrado Cliente,Cobrado do Cliente,,,,Carlos Fernando Basile,4.315,Jeferson Climatização,20,1.250,https://app.pipefy.com/storage/v1/signed/uploads/9dcbeb1e-83fc-4000-82e9-e0e685b46736/FERNANDOBASILENFJEFERSON.pdf?expires_on=1772801592&signature=4vF2OB5YgrPdzzxvI1OTIgGaUcq%2BxzlYq4Ut1dV52B8%3D,"1.250,00",1268331452,,,,,,,,,,,,,,,Serviço de Terceiro,,
1269382913,Prensa Mangueira Antigone,17/12/2025,Custo-Cobrado Cliente,Cobrado do Cliente,,,,Antigone ,4.200,Landico,2.529,"91,22",https://app.pipefy.com/storage/v1/signed/uploads/6d996ec1-c745-4dfa-97e1-445e4c82c72e/PrensaManguieraAntigone.pdf?expires_on=1772801592&signature=WGsBf8L28qhQ18%2F9b4ZHIvO%2F1tGB3UmQO0RwIJ9q0NE%3D,100,1269382913,,,,,,,,,,,,,,,Serviço de Terceiro,,
1269407998,Prensa de magueira para o Tl CBA,17/12/2025,Custo-Cobrado Cliente,Cobrado do Cliente,,,,CBA,4.252,Landico,2.496,"22,99",https://app.pipefy.com/storage/v1/signed/uploads/9ce99a37-a5cf-40d1-be2e-2e3e71102f0c/PrensadeMangueiraparaoTldaCBA.tif?expires_on=1772801592&signature=FOpx4j08bR18hIutLr5hohT8XF2pKdgpnBWGmn0n3H4%3D,23,1269407998,,,,,,,,,,,,,,,Serviço de Terceiro,,
1269505267,Anel Oring NBR 2223,17/12/2025,Custo-Cobrado Cliente,Comercial,,,,,,,,,,,1269505267,Landico,"21,6",2670,https://app.pipefy.com/storage/v1/signed/uploads/6160f44a-65cd-475e-87ef-c10e7d819d84/AnelOringDaniloSouza.tif?expires_on=1772801592&signature=AECaQTVWJNxX8sC90zlNXOx%2B%2BDdYv0IFwJCU4rAbwDM%3D,,"Criada pelo Pós Vendas.
VENDA BALCÃO (BICUDO)
",,,,,,,,,Peça,,
1270952272,PAR MANOPLA,20/12/2025,Custo-Cobrado Cliente,Cobrado do Cliente,,,,MARQUES E SAN JUAN SOCIEDADE DE ADVOGADOS,4.088,Moto Sport,878,30,https://app.pipefy.com/storage/v1/signed/uploads/c1f1fa6a-2f70-4c19-abb8-197d49d31330/WhatsAppImage2025-12-20at11.26.02.jpeg?expires_on=1772801592&signature=uYs1NRnVrrAhRpn9V7re1EtqZKCummpfTtoYIln3Z7g%3D,60,1270952272,,,,,,,,,,,,,,,Serviço de Terceiro,,
1274458109,FILTRAGEM DO SISTEMA HIDRAULICO TRANSMISSÃO,29/12/2025,Custo-Cobrado Cliente,Cobrado do Cliente,,,,ANA SILLA,10.022,Rafael Pitoco,130,"1.138,80",https://app.pipefy.com/storage/v1/signed/uploads/416d9a1f-4d04-415b-aec6-98725360f9d8/WhatsAppImage2025-12-29at15.23.56.jpeg?expires_on=1772801592&signature=uc1tqTRG0qtNDw%2Fm1EwLZcK0KWGwOTlnS519Rr8Qy%2FE%3D,"1.138,80",1274458109,,,,,,Cobrado valor nota,,,,,,,,,Peça,,
1278354125,ARRUELA PARA EIXO DO SUPORTE FACA,07/01/2026,Custo-Cobrado Cliente,Cobrado do Cliente,,,,MARCELO FELIZARDO,4.472,Rodrigo Torneiro,,80,https://app.pipefy.com/storage/v1/signed/uploads/220fffb6-9cdc-4e29-a31c-98d124f5cf9f/WhatsAppImage2026-01-07at08.02.42.jpeg?expires_on=1772801592&signature=ED16dahDllJtRAXMKdau8lCw6Z6PYCuCNk6YazCcK7Q%3D,96,1278354125,Rodrigo Torneiro,80,,https://app.pipefy.com/storage/v1/signed/uploads/75ca9d72-9838-41ba-9ddc-9b31bfc9f32a/WhatsAppImage2026-01-07at08.02.42.jpeg?expires_on=1772801592&signature=myHJYa6pALBfjG4LjtaYwjygHTMolmaF9AohwwZRVfI%3D,,"(Valor teve que ser atualizado, por que teve que ser feito de outro jeito)",,,,,,,,,Serviço de Terceiro,,
1285214922,SERVIÇO DE LIMPEZA E SOLDA DE RADIADOR TRATOR MAHINDRA,21/01/2026,Custo-Cobrado Cliente,Cobrado do Cliente,,,,CELSO CAMARGO GUAZZO E OUTRA,4.405,Radiadores Amantini,22.511,350,https://app.pipefy.com/storage/v1/signed/uploads/bebb3584-6c14-4e9c-8948-5fcf1637ca19/WhatsAppImage2026-01-21at15.22.18.jpeg?expires_on=1772801592&signature=peXOpEVpXB3mjYvXZLwPV0r5RrVGKnPP4644s5DHr0o%3D,420,1285214922,,,,,,,,,,,,,,,Serviço de Terceiro,,
1285831475,DISCO DE FRICÇÃO PARA SERVIÇO CARDAN ,22/01/2026,Custo-Cobrado Cliente,Cobrado do Cliente,,,,ALFREDO ANGELO SONCINI FILHO,4.508,Flavio Garrote Wolf,Número orçamento: 007693,32,https://app.pipefy.com/storage/v1/signed/uploads/9dca1905-4f67-43a1-bea0-2f89e9273cc8/WhatsAppImage2026-01-22at13.37.00.jpeg?expires_on=1772801592&signature=2y1J8WbyTG87z9s4DCk1GiQUB%2FGrCbyuTTqeJk%2BHazc%3D,40,1285831475,,,,,,,,,,,,,,,Peça,,
1285840516,AR CONDICIONADO CABINE ,22/01/2026,Custo-Cobrado Cliente,Cobrado do Cliente,,,,Angelo André Dognani,4.509,Jefferson Jose Firmino,31,1.680,"https://app.pipefy.com/storage/v1/signed/uploads/2dfa0193-a61e-4abd-954b-09f9c033e6a7/NFDANFE31.jpeg?expires_on=1772801592&signature=7p9ZY6cw%2FNkrXxWrG8IvuJ1MRc0ytjF6dBPYNFGqsn0%3D, https://app.pipefy.com/storage/v1/signed/uploads/1a21bdc3-1e0d-4dcd-83e8-e669a5e3c53a/BOLETONFDANFE31.jpeg?expires_on=1772801592&signature=rtX%2B6n6Vj7%2BR%2FODgdOnOxerdMS4N5OwzEFM53vnk%2FOM%3D",2.000,1285840516,,,,,,,,,,,,,,,Serviço de Terceiro,,
1287130523,Lâmpada para trator Maysa,24/01/2026,Custo-Cobrado Cliente,Cobrado do Cliente,,,,Maysa Cristine,4.491,Walter Auto Elétrica,,150,https://app.pipefy.com/storage/v1/signed/uploads/036b7e62-85f0-4b30-9a8a-c1573fb5c9b7/8e06ceb3.ReqFotoNota.182317.jpg?expires_on=1772801592&signature=9eS1TT74wio43t9oqbXRYLJW9L8L%2FO6%2B5X1mWLLvtp8%3D,,1287130523,,,,,,Cobrado a mais na OS,,,,,,,,,Peça,,
1281121654,TROCAR BUCHA EIXO ESTRIADO JIVO,13/01/2026,Custo-Cobrado Cliente,Consumo Oficina,,,,JOSÉ CARLOS FERNANDES,4.380,Rodrigo Torneiro,145,120,,150,1281121654,Rodrigo Torneiro,120,145,,,REQUISIÇÃO CRIADA PELO PÓS-VENDAS,,,,,,,,,Serviço de Terceiro,,
1292580499,SERVIÇO TRATOR OLINTO,03/02/2026,Custo-Cobrado Cliente,Cobrado do Cliente,,,,OLINTO ARRUDA FAZ SÃO DOMINGUES,4.571,Barrado,90.118,19,https://app.pipefy.com/storage/v1/signed/uploads/b4afba20-dbe7-427f-9942-b3870eb9ba47/WhatsAppImage2026-02-03at14.33.50.jpeg?expires_on=1772801592&signature=Afn9aLbF%2F278Nb%2FZ73VEa5evkX1GXdQP%2FeIZ8ZaB87o%3D,30,1292580499,,,,,,Técnico não seguiu o protocolo,,,,,,,,,Peça,,
1293995681,SERVIÇO MANUTENÇÃO TL 95,05/02/2026,Custo-Cobrado Cliente,Cobrado do Cliente,,,,LUIZ TEBET,,Landico,3.054,354,https://app.pipefy.com/storage/v1/signed/uploads/e190c24c-4e4b-48da-a949-c41f9e854173/WhatsAppImage2026-02-05at17.49.09.jpeg?expires_on=1772801592&signature=uSkC%2FlD8b8XjAWMCmGD4O5PjLXooAIkDJDxa7dUfzk8%3D,400,1293995681,,,,,,"SEM OS, POIS TÉCNICO AINDA ESTA FAZENDO SERVIÇO, MANUTENÇÃO DA PORTA DA CABINE",,,,,,,,,Serviço de Terceiro,,
1294247485,BOMBA TRANSMISSÃO E PONTEIRA DA BARRA,06/02/2026,Custo-Cobrado Cliente,GARANTIA,,,,Carlos Rogério Fernandes,4.381,Rafael Pitoco,131,904,https://app.pipefy.com/storage/v1/signed/uploads/b1d159b2-91e2-4a50-a8b8-d05a56c673a9/355380722503220160001990000000000131260113312435293.pdf?expires_on=1772801592&signature=ZIkFwtrqgpAcdxFMA8vNMxv7Ea0yrWt0rBpx3nVspA4%3D,1.200,1294247485,,,,,,COBRADO DA FÁBRICA ESSE VALOR EM CIMA DE HORA TRABALHADA E KM,,,,,,,,,Serviço de Terceiro,,
1294433312,REVISÃO 500H STRONGER 3200HD,06/02/2026,Custo-Cobrado Cliente,Cobrado do Cliente,,,,CARLOS ROGERIO FERNANDEZ,4.594,Rafael Pitoco,137,1.117,https://app.pipefy.com/storage/v1/signed/uploads/18b87ad3-76b1-42bc-b3cf-5931cf7dadc1/WhatsAppImage2026-02-06at14.51.311.jpeg?expires_on=1772801592&signature=j06DvScbwK4JF7eSU384fhdHYtcoWtc%2BnTF%2BEaNG4Xo%3D,"1.561,20",1294433312,,,,,,"Realizado revisão no Stronger 3200 HD
Técnico externo: Rafael Douglas",,,,,,,,,Serviço de Terceiro,,
1293867429,DIMINUIR MEDIDA DA BUCHA DO CUBO,05/02/2026,Custo-Cobrado Cliente,Cobrado do Cliente,,,,THEODORUS SWART,4.541,Rodrigo Torneiro,150,30,,30,1293867429,Rodrigo Torneiro,30,,,,"Técnico não seguiu protocolo
",,,,,,,,,Serviço de Terceiro,,
1290579519,ELETRODO PARA SOLDAR EQUIPAMENTO CASALE,29/01/2026,Custo-Cobrado Cliente,Cobrado do Cliente,,,,FAZENDA BOA ESPERANÇA - FRUTAP,4.538,KMS Ferramentas,1.762,"72,8",https://app.pipefy.com/storage/v1/signed/uploads/0f600357-dc06-4cf4-a1c3-acbf2e54aa5c/fdd18fac.ReqFotoNota.1606111.jpg?expires_on=1772801592&signature=rY6bG0Ov3gDncLu8uv4vlIWmP91T7qnq%2BrhADbAgURM%3D,798,1290579519,KMS Ferramentas,72,38202,https://app.pipefy.com/storage/v1/signed/uploads/aa2ba7e6-fa4e-41f2-afe9-9400d10df1a4/fdd18fac.ReqFotoNota.1606111.jpg?expires_on=1772801592&signature=yDmm64LRmlAHGyrO7IG79RIhxGXRZKNZa9mlOIMsxSw%3D,,FÁBRICA CASALE PAGOU,,,,,,,,,Peça,,
1285876900,SACADOR KIT EMBREAGEM QUADRICICLO,22/01/2026,Custo-Cobrado Cliente,Consumo Oficina,,,,COMFORT,3.815,Rodrigo Torneiro,,240,https://app.pipefy.com/storage/v1/signed/uploads/b4ea6126-47ef-4ab4-9bac-0ac0981a112d/WhatsAppImage2026-01-22at14.38.16.jpeg?expires_on=1772801592&signature=bTmgwuAiJdIPiwjWdO3Jc3DZLRrAx3DIBxeoP3OCgfk%3D,320,1285876900,Rodrigo Torneiro,240,147,https://app.pipefy.com/storage/v1/signed/uploads/cb27e51d-4145-4b0a-9a5b-7b894ae487e4/WhatsAppImage2026-01-22at14.38.16.jpeg?expires_on=1772801592&signature=YoOthhrPP8V4ggbmz16V5H6pfqiR94SQj0iPyzgsGts%3D,,COBRADO EM HORAS TRABALHADAS A VENTURA,,,,,,,,,Serviço de Terceiro,,
1285953281,FAZER DOIS CALÇOS SISTEMA VAGÃO HARAMAQ,22/01/2026,Custo-Cobrado Cliente,Consumo Oficina,,,,EVANDRO APARECIDO LEITE BORANELLI,4.132,Rodrigo Torneiro,130,80,https://app.pipefy.com/storage/v1/signed/uploads/9ccb14a1-8c4c-4bb0-a062-fe36329c7792/nf130.pdf?expires_on=1772801592&signature=U56pnTEnHUeR9fZ1pQgE52EJb2BA7K9K9HYBE7jqqaM%3D,110,1285953281,Rodrigo Torneiro,80,130,https://app.pipefy.com/storage/v1/signed/uploads/94e5edf8-f32f-4ec7-808a-d690a4d4fc0b/nf130.pdf?expires_on=1772801592&signature=gAZP6Qaj5NHvH24P3fpf2oeL3LbrQZzrC0g%2FsmfZAFQ%3D,,,,,,,,,,,Serviço de Terceiro,,
1281949581,PORTA ELETRODO,14/01/2026,Custo-Cobrado Cliente,Consumo Oficina,,,,CARLOS FERNANDO BASILE,4.364,KMS Ferramentas,,83,,110,1281949581,KMS Ferramentas,"82,6",,https://app.pipefy.com/storage/v1/signed/uploads/86718169-6c5a-4a85-894c-8d756f0fdefc/79501ea4.ReqFotoNota.195450.jpg?expires_on=1772801592&signature=F%2FRCoBnwLUbfL0Hvx7G17KWkZvUWHHihZZRf9cnum3o%3D,,cobrado em peças,,,,,,,,,Ferramenta,,
1294684528,BUCHA NYLON BIPARTIDA VOLANTE QUADRICICLO,07/02/2026,Custo-Cobrado Cliente,Consumo Oficina,,,,COMFORT,4.550,Rodrigo Torneiro,150,140,https://app.pipefy.com/storage/v1/signed/uploads/2ca9c81c-3bf2-4f4a-bb2b-d9373f28e262/WhatsAppImage2026-02-07at08.52.14.jpeg?expires_on=1772801592&signature=JSz4%2BPqK4WCJuRV8nVv0Q8LOUUjxgdW2%2FdHzOh2VkI4%3D,360,1294684528,Rodrigo Torneiro,140,150,https://app.pipefy.com/storage/v1/signed/uploads/09eced5c-9f49-4799-9326-2f049ebb936f/WhatsAppImage2026-02-07at08.52.14.jpeg?expires_on=1772801592&signature=z%2Bk7ykhubyMyKtixbfMuof%2BX%2FEs2agb53ZGjaaaHWCc%3D,,Feito bucha nylon bipartida para volante quadriciclo,,,,,,,,,Serviço de Terceiro,,
1281273683,DESMONTAGEM DO PNEU STRONGER HD,13/01/2026,Custo-Cobrado Cliente,Comercial,,,,KUHN,4.603,Borracharia Miguel,,600,https://app.pipefy.com/storage/v1/signed/uploads/f3081ed3-f9d5-4253-b8a7-69c1c8c0059e/WhatsAppImage2026-01-13at16.21.52.jpeg?expires_on=1772801592&signature=2PJcU0DRuYcwXxWypwGww8ZB0r4lfmtr9DSsQoQVwaM%3D,600,1281273683,Borracharia Miguel,600,,https://app.pipefy.com/storage/v1/signed/uploads/4057d374-5ac0-4df8-8a4a-d27215127dd0/WhatsAppImage2026-01-13at16.21.52.jpeg?expires_on=1772801592&signature=j%2F5cv1eQ3GbumkwBMGi323X9Kl1kVoqi%2BoYtBCDPko0%3D,,,,,,,,,,,Serviço de Terceiro,,
1281119489,SOLDA E RETIRADA DE 3 PARAFUSOS DO BLOCO DO MOTOR - PULVERIZADOR KUHN,13/01/2026,Custo-Cobrado Cliente,Consumo Oficina,,,,CARLOS ROGÉRIO FERNANDES,4.342,Rodrigo Torneiro,,290,,290,1281119489,Rodrigo Torneiro,290,146,,,"REQUISIÇÃO CRIADA PELO PÓS-VENDAS
KUHN PAGOU PEÇAS PAGAMOS APENAS MÃO DE OBRA.
GARANTIA DADO AO CLIENTE
OS: 4342",,,,,,,,,Serviço de Terceiro,,
1278360569,PARAFUSO ROÇADEIRA FRUTAP,07/01/2026,Custo-Cobrado Cliente,Consumo Oficina,,,,FAZENDA BOA ESPERANÇA - FRUTAP,4.554,Koba Parafusos,,"10,3",https://app.pipefy.com/storage/v1/signed/uploads/ec498845-58b3-4616-835d-a3fc0871a7a5/fa55b6c0.ReqFotoNota.204522.jpg?expires_on=1772801592&signature=alcIRJDVuejB397U9VVJdcBb%2FOg22uHWmUL37bwXg0w%3D,"15,30",1278360569,Koba Parafusos,"10,3",,https://app.pipefy.com/storage/v1/signed/uploads/073e6274-75a3-4456-b3b4-652813cece53/fa55b6c0.ReqFotoNota.204522.jpg?expires_on=1772801592&signature=LoyrUThNrtD2Aj6OPU1QcLVbuNf4n77408edAh3abXU%3D,,,,,,,,,,,Peça,,
1277685622,VAZAMENTO,06/01/2026,Custo-Cobrado Cliente,Cobrado do Cliente,,,,TONINHO BISCOITO,4.321,Landico,,"74,64",https://app.pipefy.com/storage/v1/signed/uploads/b71528e1-4e3b-4cc1-950b-19a92bd42f09/0fe7c706.ReqFotoNota.173001.jpg?expires_on=1772801592&signature=e%2F%2BZ1Ty9aEOGyJ%2BLekKH7QtD1Dp%2Faydg8gPS3GbRVjw%3D,75,1277685622,Landico,"74,64",,https://app.pipefy.com/storage/v1/signed/uploads/0205eedc-635e-4dec-a0ed-ca95a5311645/0fe7c706.ReqFotoNota.173001.jpg?expires_on=1772801592&signature=zIYT%2Bei8rhu70L4u8k2yuT%2Ff%2F3%2F187RBIJ2pCCPfmqc%3D,,cobrado da fábrica,,,,,,,,,Serviço de Terceiro,,
1275639272,TERMINAL QUEBRADO,02/01/2026,Custo-Cobrado Cliente,Consumo Oficina,,,,JOSE ADILSON DE LIMA,4.494,Rodrigo Torneiro,,90,https://app.pipefy.com/storage/v1/signed/uploads/88c64237-d314-4f9e-8d09-5a626c6a2142/6ac84fff.ReqFotoNota.135949.jpg?expires_on=1772801592&signature=bvtR7%2BVxdXGvmo%2BXmGljBksrx8sP1O1t%2BxA1byVQXVg%3D,110,1275639272,Rodrigo Torneiro,90,,https://app.pipefy.com/storage/v1/signed/uploads/7550059b-3c94-4de5-8046-2815e7e4b782/6ac84fff.ReqFotoNota.135949.jpg?expires_on=1772801592&signature=e2PPBr4hNq8zat3MG12L4nSiQfJHAUNZ%2F0LASl5KAHc%3D,,,,,,,,,,,Serviço de Terceiro,,
1284143579,CONSERTO DE VAZAMENTO,19/01/2026,Custo-Cobrado Cliente,Consumo Oficina,,,,MARIA BEATRIZ NAVARRO RIBEIRO COSTACURTA,4.430,Barrado,,176,https://app.pipefy.com/storage/v1/signed/uploads/8c3f1f48-fd59-4a2f-b06f-c59ee0755609/d59e54a6.ReqFotoNota.2034502.jpg?expires_on=1772801592&signature=mk4yqdGa6J%2BionIrFcVGSy6eTC6wglpf%2F8haCcSPvOA%3D,176,1284143579,Barrado,176,,https://app.pipefy.com/storage/v1/signed/uploads/5a638108-ec62-4579-9da1-8b14013939e0/d59e54a6.ReqFotoNota.203450.jpg?expires_on=1772801592&signature=azK%2BM%2B9AC2mrtit8zTjMiVp1jDsiMnUFgwomZFAjCUo%3D,,fábrica irá pagar essas peças,,,,,,,,,Serviço de Terceiro,,
1293819979,ANEL ORING NICOLAS,05/02/2026,Custo-Cobrado Cliente,Consumo Oficina,,,,OCTAVIANO RAYMUNDO CAMARGO SILVA,4.536,Landico,2.951,12,https://app.pipefy.com/storage/v1/signed/uploads/43fee2bc-811c-43ab-838e-58df0f26e5fd/WhatsAppImage2026-02-05at14.16.35.jpeg?expires_on=1772801592&signature=Pb1h8HLekIdnEeyT1xENg34lcnnOcWaafP9DZbkB%2Bpg%3D,16,1293819979,Landico,12,2951,https://app.pipefy.com/storage/v1/signed/uploads/4f5711a3-2e2b-4bd9-b8d4-8bfab1183417/WhatsAppImage2026-02-05at14.16.35.jpeg?expires_on=1772801592&signature=Z0ocNjaJSYBIiYK7XXjPwXBV3RucEHEAJgz1iOuCLw8%3D,NÃO,"2 Anel Oring NBR 70 SHORE 2023
Cliente: Octaviano
Motor hidraulico tanque inoculante",,,,,,,,,Peça,,
1293864369,EIXO GUIA DE CONJUNTO DE CRUZETA PARA FAZER MONTAGEM DA INSILADEIRA,05/02/2026,Custo-Cobrado Cliente,GARANTIA,,,,CASALE,4.554,Rodrigo Torneiro,,280,,280,1293864369,Rodrigo Torneiro,280,,,,FÁBRICA PAGOU SERVIÇO DE TERCEIRO,,,,,,,,,Serviço de Terceiro,,
1291972729,FEITO FUROS COM ROSCA NO CARDAN PARA USAR DE TRAVA,02/02/2026,Custo-Cobrado Cliente,GARANTIA,,,,FAZENDA BOA ESPERANÇA - FRUTAP,4.554,Rodrigo Torneiro,146,90,,90,1291972729,Rodrigo Torneiro,90,146,,,"FEITO 2 FUROS COM ROSCA EM LUVA DO CARDAN PARA USAR DE TRAVA
Garantia, será pago pela Fábrica CASALE.
Cliente: Frutap Fazenda Boa Esperança - Colhedora CFC 1800
",,,,,,,,,Serviço de Terceiro,,
1296833157,MANUTENÇÃO AR CONDICIONADO MARIA BEATRIZ,12/02/2026,Custo-Cobrado Cliente,Consumo Oficina,,,,MARIA BEATRIZ NAVARRO RIBEIRO COSTACURTA,4.376,Jeferson Climatização,38,500,https://app.pipefy.com/storage/v1/signed/uploads/39d032f4-2ca0-4385-8854-09137ec9cf39/NF-38.pdf?expires_on=1772801592&signature=2XscQyM55sCO8WFgypOBtrVJHxN%2FzYk3WC3SYbuIXR0%3D,500,1296833157,,,,,,FÁBRICA PAGARÁ EM GARANTIA,,,,,,,,,Serviço de Terceiro,,
1296236454,6 Parafuso 16 MM para o Adnei Veiga,11/02/2026,Custo-Cobrado Cliente,Cobrado do Cliente,,,,NEIDE APARECIDA,70,Koba Parafusos,SEM N°NF,"4,2",https://app.pipefy.com/storage/v1/signed/uploads/2f1be384-0557-4001-a007-23e480081c8c/WhatsAppImage2026-02-13at14.24.49.jpeg?expires_on=1772801592&signature=F5ejOrSBeWAgfklgyF7nAi3cvcoecYz7XEoNGFJXR7w%3D,10,1296236454,Koba Parafusos,"4,2",SEM N°  NF,https://app.pipefy.com/storage/v1/signed/uploads/a9ce1e24-bd01-4a36-8cd3-4292ea1635ec/WhatsAppImage2026-02-13at14.24.49.jpeg?expires_on=1772801592&signature=dU%2BJ6kp83aIsgBUIZQffkNJAQkamY2ZuRGtFVNe2cDc%3D,NÃO,"CLIENTE; NEIDE APARECIDA
REV 2700H
PEGO PARAFUSOS",,,,,,,,,Peça,,
1296230908,Rele Auxiliar Para o Jose Tarcisio Faulim,11/02/2026,Custo-Cobrado Cliente,Cobrado do Cliente,,,,JOSE TARCISIO FAULIM,4.613,Walter Auto Elétrica,78.156,19,https://app.pipefy.com/storage/v1/signed/uploads/05821e56-1714-4174-9426-5700f90d3635/WhatsAppImage2026-02-13at16.50.44.jpeg?expires_on=1772801592&signature=H9XxIJ%2Fc%2BZzK9EgHtle%2Fgoa1GjgITVcMhdsSerD%2BCeQ%3D,25,1296230908,,,,,,"Rele auxiliar R$14,50
conector R$ 4,50",,,,,,,,,Peça,,
1300752748,PARAFUSO PARA TRATOR ADNEI,21/02/2026,Custo-Cobrado Cliente,Cobrado do Cliente,,,,NEIDE APARECIDA,4.622,Koba Parafusos,SEM N° NF,46,https://app.pipefy.com/storage/v1/signed/uploads/65db7e9d-0ede-491c-a14b-ff7ab6a4324a/WhatsAppImage2026-02-21at08.27.13.jpeg?expires_on=1772801592&signature=kk6wK0MDaILgtQe%2F%2FwfTtHJqiY4i9qLblnzzzz%2FfWaY%3D,46,1300752748,Koba Parafusos,0,,,,"Pego parafuso para uso no trator 6075
Revisão de 2700h",,,,,,,,,Peça,,
1300071199,Lima Rotativa e Limite para Engraxar (Serviço Edmar Bernardes),20/02/2026,Custo-Cobrado Cliente,GARANTIA,,,,EDMAR JOSE BERNARDES,4.656,KMS Ferramentas,38.954,99,https://app.pipefy.com/storage/v1/signed/uploads/29afbe15-b69e-4114-b0b7-429f2ef36348/WhatsAppImage2026-02-20at16.47.28.jpeg?expires_on=1772801592&signature=ixw7UEpx%2B%2F43DweXfSno1fBhugZ5jxxi4Ows556GrRU%3D,99,1300071199,KMS Ferramentas,"98,7",38954,https://app.pipefy.com/storage/v1/signed/uploads/f37e30b0-cf25-4703-94e4-04bebf323bbf/WhatsAppImage2026-02-20at16.47.28.jpeg?expires_on=1772801592&signature=3LFifZiAQM8GazGUY2dYZQnQI5oonDz8dND%2FoIXRaZI%3D,NÃO,COBRADO DA FÁBRICA(TRATOR EM BANCO AINDA),,,,,,,,,Ferramenta,,
1303336572,OLHAL PARA SERVIÇO TRATOR CORCOVIA,24/02/2026,Custo-Cobrado Cliente,Consumo Oficina,,,,ADRIANO CORCOVIA,4.663,Barrado,90.687,12,https://app.pipefy.com/storage/v1/signed/uploads/35495a38-ef02-4ccf-afcf-563d0c77d7fb/WhatsAppImage2026-02-24at17.14.59.jpeg?expires_on=1772801592&signature=v9u786Q7SVdnp4%2FtHoue4scs2bE1nAYuWe84Nn8WwXA%3D,15,1303336572,Barrado,0,,,,Pego Olhal 14x11,,,,,,,,,Peça,,
1304700547,ABRAÇADEIRA E MANGUEIRA ANA SILLA,26/02/2026,Custo-Cobrado Cliente,Cobrado do Cliente,,,,ANA SILLA,4.672,Barrado,90.778,155,https://app.pipefy.com/storage/v1/signed/uploads/0f700a5f-c70f-4284-a31e-ab4eb7c08f38/WhatsAppImage2026-02-26at13.54.47.jpeg?expires_on=1772801592&signature=i3C4KeodeFeVTK%2Fq1CJYWL4IsqQpWG6U1WIxrM7IINc%3D,185,1304700547,,,,,,"Pego:
Abraçadeira R$35,00
Mangueira R$120,00",,,,,,,,,Peça,,
1309223905,PRENSA DE MANGUEIRA E PARAFUSOS,04/03/2026,Custo-Cobrado Cliente,Cobrado do Cliente,,,,JEFERSON MOACYR FAULIM,4.697,Landico,3.211,"69,86","https://app.pipefy.com/storage/v1/signed/uploads/e2391269-758b-47cc-a893-cd60f1f3f41f/hkey8.jpeg?expires_on=1772801593&signature=X94FA47d5DbtmxMvMQjkiOW3NW11ks85atolvEYivpY%3D, https://app.pipefy.com/storage/v1/signed/uploads/0382a277-567a-4cb1-869c-91c3977cdf01/hn3jcy.jpeg?expires_on=1772801593&signature=fglqiqKKy1WPOI%2FNe4RsQytx2TITxRF5fzbuo6yfGxY%3D",96,1309223905,,,,,,"LANDICO E KOBA
PARLOCK
MANGUEIRA
OLHAL
CAPA 1 TRAMA",,,,,,,,,Serviço de Terceiro,,
1309245964,TROCA DE PNEU DIANTEIRO TT75F,04/03/2026,Custo-Cobrado Cliente,Cobrado do Cliente,,,,BENEDITO PEREIRA DE ARRUDA,4.621,Borracharia Móvel,200,100,https://app.pipefy.com/storage/v1/signed/uploads/e17d0b8b-4c66-4bd3-a68d-dd1c6386ccdb/r8phet.jpeg?expires_on=1772801593&signature=7CcRD54BIhi7091MmBicKCn%2FWl41CU6XgtivrKZ2qe0%3D,100,1309245964,,,,,,Feito troca de pneu dianteiro,,,,,,,,,Serviço de Terceiro,,
1064247028,Reparo no 2025 com conjunto,21/01/2025,Despesa- Concluida,,,,,,,,,,,,,,,,,,,,,,,,,,,Ferramenta,,
1064724230,ALMOÇO TIO TOCO,22/01/2025,Despesa- Concluida,Consumo Oficina,,,,,,,,,,,,,,,,,,,,,,,,,,Alimentação,,
1065326082,ALMOÇO TIO TOCO,23/01/2025,Despesa- Concluida,Consumo Oficina,,,,,,,,,,,,,,,,,,,,,,,,,,Alimentação,,
1065427574,ALMOÇO TIO TOCO,23/01/2025,Despesa- Concluida,Consumo Oficina,,,,,,,,,,,,,,,,,,,,,,,,,,Alimentação,,
1065895988,ABASTECIMENTO CARRO PESSOAL MECÂNICO ELIAS ,24/01/2025,Despesa- Concluida,,,,,,,,,,,,,,,,,,,,,,,,,,,Veicular,Abastecimento,
1065474112,ABASTECIMENTO ,23/01/2025,Despesa- Concluida,,,,,,,,,,,,,,,,,,,,,,,,,,,Veicular,Abastecimento,
1065962010,ALMOÇO TIO TOCO ,24/01/2025,Despesa- Concluida,Consumo Oficina,,,,,,,,,,,,,,,,,,,,,,,,,,Alimentação,,
1066219649,SERVIÇO DE TORNO,24/01/2025,Despesa- Concluida,,,,,,,,,,,,,,,,,,,,,,,,,,,Serviço de Terceiro,,
1066449294,ABASTECIMENTO ,25/01/2025,Despesa- Concluida,,,,,,,,,,,,,,,,,,,,,,,,,,,Veicular,Abastecimento,
1067060453,ABASTECIMENTO ,27/01/2025,Despesa- Concluida,,,,,,,,,,,,,,,,,,,,,,,,,,,Veicular,Abastecimento,
1067073391,ÓLEO MOTOR,27/01/2025,Despesa- Concluida,,,,,,,,,,,,,,,,,,,,,,,,,,,Veicular,Manutenção,
1067392031,ABASTECIMENTO ,27/01/2025,Despesa- Concluida,,,,,,,,,,,,,,,,,,,,,,,,,,,Veicular,Abastecimento,
1068037600,ABASTECIMENTO ,28/01/2025,Despesa- Concluida,,,,,,,,,,,,,,,,,,,,,,,,,,,Veicular,Abastecimento,
1067756243,ABASTECIMENTO,28/01/2025,Despesa- Concluida,,,,,,,,,,,,,,,,,,,,,ATJ6211,,,,,,Veicular,Abastecimento,
1068533490,ABASTECIMENTO,29/01/2025,Despesa- Concluida,,,,,,,,,,,,,,,,,,,,,,,,,,,Veicular,Abastecimento,
1067064233,ABASTECIMENTO ,27/01/2025,Despesa- Concluida,,,,,,,,,,,,,,,,,,,,,,,,,,,Veicular,Abastecimento,
1068128568,ELETRODOS ,28/01/2025,Despesa- Concluida,,,,,,,,,,,,,,,,,,,,,,,,,,,Ferramenta,,
1069627282,ABASTECIMENTO ,30/01/2025,Despesa- Concluida,,,,,,,,,,,,,,,,,,,,,,,,,,,Veicular,Abastecimento,
1069621119,ABASTECIMENTO ,30/01/2025,Despesa- Concluida,,,,,,,,,,,,,,,,,,,,,EVG1E67,,,,,,Veicular,Abastecimento,
1069547835,GASOLINA LAVAGEM DO TANQUE ,30/01/2025,Despesa- Concluida,,,,,,,,,,,,,,,,,,,,,,,,,,,Veicular,Outros,
1070080983,DIESEL ,31/01/2025,Despesa- Concluida,,,,,,,,,,,,,,,,,,,,,,,,,,,Peça,,
1070223005,COIFA CÂMBIO CAMINHÃO ,31/01/2025,Despesa- Concluida,,,,,,,,,,,,,,,,,,,,,,,,,,,Veicular,Manutenção,
1070241331,5 PARAFUSO,31/01/2025,Despesa- Concluida,,,,,,,,,,,,,,,,,,,,,,,,,,,Peça,,
1069258695,ABASTECIMENTO ,30/01/2025,Despesa- Concluida,,,,,,,,,,,,,,,,,,,,,,,,,,,Veicular,Abastecimento,
1070510369,PARAFUSO,01/02/2025,Despesa- Concluida,,,,,,,,,,,,,,,,,,,,,,,,,,,Peça,,
1070516140,ABASTECIMENTO ,01/02/2025,Despesa- Concluida,,,,,,,,,,,,,,,,,,,,,,,,,,,Veicular,Abastecimento,
1071086400,MACHO ,03/02/2025,Despesa- Concluida,,,,,,,,,,,,,,,,,,,,,,,,,,,Peça,,
1065423452,Manutenção Fox branco EPX-5406,23/01/2025,Despesa- Concluida,,,,,,,,,,,,,,,,,,,,,EPX5402,,,,,,Veicular,Manutenção,
1071088587,ABASTECIMENTO FXM4G90,03/02/2025,Despesa- Concluida,,,,,,,,,,,,,,,,,,,,,,,,,,,Veicular,Abastecimento,
1072120657,ABASTECIMENTO ,04/02/2025,Despesa- Concluida,Comercial,,,,,,,,,,,,,,,,,,,,,,,,,,Veicular,Abastecimento,
1072237205,ABASTECIMENTO QUADRICICLO,04/02/2025,Despesa- Concluida,Comercial,,,,,,,,,,,,,,,,,,,,,,,,,,Veicular,Abastecimento,
1072781262,CONSERTO PNEU CAMINHÃO ,05/02/2025,Despesa- Concluida,Comercial,,,,,,,,,,,,,,,,,,,,,,,,,,Serviço de Terceiro,,
1072785774,CHAVE DE TANQUE ,05/02/2025,Despesa- Concluida,Consumo Oficina,,,,,,,,,,,,,,,,,,,,,,,,,,Serviço de Terceiro,,
1072755277,PRENSAR MANGUEIRA ,05/02/2025,Despesa- Concluida,Cobrado do Cliente,,,,,,,,,,,,,,,,,,,,,,,,,,Serviço de Terceiro,,
1071875858,ABASTECIMENTO ,04/02/2025,Despesa- Concluida,Consumo Oficina,,,,,,,,,,,,,,,,,,,,,,,,,,Veicular,,
1073429530,ABASTECIMENTO DO QUADRICICULO,06/02/2025,Despesa- Concluida,"Evento, Comercial",,,,,,,,,,,,,,,,,,,,,,,,,,Veicular,Abastecimento,
1073876426,ELETRODO,07/02/2025,Despesa- Concluida,Consumo Oficina,,,,,,,,,,,,,,,,,,,,,,,,,,Ferramenta,,
1073912035,TEK BOND,07/02/2025,Despesa- Concluida,Consumo Oficina,,,,,,,,,,,,,,,,,,,,,,,,,,Ferramenta,,
1074067611,TINTA PARA PULVERIZADOR MAX FORT ,07/02/2025,Despesa- Concluida,Comercial,,,,,,,,,,,,,,,,,,,,,,,,,,Ferramenta,,
1073100898,ABASTECIMENTO ,06/02/2025,Despesa- Concluida,Consumo Oficina,,,,,,,,,,,,,,,,,,,,,,,,,,Veicular,Abastecimento,
1072005225,ALMOÇO TIO TOCO,04/02/2025,Despesa- Concluida,Consumo Oficina,,,,,,,,,,,,,,,,,,,,,,,,,,Alimentação,,
1074058176,DISCO DE CORTE E CHAVE ALLEN  7MM,07/02/2025,Despesa- Concluida,Consumo Oficina,,,,,,,,,,,,,,,,,,,,,,,,,,Ferramenta,,
1071080045,CONSERTO CARRO DLZ1967,03/02/2025,Despesa- Concluida,,,,,,,,,,,,,,,,,,,,,,,,,,,Veicular,Manutenção,
1071111839,CONSERTO CARRO ATJ-6211,03/02/2025,Despesa- Concluida,Frota,,,,,,,,,,,,,,,,,,,,ATJ6211,,,,,,Veicular,Manutenção,
1071147259,PESTANA DO VIDRO DA PORTA ,03/02/2025,Despesa- Concluida,Frota,,,,,,,,,,,,,,,,,,,,ATJ6211,,,,,,Veicular,Manutenção,
1074075310,CUBO DE RODA DA CARRETINHA DO ZÉ ANGELO ,07/02/2025,Despesa- Concluida,Comercial,,,,,,,,,,,,,,,,,,,,,,,,,,Peça,,
1074515210,DIESEL PARA ABASTECIMENTO TRATOR DO ESTOQUE ,08/02/2025,Despesa- Concluida,Comercial,,,,,,,,,,,,,,,,,,,,,,,,,,Veicular,Abastecimento,
1075166407,TINTA,10/02/2025,Despesa- Concluida,Consumo Oficina,,,,,,,,,,,,,,,,,,,,,,,,,,Ferramenta,,
1075168971,DIESEL ,10/02/2025,Despesa- Concluida,Comercial,,,,,,,,,,,,,,,,,,,,,,,,,,Veicular,Abastecimento,
1075268098,GASOLINA ,10/02/2025,Despesa- Concluida,Comercial,,,,,,,,,,,,,,,,,,,,,,,,,,Veicular,Outros,
1075154763,ABASTECIMENTO ,10/02/2025,Despesa- Concluida,Consumo Oficina,,,,,,,,,,,,,,,,,,,,ATJ6211,,,,,,Veicular,Abastecimento,
1074518227,ABASTECIMENTO ,08/02/2025,Despesa- Concluida,Comercial,,,,,,,,,,,,,,,,,,,,EVG1E67,,,,,,Veicular,Abastecimento,
1075147089,ABASTECIMENTO ,10/02/2025,Despesa- Concluida,Consumo Oficina,,,,,,,,,,,,,,,,,,,,,,,,,,Veicular,Abastecimento,
1075402490,ABASTECIMENTO ,10/02/2025,Despesa- Concluida,Consumo Oficina,,,,,,,,,,,,,,,,,,,,,,,,,,Veicular,Abastecimento,
1075403990,DIESEL ,10/02/2025,Despesa- Concluida,Comercial,,,,,,,,,,,,,,,,,,,,,,,,,,Veicular,Abastecimento,
1075416391,ANEL DE VEDAÇÃO ,10/02/2025,Despesa- Concluida,Consumo Oficina,,,,,,,,,,,,,,,,,,,,,,,,,,Peça,,
1075880122,GASOLINA ,11/02/2025,Despesa- Concluida,Cobrado do Cliente,,,,,,,,,,,,,,,,,,,,,,,,,,Veicular,Manutenção,
1075911376,ABASTECIMENTO ,11/02/2025,Despesa- Concluida,Consumo Oficina,,,,,,,,,,,,,,,,,,,,,,,,,,Veicular,Abastecimento,
1076629638,LIMITE E MACHO ,12/02/2025,Despesa- Concluida,Consumo Oficina,,,,,,,,,,,,,,,,,,,,,,,,,,Peça,,
1076622494,ABASTECIMENTO ,12/02/2025,Despesa- Concluida,Consumo Oficina,,,,,,,,,,,,,,,,,,,,,,,,,,Veicular,Abastecimento,
1077445883,ALMOÇO SILVANA ,13/02/2025,Despesa- Concluida,Consumo Oficina,,,,,,,,,,,,,,,,,,,,,,,,,,Alimentação,,
1077516159,"REDUÇÃO DE 1P PARA 3/4, PITO 3/4 Nº28 E PITO 1/2 N°28",13/02/2025,Despesa- Concluida,Consumo Oficina,,,,,,,,,,,,,,,,,,,,,,,,,,Ferramenta,,
1077545721,ADAPTADOR 1/2 PARA 3/4,13/02/2025,Despesa- Concluida,Consumo Oficina,,,,,,,,,,,,,,,,,,,,,,,,,,Ferramenta,,
1077454880,MANGUEIRA ,13/02/2025,Despesa- Concluida,Comercial,,,,,,,,,,,,,,,,,,,,,,,,,,Peça,,
1078113066,ABASTECIMENTO ,14/02/2025,Despesa- Concluida,Consumo Oficina,,,,,,,,,,,,,,,,,,,,,,,,,,Veicular,Abastecimento,
1076596522,ABASTECIMENTO ,12/02/2025,Despesa- Concluida,Comercial,,,,,,,,,,,,,,,,,,,,,,,,,,Veicular,Abastecimento,
1078313410,ELETRODO,14/02/2025,Despesa- Concluida,Consumo Oficina,,,,,,,,,,,,,,,,,,,,,,,,,,Peça,,
1079556499,ANEL ORING,17/02/2025,Despesa- Concluida,Consumo Oficina,,,,,,,,,,,,,,,,,,,,,,,,,,Peça,,
1079560490,PARAFUSO ,17/02/2025,Despesa- Concluida,Cobrado do Cliente,,,,,,,,,,,,,,,,,,,,,,,,,,Peça,,
1079563142,PARAFUSO E ARRUELA DE ALUMINIO,17/02/2025,Despesa- Concluida,Cobrado do Cliente,,,,,,,,,,,,,,,,,,,,,,,,,,Peça,,
1077248112,ABASTECIMENTO ,13/02/2025,Despesa- Concluida,Consumo Oficina,,,,,,,,,,,,,,,,,,,,,,,,,,Veicular,Abastecimento,
1080044867,ABASTECIMENTO ,18/02/2025,Despesa- Concluida,Consumo Oficina,,,,,,,,,,,,,,,,,,,,,,,,,,Veicular,Abastecimento,
1080010965,CINTA PARA AMARRAR CARGA ,18/02/2025,Despesa- Concluida,Comercial,,,,,,,,,,,,,,,,,,,,,,,,,,Ferramenta,,
1080392836,CONSERTO CARRO ,18/02/2025,Despesa- Concluida,Consumo Oficina,,,,,,,,,,,,,,,,,,,,,,,,,,Veicular,Manutenção,
1080012831,ABASTECIMENTO ,18/02/2025,Despesa- Concluida,Consumo Oficina,,,,,,,,,,,,,,,,,,,,,,,,,,Veicular,Abastecimento,
1080813069,TINTA SPRAY E THINNER,19/02/2025,Despesa- Concluida,Consumo Oficina,,,,,,,,,,,,,,,,,,,,,,,,,,Ferramenta,,
1082236667,ABASTECIMENTO ,21/02/2025,Despesa- Concluida,Consumo Oficina,,,,,,,,,,,,,,,,,,,,,,,,,,Veicular,Abastecimento,
1082482854,CONSERTO PNEU ,21/02/2025,Despesa- Concluida,Comercial,,,,,,,,,,,,,,,,,,,,,,,,,,Serviço de Terceiro,,
1081515309,CAMARA DE AR NOVA,20/02/2025,Despesa- Concluida,GARANTIA,,,,,,,,,,,,,,,,,,,,,,,,,,Peça,,
1078585108,ABASTECIMENTO ,15/02/2025,Despesa- Concluida,Consumo Oficina,,,,,,,,,,,,,,,,,,,,EPX5475,,,,,,Veicular,Abastecimento,
1082573212,SERVIÇO DE TORNO ,21/02/2025,Despesa- Concluida,Cobrado do Cliente,,,,,,,,,,,,,,,,,,,,,,,,,,Serviço de Terceiro,,
1082583129,SERVIÇO DE TORNO ,21/02/2025,Despesa- Concluida,Cobrado do Cliente,,,,,,,,,,,,,,,,,,,,,,,,,,Serviço de Terceiro,,
1082585706,SERVIÇO DE TORNO ,21/02/2025,Despesa- Concluida,Comercial,,,,,,,,,,,,,,,,,,,,,,,,,,Serviço de Terceiro,,
1082589770,SERVIÇO DE TORNO,21/02/2025,Despesa- Concluida,Cobrado do Cliente,,,,,,,,,,,,,,,,,,,,,,,,,,Serviço de Terceiro,,
1082240020,ABASTECIMENTO,21/02/2025,Despesa- Concluida,Consumo Oficina,,,,,,,,,,,,,,,,,,,,,,,,,,Veicular,Abastecimento,
1082263431,ABASTECIMENTO ,21/02/2025,Despesa- Concluida,Comercial,,,,,,,,,,,,,,,,,,,,,,,,,,Veicular,Abastecimento,
1082510001,ABASTECIMENTO ,21/02/2025,Despesa- Concluida,Comercial,,,,,,,,,,,,,,,,,,,,,,,,,,Veicular,Abastecimento,
1082970812,CONSERTO PNEU,22/02/2025,Despesa- Concluida,Consumo Oficina,,,,,,,,,,,,,,,,,,,,,,,,,,Veicular,Manutenção,
1082987568,PARAFUSO,22/02/2025,Despesa- Concluida,Comercial,,,,,,,,,,,,,,,,,,,,,,,,,,Peça,,
1082971791,MANGUEIRA,22/02/2025,Despesa- Concluida,Comercial,,,,,,,,,,,,,,,,,,,,,,,,,,Peça,,
1084766269,ALMOÇO SILVANA,25/02/2025,Despesa- Concluida,Consumo Oficina,,,,,,,,,,,,,,,,,,,,,,,,,,Alimentação,,
1084772011,ALMOÇO SILVANA ,25/02/2025,Despesa- Concluida,Consumo Oficina,,,,,,,,,,,,,,,,,,,,,,,,,,Alimentação,,
1084437546,VARETA DE SOLDA,25/02/2025,Despesa- Concluida,Consumo Oficina,,,,,,,,,,,,,,,,,,,,,,,,,,Ferramenta,,
1077015664,Abastecimento para consórcio,12/02/2025,Despesa- Concluida,Comercial,,,,,,,,,,,,,,,,,,,,EPX5402,,,,,,Veicular,Abastecimento,
1086478501,ABASTECIMENTO DE CARRO GASOLINA,27/02/2025,Despesa- Concluida,Consumo Oficina,,,,,,,,,,,,,,,,,,,,,,,,,,Veicular,Abastecimento,
1085222682,ABASTECIMENTO ,26/02/2025,Despesa- Concluida,Consumo Oficina,,,,,,,,,,,,,,,,,,,,,,,,,,Veicular,Abastecimento,
1084935978,RETROVISOR CAMINHÃO ,25/02/2025,Despesa- Concluida,Comercial,,,,,,,,,,,,,,,,,,,,,,,,,,Veicular,Outros,
1085589213,LIMA E VEDA CHOQUE,26/02/2025,Despesa- Concluida,Consumo Oficina,,,,,,,,,,,,,,,,,,,,,,,,,,Ferramenta,,
1083879638,TROCA DE REPARO,24/02/2025,Despesa- Concluida,Consumo Oficina,,,,,,,,,,,,,,,,,,,,,,,,,,Serviço de Terceiro,,
1086830987,TROCA DO PNEU ,27/02/2025,Despesa- Concluida,Consumo Oficina,,,,,,,,,,,,,,,,,,,,,,,,,,Veicular,Manutenção,
1086561423,MANGUEIRA 3/4,27/02/2025,Despesa- Concluida,Cobrado do Cliente,,,,,,,,,,,,,,,,,,,,,,,,,,Peça,,
1086479014,MANGUEIRA E ANEL DE VEDAÇÃO,27/02/2025,Despesa- Concluida,GARANTIA,,,,,,,,,,,,,,,,,,,,,,,,,,Peça,,
1086515543,LIMA ROTATIVA,27/02/2025,Despesa- Concluida,Consumo Oficina,,,,,,,,,,,,,,,,,,,,,,,,,,Ferramenta,,
1086994647,REVELA TRINCA,27/02/2025,Despesa- Concluida,Consumo Oficina,,,,,,,,,,,,,,,,,,,,,,,,,,Ferramenta,,
1086756270,ALMOÇO SILVANA ,27/02/2025,Despesa- Concluida,Consumo Oficina,,,,,,,,,,,,,,,,,,,,,,,,,,Alimentação,,
1086486375,ABASTECIMENTO ,27/02/2025,Despesa- Concluida,Consumo Oficina,,,,,,,,,,,,,,,,,,,,,,,,,,Veicular,Abastecimento,
1087304815,ABASTECIMENTO QUADRICICLO,28/02/2025,Despesa- Concluida,Comercial,,,,,,,,,,,,,,,,,,,,,,,,,,Veicular,Abastecimento,
1087486278,SERVIÇO DE TORNO,28/02/2025,Despesa- Concluida,Cobrado do Cliente,,,,,,,,,,,,,,,,,,,,,,,,,,Peça,,
1087595097,PRODUTO DE LIMPEZA,28/02/2025,Despesa- Concluida,Consumo Oficina,,,,,,,,,,,,,,,,,,,,,,,,,,Ferramenta,,
1087527000,FERRAMENTAS PARA PINTURA,28/02/2025,Despesa- Concluida,Consumo Oficina,,,,,,,,,,,,,,,,,,,,,,,,,,Ferramenta,,
1087320948,LIXA,28/02/2025,Despesa- Concluida,Consumo Oficina,,,,,,,,,,,,,,,,,,,,,,,,,,Ferramenta,,
1088528171,LÂMPADA ,03/03/2025,Despesa- Concluida,Consumo Oficina,,,,,,,,,,,,,,,,,,,,,,,,,,Veicular,Manutenção,
1087906746,ABASTECIMENTO QUADRICICLOS ,01/03/2025,Despesa- Concluida,Comercial,,,,,,,,,,,,,,,,,,,,,,,,,,Veicular,Abastecimento,
1087655054,ABASTECIMENTO ,28/02/2025,Despesa- Concluida,Comercial,,,,,,,,,,,,,,,,,,,,,,,,,,Veicular,Abastecimento,
1086490446,ABASTECIMENTO ,27/02/2025,Despesa- Concluida,Comercial,,,,,,,,,,,,,,,,,,,,,,,,,,Veicular,Abastecimento,
1089220348,ABASTECIMENTO QUADRICICLOS ,05/03/2025,Despesa- Concluida,Comercial,,,,,,,,,,,,,,,,,,,,,,,,,,Veicular,Abastecimento,
1089901481,ALMOÇO SILVANA ,06/03/2025,Despesa- Concluida,Consumo Oficina,,,,,,,,,,,,,,,,,,,,,,,,,,Alimentação,,
1090173635,CANTONEIRA MÃO FRANCESA,06/03/2025,Despesa- Concluida,Consumo Oficina,,,,,,,,,,,,,,,,,,,,,,,,,,Peça,,
1090059739,PRODUTO DE LIMPEZA,06/03/2025,Despesa- Concluida,Consumo Oficina,,,,,,,,,,,,,,,,,,,,,,,,,,Ferramenta,,
1090170447,ANEL ORING,06/03/2025,Despesa- Concluida,Cobrado do Cliente,,,,,,,,,,,,,,,,,,,,,,,,,,Peça,,
1089857200,CHAVE PARA DESMONTAR O MOTOR DO CARRO DO ZEZO ,06/03/2025,Despesa- Concluida,Cobrado do Cliente,,,,,,,,,,,,,,,,,,,,,,,,,,Veicular,Manutenção,
1085230296,SERVIÇO DE TORNO,26/02/2025,Despesa- Concluida,Cobrado do Cliente,,,,,,,,,,,,,,,,,,,,,,,,,,Serviço de Terceiro,,
1090570779,ÓLEO MOTOR ,07/03/2025,Despesa- Concluida,Comercial,,,,,,,,,,,,,,,,,,,,,,,,,,Veicular,Manutenção,
1092711460,Abastecimento Gabriel,11/03/2025,Despesa- Concluida,Consumo Oficina,,,,,,,,,,,,,,,,,,,,,,,,,,Veicular,Abastecimento,
1091742464,ÓLEO MOTOR ,10/03/2025,Despesa- Concluida,Consumo Oficina,,,,,,,,,,,,,,,,,,,,,,,,,,Veicular,Manutenção,
1091715041,DIESEL PARA TRATOR DO ESTOQUE,10/03/2025,Despesa- Concluida,Comercial,,,,,,,,,,,,,,,,,,,,,,,,,,Veicular,Abastecimento,
1090509586,ABASTECIMENTO CARRO FXM4G90,07/03/2025,Despesa- Concluida,Consumo Oficina,,,,,,,,,,,,,,,,,,,,,,,,,,Veicular,Abastecimento,
1091698558,ABASTECIMENTO ,10/03/2025,Despesa- Concluida,Consumo Oficina,,,,,,,,,,,,,,,,,,,,,,,,,,Veicular,Abastecimento,
1093450244,ABASTECIMENTO CAMINHONETE,12/03/2025,Despesa- Concluida,Consumo Oficina,,,,,,,,,,,,,,,,,,,,,,,,,,Veicular,Abastecimento,
1093445500,ABASTECIMENTO QUADRICICULO PARA TESTE,12/03/2025,Despesa- Concluida,Consumo Oficina,,,,,,,,,,,,,,,,,,,,,,,,,,Veicular,Abastecimento,
1092560261,PRODUTOS PARA PINTURA ,11/03/2025,Despesa- Concluida,Comercial,,,,,,,,,,,,,,,,,,,,,,,,,,Ferramenta,,
1093836872,ALMOÇO SILVANA ,12/03/2025,Despesa- Concluida,Consumo Oficina,,,,,,,,,,,,,,,,,,,,,,,,,,Alimentação,,
1094959348,FILTRO LUBRIFICANTE,14/03/2025,Despesa- Concluida,Consumo Oficina,,,,,,,,,,,,,,,,,,,,,,,,,,Veicular,Manutenção,
1094867822,ÓLEO DE MOTOR,14/03/2025,Despesa- Concluida,Consumo Oficina,,,,,,,,,,,,,,,,,,,,,,,,,,Veicular,Manutenção,
1097136535,ABASTECIMENTO QUADRICICLOS,18/03/2025,Despesa- Concluida,Comercial,,,,,,,,,,,,,,,,,,,,,,,,,,Veicular,Abastecimento,
1096778151,ABASTECIMENTO CAMINHÃO,17/03/2025,Despesa- Concluida,Consumo Oficina,,,,,,,,,,,,,,,,,,,,,,,,,,Veicular,Abastecimento,
1096609103,OLEO PARDAL,17/03/2025,Despesa- Concluida,Consumo Oficina,,,,,,,,,,,,,,,,,,,,,,,,,,Veicular,Abastecimento,
1096490664,TROCA ÓLEO MOTOR,17/03/2025,Despesa- Concluida,Consumo Oficina,,,,,,,,,,,,,,,,,,,,,,,,,,Veicular,Manutenção,
1090091985,ABASTECIMENTO COMERCIAL,06/03/2025,Despesa- Concluida,Comercial,,,,,,,,,,,,,,,,,,,,,,,,,,Veicular,Abastecimento,
1090196749,GASOLINA,06/03/2025,Despesa- Concluida,Comercial,,,,,,,,,,,,,,,,,,,,,,,,,,Veicular,Manutenção,
1097827245,MANGUEIRA,19/03/2025,Despesa- Concluida,Consumo Oficina,,,,,,,,,,,,,,,,,,,,,,,,,,Ferramenta,,
1098486892,ABASTECIMENTO QUADRICICULO AMOSTRAÇÃO,20/03/2025,Despesa- Concluida,Comercial,,,,,,,,,,,,,,,,,,,,,,,,,,Veicular,Abastecimento,
1098892356,DIESEL,20/03/2025,Despesa- Concluida,Comercial,,,,,,,,,,,,,,,,,,,,,,,,,,Veicular,Abastecimento,
1097164936,ABASTECIMENTO ,18/03/2025,Despesa- Concluida,Consumo Oficina,,,,,,,,,,,,,,,,,,,,,,,,,,Veicular,Abastecimento,
1098484738,ABASTECIMENTO SAVEIRO,20/03/2025,Despesa- Concluida,Consumo Oficina,,,,,,,,,,,,,,,,,,,,,,,,,,Veicular,Abastecimento,
1099593530,ABRAÇADEIRA ,21/03/2025,Despesa- Concluida,Cobrado do Cliente,,,,,,,,,,,,,,,,,,,,,,,,,,Peça,,
1100002425,ABASTECIMENTO MIGUEL,21/03/2025,Despesa- Concluida,Comercial,,,,,,,,,,,,,,,,,,,,,,,,,,Veicular,Abastecimento,
1089225344,ABASTECIMENTO ,05/03/2025,Despesa- Concluida,Consumo Oficina,,,,,,,,,,,,,,,,,,,,,,,,,,Veicular,Abastecimento,
1089226565,ABASTECIMENTO,05/03/2025,Despesa- Concluida,Consumo Oficina,,,,,,,,,,,,,,,,,,,,EPX5475,,,,,,Veicular,Abastecimento,
1101403183,CORDA ,22/03/2025,Despesa- Concluida,Comercial,,,,,,,,,,,,,,,,,,,,,,,,,,Peça,,
1098615273,ALMOÇO SILVANA ,20/03/2025,Despesa- Concluida,Consumo Oficina,,,,,,,,,,,,,,,,,,,,,,,,,,Alimentação,,
1102751850,CONSERTO STRADA ATJ6211,24/03/2025,Despesa- Concluida,Consumo Oficina,,,,,,,,,,,,,,,,,,,,,,,,,,Veicular,Manutenção,
1103237930,ABASTECIMENTO,25/03/2025,Despesa- Concluida,Consumo Oficina,,,,,,,,,,,,,,,,,,,,,,,,,,Veicular,Abastecimento,
1103188672,MANGUEIRA HIDRAULICA,25/03/2025,Despesa- Concluida,GARANTIA,,,,,,,,,,,,,,,,,,,,,,,,,,Peça,,
1103498531,ABASTECIMENTO ,25/03/2025,Despesa- Concluida,Consumo Oficina,,,,,,,,,,,,,,,,,,,,EPX5475,,,,,,Veicular,Abastecimento,
1103682155,COLA TEKBOND,25/03/2025,Despesa- Concluida,Consumo Oficina,,,,,,,,,,,,,,,,,,,,,,,,,,Peça,,
1103194149,ABASTECIMENTO,25/03/2025,Despesa- Concluida,Consumo Oficina,,,,,,,,,,,,,,,,,,,,,,,,,,Veicular,Abastecimento,
1103166521,ABASTECIMENTO CAMINHÃO,25/03/2025,Despesa- Concluida,Comercial,,,,,,,,,,,,,,,,,,,,,,,,,,Veicular,Abastecimento,
1103996170,DISCO DE CORTE ,26/03/2025,Despesa- Concluida,Consumo Oficina,,,,,,,,,,,,,,,,,,,,,,,,,,Ferramenta,,
1105497811,ABASTECIMENTO,27/03/2025,Despesa- Concluida,Consumo Oficina,,,,,,,,,,,,,,,,,,,,,,,,,,Veicular,Abastecimento,
1103243688,ABASTECIMENTO,25/03/2025,Despesa- Concluida,Comercial,,,,,,,,,,,,,,,,,,,,,,,,,,Veicular,Abastecimento,
1104389993,ABASTECIMENTO ,26/03/2025,Despesa- Concluida,Consumo Oficina,,,,,,,,,,,,,,,,,,,,,,,,,,Veicular,Abastecimento,
1098699888,SERVIÇO DE TORNO,20/03/2025,Despesa- Concluida,Comercial,,,,,,,,,,,,,,,,,,,,,,,,,,Serviço de Terceiro,,
1101448671,TROCA PNEU ,22/03/2025,Despesa- Concluida,Consumo Oficina,,,,,,,,,,,,,,,,,,,,,,,,,,Veicular,Manutenção,
1105540541,REPARO PNEU ,27/03/2025,Despesa- Concluida,Consumo Oficina,,,,,,,,,,,,,,,,,,,,,,,,,,Veicular,Manutenção,
1107196085,CHAVE 9 COMBINADA ,28/03/2025,Despesa- Concluida,Comercial,,,,,,,,,,,,,,,,,,,,,,,,,,Ferramenta,,
1107768593,ABASTECIMENTO ,29/03/2025,Despesa- Concluida,Consumo Oficina,,,,,,,,,,,,,,,,,,,,,,,,,,Veicular,Abastecimento,
1109014220,ABASTECIMENTO ,31/03/2025,Despesa- Concluida,Consumo Oficina,,,,,,,,,,,,,,,,,,,,,,,,,,Veicular,Abastecimento,
1103236829,MANGUEIRA DO RESPIRO ,25/03/2025,Despesa- Concluida,Cobrado do Cliente,,,,,,,,,,,,,,,,,,,,,,,,,,Peça,,
1106664102,ABASTECIMENTO ,28/03/2025,Despesa- Concluida,Comercial,,,,,,,,,,,,,,,,,,,,,,,,,,Veicular,Abastecimento,
1106660929,ÓLEO MOTOR ,28/03/2025,Despesa- Concluida,Comercial,,,,,,,,,,,,,,,,,,,,,,,,,,Veicular,Manutenção,
1109126825,ABASTECIMENTO ,31/03/2025,Despesa- Concluida,Comercial,,,,,,,,,,,,,,,,,,,,,,,,,,Veicular,Abastecimento,
1110363577,PRENSA DE MANGUEIRA,01/04/2025,Despesa- Concluida,Cobrado do Cliente,,,,,,,,,,,,,,,,,,,,,,,,,,Peça,,
1110844908,ABASTECIMENTO MONTANA FHY8D25,02/04/2025,Despesa- Concluida,Consumo Oficina,,,,,,,,,,,,,,,,,,,,,,,,,,Veicular,Abastecimento,
1110520517,ABASTECIMENTO ,01/04/2025,Despesa- Concluida,Comercial,,,,,,,,,,,,,,,,,,,,,,,,,,Veicular,Abastecimento,
1110854178,ADAPTADOR DE CHICOTE PARA LIGA E DESLIGA,02/04/2025,Despesa- Concluida,Cobrado do Cliente,,,,,,,,,,,,,,,,,,,,,,,,,,Peça,,
1110853202,ENFORCA GATO E BASE ADESIVA,02/04/2025,Despesa- Concluida,Consumo Oficina,,,,,,,,,,,,,,,,,,,,,,,,,,Peça,,
1110142096,ALMOÇO TIO TOKO,01/04/2025,Despesa- Concluida,Consumo Oficina,,,,,,,,,,,,,,,,,,,,,,,,,,Alimentação,,
1110057593,SERVIÇO DE TORNO ,01/04/2025,Despesa- Concluida,Cobrado do Cliente,,,,,,,,,,,,,,,,,,,,,,,,,,Serviço de Terceiro,,
1110540304,SERVIÇO DE TORNO,01/04/2025,Despesa- Concluida,Comercial,,,,,,,,,,,,,,,,,,,,,,,,,,Serviço de Terceiro,,
1110017639,PARAFUSO PARA DISTRIBUIDOR,01/04/2025,Despesa- Concluida,Cobrado do Cliente,,,,,,,,,,,,,,,,,,,,,,,,,,Peça,,
1111924855,ABASTECIMENTO ,03/04/2025,Despesa- Concluida,Consumo Oficina,,,,,,,,,,,,,,,,,,,,ATJ6211,,,,,,Veicular,Abastecimento,
1112749105,ABASTECIMENTO ,04/04/2025,Despesa- Concluida,Comercial,,,,,,,,,,,,,,,,,,,,,,,,,,Veicular,Abastecimento,
1112885195,ALMOÇO TIO TOKO ,04/04/2025,Despesa- Concluida,Consumo Oficina,,,,,,,,,,,,,,,,,,,,,,,,,,Alimentação,,
1112995353,SERVIÇO DE TORNO ,04/04/2025,Despesa- Concluida,Comercial,,,,,,,,,,,,,,,,,,,,,,,,,,Serviço de Terceiro,,
1112997242,SERVIÇO DE TORNO ,04/04/2025,Despesa- Concluida,GARANTIA,,,,,,,,,,,,,,,,,,,,,,,,,,Serviço de Terceiro,,
1112998564,SERVIÇO DE TORNO ,04/04/2025,Despesa- Concluida,Comercial,,,,,,,,,,,,,,,,,,,,,,,,,,Serviço de Terceiro,,
1112999682,SERVIÇO DE TORNO ,04/04/2025,Despesa- Concluida,Comercial,,,,,,,,,,,,,,,,,,,,,,,,,,Serviço de Terceiro,,
1113000782,SERVIÇO DE TORNO ,04/04/2025,Despesa- Concluida,GARANTIA,,,,,,,,,,,,,,,,,,,,,,,,,,Serviço de Terceiro,,
1113003027,SERVIÇO DE TORNO ,04/04/2025,Despesa- Concluida,Cobrado do Cliente,,,,,,,,,,,,,,,,,,,,,,,,,,Serviço de Terceiro,,
1111455325,ABASTECIMENTO ,02/04/2025,Despesa- Concluida,Comercial,,,,,,,,,,,,,,,,,,,,,,,,,,Veicular,Abastecimento,
1117248955,ABASTECIMENTO CAMINHÃO,09/04/2025,Despesa- Concluida,Comercial,,,,,,,,,,,,,,,,,,,,,,,,,,Veicular,Abastecimento,
1116271159,PITO 13 LONGO ,08/04/2025,Despesa- Concluida,Consumo Oficina,,,,,,,,,,,,,,,,,,,,,,,,,,Ferramenta,,
1115338321,PRODUTOS PARA CONSERTO DO TRATOR TL75 DO ESTOQUE ,07/04/2025,Despesa- Concluida,Comercial,,,,,,,,,,,,,,,,,,,,,,,,,,Peça,,
1116717363,REPARO DO PISTÃO,08/04/2025,Despesa- Concluida,Cobrado do Cliente,,,,,,,,,,,,,,,,,,,,,,,,,,Serviço de Terceiro,,
1117232582,ABASTECIMENTO STRADA,09/04/2025,Despesa- Concluida,Consumo Oficina,,,,,,,,,,,,,,,,,,,,,,,,,,Veicular,Abastecimento,
1119483669,ABASTECIMENTO CAMINHONETE,11/04/2025,Despesa- Concluida,Consumo Oficina,,,,,,,,,,,,,,,,,,,,,,,,,,Veicular,Abastecimento,
1117243623,ABASTECIMENTO CAMINHÃO,09/04/2025,Despesa- Concluida,Comercial,,,,,,,,,,,,,,,,,,,,,,,,,,Veicular,Abastecimento,
1117534357,PRODUTOS PARA CONSERTO TL ESTOQUE ,09/04/2025,Despesa- Concluida,Comercial,,,,,,,,,,,,,,,,,,,,,,,,,,Peça,,
1118299213,ARRUELA DE ALUMINIO ,10/04/2025,Despesa- Concluida,Cobrado do Cliente,,,,,,,,,,,,,,,,,,,,,,,,,,Peça,,
1115087549,ABASTECIMENTO ,07/04/2025,Despesa- Concluida,Consumo Oficina,,,,,,,,,,,,,,,,,,,,,,,,,,Veicular,Abastecimento,
1112632397,SERVIÇO DE TORNO,04/04/2025,Despesa- Concluida,Consumo Oficina,,,,,,,,,,,,,,,,,,,,,,,,,,Serviço de Terceiro,,
1119976345,ELETRODO E DISCO ,11/04/2025,Despesa- Concluida,Consumo Oficina,,,,,,,,,,,,,,,,,,,,,,,,,,Peça,,
1119484784,ABASTECIMENTO,11/04/2025,Despesa- Concluida,Consumo Oficina,,,,,,,,,,,,,,,,,,,,,,,,,,Veicular,Abastecimento,
1119488641,ABASTECIMENTO ,11/04/2025,Despesa- Concluida,Consumo Oficina,,,,,,,,,,,,,,,,,,,,,,,,,,Veicular,Abastecimento,
1121527882,ABASTECIMENTO ,14/04/2025,Despesa- Concluida,Consumo Oficina,,,,,,,,,,,,,,,,,,,,,,,,,,Veicular,Abastecimento,
1121585882,ABASTECIMENTO ,14/04/2025,Despesa- Concluida,Comercial,,,,,,,,,,,,,,,,,,,,,,,,,,Veicular,Abastecimento,
1119801076,TINTA SPRAY PRETO SEMI BRILHO ,11/04/2025,Despesa- Concluida,Consumo Oficina,,,,,,,,,,,,,,,,,,,,,,,,,,Peça,,
1122923773,ANEL ORING,15/04/2025,Despesa- Concluida,Cobrado do Cliente,,,,,,,,,,,,,,,,,,,,,,,,,,Peça,,
1123299442,ABASTECIMENTO,15/04/2025,Despesa- Concluida,Consumo Oficina,,,,,,,,,,,,,,,,,,,,,,,,,,Veicular,Abastecimento,
1122748820,PARAFUSO ,15/04/2025,Despesa- Concluida,Cobrado do Cliente,,,,,,,,,,,,,,,,,,,,,,,,,,Peça,,
1124063931,ABASTECIMENTO,16/04/2025,Despesa- Concluida,Consumo Oficina,,,,,,,,,,,,,,,,,,,,,,,,,,Veicular,Abastecimento,
1122728099,PRODUTOS PARA MANUTENÇÃO ,15/04/2025,Despesa- Concluida,Comercial,,,,,,,,,,,,,,,,,,,,,,,,,,Peça,,
1125097798,ABASTECIMENTO ,17/04/2025,Despesa- Concluida,Consumo Oficina,,,,,,,,,,,,,,,,,,,,,,,,,,Veicular,Abastecimento,
1125026049,ABASTECIMENTO ,17/04/2025,Despesa- Concluida,Comercial,,,,,,,,,,,,,,,,,,,,,,,,,,Veicular,Abastecimento,
1124600538,DIESEL ,16/04/2025,Despesa- Concluida,Comercial,,,,,,,,,,,,,,,,,,,,,,,,,,Veicular,Abastecimento,
1127642379,ELETRODO,22/04/2025,Despesa- Concluida,Consumo Oficina,,,,,,,,,,,,,,,,,,,,,,,,,,Peça,,
1128367052,PRODUTO DE LIMPEZA,23/04/2025,Despesa- Concluida,Consumo Oficina,,,,,,,,,,,,,,,,,,,,,,,,,,Ferramenta,,
1128790640,ABASTECIMENTO,24/04/2025,Despesa- Concluida,Consumo Oficina,,,,,,,,,,,,,,,,,,,,,,,,,,Veicular,Abastecimento,
1129609328,MANGUEIRA 1 TRAMA 1/4 STRONG,25/04/2025,Despesa- Concluida,Cobrado do Cliente,,,,,,,,,,,,,,,,,,,,,,,,,,Serviço de Terceiro,,
1130948660,ABASTECIMENTO ,28/04/2025,Despesa- Concluida,Consumo Oficina,,,,,,,,,,,,,,,,,,,,,,,,,,Veicular,Abastecimento,
1131232384,PARAFUSO,28/04/2025,Despesa- Concluida,Comercial,,,,,,,,,,,,,,,,,,,,,,,,,,Peça,,
1131715005,ABASTECIMENTO ,29/04/2025,Despesa- Concluida,Consumo Oficina,,,,,,,,,,,,,,,,,,,,,,,,,,Veicular,Abastecimento,
1131719477,ABASTECIMENTO ,29/04/2025,Despesa- Concluida,Consumo Oficina,,,,,,,,,,,,,,,,,,,,,,,,,,Veicular,Abastecimento,
1132110002,ABASTECIMENTO ,29/04/2025,Despesa- Concluida,Consumo Oficina,,,,,,,,,,,,,,,,,,,,,,,,,,Veicular,Abastecimento,
1128302705,ABASTECIMENTO ,23/04/2025,Despesa- Concluida,Consumo Oficina,,,,,,,,,,,,,,,,,,,,,,,,,,Veicular,Abastecimento,
1132584576,ABASTECIMENTO ,30/04/2025,Despesa- Concluida,Comercial,,,,,,,,,,,,,,,,,,,,,,,,,,Veicular,Abastecimento,
1130950789,SERVIÇO DE TORNO ,28/04/2025,Despesa- Concluida,Comercial,,,,,,,,,,,,,,,,,,,,,,,,,,Serviço de Terceiro,,
1133760463,SERVIÇO DE TORNO,02/05/2025,Despesa- Concluida,Cobrado do Cliente,,,,,,,,,,,,,,,,,,,,,,,,,,Serviço de Terceiro,,
1133761779,SERVIÇO DE TORNO,02/05/2025,Despesa- Concluida,Cobrado do Cliente,,,,,,,,,,,,,,,,,,,,,,,,,,Serviço de Terceiro,,
1134936887,ABASTECIMENTO,05/05/2025,Despesa- Concluida,Consumo Oficina,,,,,,,,,,,,,,,,,,,,,,,,,,Veicular,Abastecimento,
1134935566,ABASTECIMENTO,05/05/2025,Despesa- Concluida,Consumo Oficina,,,,,,,,,,,,,,,,,,,,,,,,,,Veicular,Abastecimento,
1135353487,ADAPTADOR,05/05/2025,Despesa- Concluida,Comercial,,,,,,,,,,,,,,,,,,,,,,,,,,Peça,,
1135991416,SERVIÇO DE TORNO ,06/05/2025,Despesa- Concluida,Comercial,,,,,,,,,,,,,,,,,,,,,,,,,,Serviço de Terceiro,,
1136003304,SERVIÇO DE TORNO,06/05/2025,Despesa- Concluida,Comercial,,,,,,,,,,,,,,,,,,,,,,,,,,Serviço de Terceiro,,
1135973927,CAPA DE PARAFUSO DE RODA CROMADO ,06/05/2025,Despesa- Concluida,Comercial,,,,,,,,,,,,,,,,,,,,,,,,,,Peça,,
1135973028,TINTA PRETO SEMI-BRILHO,06/05/2025,Despesa- Concluida,Comercial,,,,,,,,,,,,,,,,,,,,,,,,,,Peça,,
1135975027,FITA DE ALTA FUSÃO ,06/05/2025,Despesa- Concluida,Comercial,,,,,,,,,,,,,,,,,,,,,,,,,,Peça,,
1135741640,ABASTECIMENTO ,06/05/2025,Despesa- Concluida,Consumo Oficina,,,,,,,,,,,,,,,,,,,,,,,,,,Veicular,Abastecimento,
1135404349,PRENSA DE MANGUEIRA DO RESPIRO ,05/05/2025,Despesa- Concluida,Cobrado do Cliente,,,,,,,,,,,,,,,,,,,,,,,,,,Serviço de Terceiro,,
1136599051,TEMPERATURA QUADRICICLO,07/05/2025,Despesa- Concluida,Comercial,,,,,,,,,,,,,,,,,,,,,,,,,,Peça,,
1136610625,ABASTECIMENTO ,07/05/2025,Despesa- Concluida,Comercial,,,,,,,,,,,,,,,,,,,,,,,,,,Veicular,Abastecimento,
1137244778,LITRO PARA 9500,08/05/2025,Despesa- Concluida,Comercial,,,,,,,,,,,,,,,,,,,,,,,,,,Veicular,Abastecimento,
1136833101,ENFORCA GATO,07/05/2025,Despesa- Concluida,Cobrado do Cliente,,,,,,,,,,,,,,,,,,,,,,,,,,Ferramenta,,
1134318629,COMBUSTÍVEL,03/05/2025,Despesa- Concluida,Consumo Oficina,,,,,,,,,,,,,,,,,,,,,,,,,,Veicular,Abastecimento,
1136690193,CINTA DE ANEL ,07/05/2025,Despesa- Concluida,Consumo Oficina,,,,,,,,,,,,,,,,,,,,,,,,,,Veicular,Manutenção,
1137392344,GASOLINA PARA LIMPEZA,08/05/2025,Despesa- Concluida,Consumo Oficina,,,,,,,,,,,,,,,,,,,,,,,,,,Veicular,Manutenção,
1132625303,ABASTECIMENTO ,30/04/2025,Despesa- Concluida,Consumo Oficina,,,,,,,,,,,,,,,,,,,,,,,,,,Veicular,Abastecimento,
1138317697,BARRA DE ROSCA,09/05/2025,Despesa- Concluida,Comercial,,,,,,,,,,,,,,,,,,,,,,,,,,Peça,,
1139679833,TERMINAL DA BATERIA ,12/05/2025,Despesa- Concluida,Consumo Oficina,,,,,,,,,,,,,,,,,,,,,,,,,,Peça,,
1138089270,SERVIÇO DE TORNO,09/05/2025,Despesa- Concluida,Comercial,,,,,,,,,,,,,,,,,,,,,,,,,,Serviço de Terceiro,,
1138086188,ABASTECIMENTO PAULO,09/05/2025,Despesa- Concluida,Consumo Oficina,,,,,,,,,,,,,,,,,,,,,,,,,,Veicular,Abastecimento,
1138093539,ABASTECIMENTO DANILO,09/05/2025,Despesa- Concluida,Consumo Oficina,,,,,,,,,,,,,,,,,,,,,,,,,,Veicular,Abastecimento,
1137017270,ABASTECIMENTO ,07/05/2025,Despesa- Concluida,Comercial,,,,,,,,,,,,,,,,,,,,,,,,,,Veicular,Abastecimento,
1140784739,CILINDRO DE GÁS PARA MAÇARICO ,13/05/2025,Despesa- Concluida,Consumo Oficina,,,,,,,,,,,,,,,,,,,,,,,,,,Peça,,
1141412927,CONSERTO MONTANA ,14/05/2025,Despesa- Concluida,Consumo Oficina,,,,,,,,,,,,,,,,,,,,,,,,,,Serviço de Terceiro,,
1141907264,CALIBRE PARA REGULAR VALVULA ,15/05/2025,Despesa- Concluida,Consumo Oficina,,,,,,,,,,,,,,,,,,,,,,,,,,Ferramenta,,
1142931166,FERRO DE SOLDA E ESTANHO ,16/05/2025,Despesa- Concluida,Consumo Oficina,,,,,,,,,,,,,,,,,,,,,,,,,,Ferramenta,,
1142932213,LIXA,16/05/2025,Despesa- Concluida,Consumo Oficina,,,,,,,,,,,,,,,,,,,,,,,,,,Peça,,
1145309305,OCULOS DE PROTEÇÃO,20/05/2025,Despesa- Concluida,Consumo Oficina,,,,,,,,,,,,,,,,,,,,,,,,,,Ferramenta,,
1141196128,ABASTECIMENTO,14/05/2025,Despesa- Concluida,Consumo Oficina,,,,,,,,,,,,,,,,,,,,,,,,,,Veicular,Abastecimento,
1141239397,ABASTECIMENTO,14/05/2025,Despesa- Concluida,Consumo Oficina,,,,,,,,,,,,,,,,,,,,,,,,,,Veicular,Abastecimento,
1142127351,ABASTECIMENTO ,15/05/2025,Despesa- Concluida,Comercial,,,,,,,,,,,,,,,,,,,,,,,,,,Veicular,Abastecimento,
1142966525,ABASTECIMENTO,16/05/2025,Despesa- Concluida,Consumo Oficina,,,,,,,,,,,,,,,,,,,,,,,,,,Veicular,Abastecimento,
1143196674,ABASTECIMENTO,16/05/2025,Despesa- Concluida,Consumo Oficina,,,,,,,,,,,,,,,,,,,,,,,,,,Veicular,Abastecimento,
1144426116,ABASTECIMENTO,19/05/2025,Despesa- Concluida,Consumo Oficina,,,,,,,,,,,,,,,,,,,,,,,,,,Veicular,Abastecimento,
1144615971,ABASTECIMENTO,19/05/2025,Despesa- Concluida,Consumo Oficina,,,,,,,,,,,,,,,,,,,,,,,,,,Veicular,Abastecimento,
1144771390,ABASTECIMENTO,19/05/2025,Despesa- Concluida,Comercial,,,,,,,,,,,,,,,,,,,,,,,,,,Veicular,Abastecimento,
1141909065,SERVIÇO DE TORNO ,15/05/2025,Despesa- Concluida,Comercial,,,,,,,,,,,,,,,,,,,,,,,,,,Serviço de Terceiro,,
1140418392,SERVIÇO DE TORNO ,13/05/2025,Despesa- Concluida,Cobrado do Cliente,,,,,,,,,,,,,,,,,,,,,,,,,,Serviço de Terceiro,,
1146316968,ALMOÇO TIO TOKO,21/05/2025,Despesa- Concluida,Consumo Oficina,,,,,,,,,,,,,,,,,,,,,,,,,,Alimentação,,
1146351060,PARAFUSO,21/05/2025,Despesa- Concluida,Consumo Oficina,,,,,,,,,,,,,,,,,,,,,,,,,,Peça,,
1145664131,ABASTECIMENTO ,20/05/2025,Despesa- Concluida,Comercial,,,,,,,,,,,,,,,,,,,,,,,,,,Veicular,Abastecimento,
1145774527,ABASTECIMENTO ,20/05/2025,Despesa- Concluida,Consumo Oficina,,,,,,,,,,,,,,,,,,,,,,,,,,Veicular,Abastecimento,
1147499278,"TINTA SPRAY, THINNER E FITA CREPE ",22/05/2025,Despesa- Concluida,Consumo Oficina,,,,,,,,,,,,,,,,,,,,,,,,,,Peça,,
1147503072,PRODUTOS PARA PINTURA DA OFICINA ,22/05/2025,Despesa- Concluida,Consumo Oficina,,,,,,,,,,,,,,,,,,,,,,,,,,Peça,,
1148203279,DIESEL TRATOR NOVO CLAIR DOGNANI,23/05/2025,Despesa- Concluida,Comercial,,,,,,,,,,,,,,,,,,,,,,,,,,Veicular,Abastecimento,
1148264565,ABASTECIMENTO,23/05/2025,Despesa- Concluida,Consumo Oficina,,,,,,,,,,,,,,,,,,,,,,,,,,Veicular,Abastecimento,
1148062785,"ABRAÇADEIRAS, REGISTROS E TAMPÃO",23/05/2025,Despesa- Concluida,Comercial,,,,,,,,,,,,,,,,,,,,,,,,,,Peça,,
1149004214,ABASTECIMENTO,26/05/2025,Despesa- Concluida,Consumo Oficina,,,,,,,,,,,,,,,,,,,,,,,,,,Veicular,Abastecimento,
1149729465,ABASTECIMENTO,27/05/2025,Despesa- Concluida,Consumo Oficina,,,,,,,,,,,,,,,,,,,,,,,,,,Veicular,Abastecimento,
1149776185,ABASTECIMENTO,27/05/2025,Despesa- Concluida,Consumo Oficina,,,,,,,,,,,,,,,,,,,,,,,,,,Veicular,Abastecimento,
1149786935,ABASTECIMENTO,27/05/2025,Despesa- Concluida,Consumo Oficina,,,,,,,,,,,,,,,,,,,,,,,,,,Veicular,Abastecimento,
1150005174,DIESEL PARA TRATOR DO ESTOQUE ,27/05/2025,Despesa- Concluida,Comercial,,,,,,,,,,,,,,,,,,,,,,,,,,Veicular,Abastecimento,
1150594068,DISCO FLAP,28/05/2025,Despesa- Concluida,Comercial,,,,,,,,,,,,,,,,,,,,,,,,,,Ferramenta,,
1153233596,ABASTECIMENTO ,02/06/2025,Despesa- Concluida,Consumo Oficina,,,,,,,,,,,,,,,,,,,,,,,,,,Veicular,Abastecimento,
1152288577,ABASTECIMENTO,30/05/2025,Despesa- Concluida,Consumo Oficina,,,,,,,,,,,,,,,,,,,,,,,,,,Veicular,Abastecimento,
1151405522,ABASTECIMENTO,29/05/2025,Despesa- Concluida,Consumo Oficina,,,,,,,,,,,,,,,,,,,,,,,,,,Veicular,Abastecimento,
1151404277,ABASTECIMENTO,29/05/2025,Despesa- Concluida,Consumo Oficina,,,,,,,,,,,,,,,,,,,,,,,,,,Veicular,Abastecimento,
1151403734,ABASTECIMENTO ,29/05/2025,Despesa- Concluida,Comercial,,,,,,,,,,,,,,,,,,,,,,,,,,Veicular,Abastecimento,
1153744968,ABASTECIMENTO,02/06/2025,Despesa- Concluida,Consumo Oficina,,,,,,,,,,,,,,,,,,,,,,,,,,Veicular,Abastecimento,
1153991695,ABASTECIMENTO,03/06/2025,Despesa- Concluida,Consumo Oficina,,,,,,,,,,,,,,,,,,,,,,,,,,Veicular,Abastecimento,
1154220289,ABASTECIMENTO,03/06/2025,Despesa- Concluida,Consumo Oficina,,,,,,,,,,,,,,,,,,,,,,,,,,Veicular,Abastecimento,
1154698876,ABASTECIMENTO MUNK,04/06/2025,Despesa- Concluida,Consumo Oficina,,,,,,,,,,,,,,,,,,,,,,,,,,Veicular,Abastecimento,
1152339110,CALIBRADOR AGUA E AR / CONEXÃO MANGUEIRA DE AR ,30/05/2025,Despesa- Concluida,Consumo Oficina,,,,,,,,,,,,,,,,,,,,,,,,,,Ferramenta,,
1152542959,EXTENSÃO PARA ESCRITÓRIO,30/05/2025,Despesa- Concluida,Consumo Oficina,,,,,,,,,,,,,,,,,,,,,,,,,,Ferramenta,,
1152578777,PRENSA DE MANGUEIRA,30/05/2025,Despesa- Concluida,Cobrado do Cliente,,,,,,,,,,,,,,,,,,,,,,,,,,Serviço de Terceiro,,
1152628465,LUVA VAQUETA ,30/05/2025,Despesa- Concluida,Comercial,,,,,,,,,,,,,,,,,,,,,,,,,,Ferramenta,,
1153225485,4 PARAFUSOS,02/06/2025,Despesa- Concluida,Cobrado do Cliente,,,,,,,,,,,,,,,,,,,,,,,,,,Peça,,
1155463937,ABASTECIMENTO TRATOR ,05/06/2025,Despesa- Concluida,Comercial,,,,,,,,,,,,,,,,,,,,,,,,,,Veicular,Abastecimento,
1155039974,ABASTECIMENTO LUCAS,04/06/2025,Despesa- Concluida,Consumo Oficina,,,,,,,,,,,,,,,,,,,,,,,,,,Veicular,Abastecimento,
1155470600,ABASTECIMENTO ,05/06/2025,Despesa- Concluida,Consumo Oficina,,,,,,,,,,,,,,,,,,,,,,,,,,Veicular,Abastecimento,
1155471039,ABASTECIMENTO,05/06/2025,Despesa- Concluida,Consumo Oficina,,,,,,,,,,,,,,,,,,,,,,,,,,Veicular,Abastecimento,
1155495742,ABASTECIMENTO,05/06/2025,Despesa- Concluida,Consumo Oficina,,,,,,,,,,,,,,,,,,,,,,,,,,Veicular,Abastecimento,
1157976472,CONSERTO CHAVE,10/06/2025,Despesa- Concluida,Consumo Oficina,,,,,,,,,,,,,,,,,,,,,,,,,,Veicular,Manutenção,
1158083251,ALMOÇO TIO TOKO,10/06/2025,Despesa- Concluida,Consumo Oficina,,,,,,,,,,,,,,,,,,,,,,,,,,Alimentação,,
1159131664,TINTA SPRAY ,11/06/2025,Despesa- Concluida,Consumo Oficina,,,,,,,,,,,,,,,,,,,,,,,,,,Peça,,
1157204114,REPARO DAS BOMBAS,09/06/2025,Despesa- Concluida,Cobrado do Cliente,,,,,,,,,,,,,,,,,,,,,,,,,,Peça,,
1157200222,ABASTECIMENTO ,09/06/2025,Despesa- Concluida,Consumo Oficina,,,,,,,,,,,,,,,,,,,,,,,,,,Veicular,Abastecimento,
1157519573,ABASTECIMENTO CAMINHÃO,09/06/2025,Despesa- Concluida,Comercial,,,,,,,,,,,,,,,,,,,,,,,,,,Veicular,Abastecimento,
1159723424,PRODUTOS DE PAPELARIA ,12/06/2025,Despesa- Concluida,Consumo Oficina,,,,,,,,,,,,,,,,,,,,,,,,,,Peça,,
1160190679,ARRUELA E ABRAÇADEIRA,13/06/2025,Despesa- Concluida,Cobrado do Cliente,,,,,,,,,,,,,,,,,,,,,,,,,,Peça,,
1160476976,PRENSA DE MANGUEIRA ,14/06/2025,Despesa- Concluida,Comercial,,,,,,,,,,,,,,,,,,,,,,,,,,Serviço de Terceiro,,
1159741492,ABASTECIMENTO CAMINHÃO,12/06/2025,Despesa- Concluida,Comercial,,,,,,,,,,,,,,,,,,,,AQJ3H59,,,,,,Veicular,Abastecimento,
1160737470,ABASTECIMENTO CAMINHÃO,16/06/2025,Despesa- Concluida,Comercial,,,,,,,,,,,,,,,,,,,,EVG1E67,,,,,,Veicular,Abastecimento,
1159376943,ABASTECIMENTO,12/06/2025,Despesa- Concluida,Consumo Oficina,,,,,,,,,,,,,,,,,,,,FXM4G90,,,,,,Veicular,Abastecimento,
1158743622,ABASTECIMENTO ,11/06/2025,Despesa- Concluida,Consumo Oficina,,,,,,,,,,,,,,,,,,,,,,,,,,Veicular,Abastecimento,
1161112383,AJUSTAR NO TORNO BASE,16/06/2025,Despesa- Concluida,Comercial,,,,,,,,,,,,,,,,,,,,,,,,,,Serviço de Terceiro,,
1161097808,ENCHER E FAZER ROSCA,16/06/2025,Despesa- Concluida,Cobrado do Cliente,,,,,,,,,,,,,,,,,,,,,,,,,,Serviço de Terceiro,,
1161103456,FURAR FACAS DE AÇO,16/06/2025,Despesa- Concluida,Comercial,,,,,,,,,,,,,,,,,,,,,,,,,,Serviço de Terceiro,,
1161105157,FAZER ESCAPAMENTO CAMINHÃO 4 EIXO,16/06/2025,Despesa- Concluida,Comercial,,,,,,,,,,,,,,,,,,,,,,,,,,Serviço de Terceiro,,
1161107304,FAZER PINO,16/06/2025,Despesa- Concluida,Consumo Oficina,,,,,,,,,,,,,,,,,,,,,,,,,,Serviço de Terceiro,,
1161111270,Reparo em Carcaça – Furos e Rosca,16/06/2025,Despesa- Concluida,Consumo Oficina,,,,,,,,,,,,,,,,,,,,,,,,,,Serviço de Terceiro,,
1161620637,FUSIVEIS ,17/06/2025,Despesa- Concluida,Consumo Oficina,,,,,,,,,,,,,,,,,,,,,,,,,,Peça,,
1163279190,ELETRODO,20/06/2025,Despesa- Concluida,Comercial,,,,,,,,,,,,,,,,,,,,,,,,,,Peça,,
1161507364,ABASTECIMENTO,17/06/2025,Despesa- Concluida,Consumo Oficina,,,,,,,,,,,,,,,,,,,,TKY6E68,,,,,,Veicular,Abastecimento,
1161736615,ABASTECIMENTO,17/06/2025,Despesa- Concluida,Consumo Oficina,,,,,,,,,,,,,,,,,,,,FXM4G90,,,,,,Veicular,Abastecimento,
1163444858,ABASTECIMENTO,20/06/2025,Despesa- Concluida,Consumo Oficina,,,,,,,,,,,,,,,,,,,,TKC5D99,,,,,,Veicular,Abastecimento,
1162738181,ABASTECIMENTO AQJ3H59,18/06/2025,Despesa- Concluida,Comercial,,,,,,,,,,,,,,,,,,,,AQJ3H59,,,,,,Veicular,Abastecimento,
1161525567,TINTA,17/06/2025,Despesa- Concluida,Comercial,,,,,,,,,,,,,,,,,,,,,,,,,,Peça,,
1164283824,CAIXA DE FERRAMENTA E LUVA,23/06/2025,Despesa- Concluida,Comercial,,,,,,,,,,,,,,,,,,,,,,,,,,Ferramenta,,
1163553334,TINTA VERMELHO MAHINDRA ,20/06/2025,Despesa- Concluida,Consumo Oficina,,,,,,,,,,,,,,,,,,,,,,,,,,Peça,,
1163416515,ARRUELA DE VEDAÇÃO ,20/06/2025,Despesa- Concluida,Cobrado do Cliente,,,,,,,,,,,,,,,,,,,,,,,,,,Peça,,
1166460878,SPRAY PRETO,26/06/2025,Despesa- Concluida,Consumo Oficina,,,,,,,,,,,,,,,,,,,,,,,,,,Peça,,
1164195469,PARAFUSO PRA SACADOR,23/06/2025,Despesa- Concluida,Consumo Oficina,,,,,,,,,,,,,,,,,,,,,,,,,,Peça,,
1164591154,ABASTECIMENTO AQJ3H59,23/06/2025,Despesa- Concluida,Comercial,,,,,,,,,,,,,,,,,,,,AQJ3H59,,,,,,Veicular,Abastecimento,
1165122967,ABASTECIMENTO DLZ1967,24/06/2025,Despesa- Concluida,Consumo Oficina,,,,,,,,,,,,,,,,,,,,DLZ1967,,,,,,Veicular,Abastecimento,
1164842785,ABASTECIMENTO TKY6E68,24/06/2025,Despesa- Concluida,Consumo Oficina,,,,,,,,,,,,,,,,,,,,TKY6E68,,,,,,Veicular,Abastecimento,
1166567255,Abastecimento TKC5D99,26/06/2025,Despesa- Concluida,Consumo Oficina,,,,,,,,,,,,,,,,,,,,TKC5D99,,,,,,Veicular,Abastecimento,
1165777242,ALICATE,25/06/2025,Despesa- Concluida,Infraestrutura,,,,,,,,,,,,,,,,,,,,,,,,,,Ferramenta,,
1163334888,ALMOÇO TIO TOKO ,20/06/2025,Despesa- Concluida,Consumo Oficina,,,,,,,,,,,,,,,,,,,,,,,,,,Alimentação,,
1166953797,20 LITROS GASOLINA TRATOR  86-110P,27/06/2025,Despesa- Concluida,Comercial,,,,,,,,,,,,,,,,,,,,,,,,,,Veicular,Abastecimento,
1166658471,ABASTECIMENTO AQJ3H59,26/06/2025,Despesa- Concluida,Comercial,,,,,,,,,,,,,,,,,,,,AQJ3H59,,,,,,Veicular,Abastecimento,
1167698633,ARRUELA DE ALUMINIO ,28/06/2025,Despesa- Concluida,Consumo Oficina,,,,,,,,,,,,,,,,,,,,,,,,,,Peça,,
1168952613,ABASTECIMENTO,30/06/2025,Despesa- Concluida,Comercial,,,,,,,,,,,,,,,,,,,,,,,,,,Veicular,Abastecimento,
1169375423,ABASTECIMENTO DLZ1967,01/07/2025,Despesa- Concluida,Consumo Oficina,,,,,,,,,,,,,,,,,,,,DLZ1967,,,,,,Veicular,Abastecimento,
1168975038,TAMPÃO DE PVC,30/06/2025,Despesa- Concluida,Comercial,,,,,,,,,,,,,,,,,,,,,,,,,,Peça,,
1168946861,PRENSA DE MANGUEIRA,30/06/2025,Despesa- Concluida,Comercial,,,,,,,,,,,,,,,,,,,,,,,,,,Serviço de Terceiro,,
1169002203,ABASTECIMENTO TKY6E68,30/06/2025,Despesa- Concluida,Consumo Oficina,,,,,,,,,,,,,,,,,,,,,,,,,,Veicular,Abastecimento,
1167087268,PARAFUSOS,27/06/2025,Despesa- Concluida,Comercial,,,,,,,,,,,,,,,,,,,,,,,,,,Peça,,
1168986029,ABASTECIMENTO DYL8F61,30/06/2025,Despesa- Concluida,Consumo Oficina,,,,,,,,,,,,,,,,,,,,,,,,,,Veicular,Abastecimento,
1168609607,PARAFUSO,30/06/2025,Despesa- Concluida,Comercial,,,,,,,,,,,,,,,,,,,,,,,,,,Peça,,
1167716665,ABASTECIMENTO FXM4G90,28/06/2025,Despesa- Concluida,Consumo Oficina,,,,,,,,,,,,,,,,,,,,FXM4G90,,,,,,Veicular,Abastecimento,
1169468424,Abastecimento EVG1E67,01/07/2025,Despesa- Concluida,Comercial,,,,,,,,,,,,,,,,,,,,EVG1E67,,,,,,Veicular,Abastecimento,
1169824278,ABASTECIMENTO TKY6E68,01/07/2025,Despesa- Concluida,Consumo Oficina,,,,,,,,,,,,,,,,,,,,TKY6E68,,,,,,Veicular,Abastecimento,
1170515616,ABASTECIMENTO JOÃO FARTURA,02/07/2025,Despesa- Concluida,Consumo Oficina,,,,,,,,,,,,,,,,,,,,EPX5475,,,,,,Veicular,Abastecimento,
1171912537,ABASTECIMENTO TRATOR,04/07/2025,Despesa- Concluida,Comercial,,,,,,,,,,,,,,,,,,,,,,,,,,Veicular,Abastecimento,
1171566391,PARAFUSO PRO VAGÃO,04/07/2025,Despesa- Concluida,Comercial,,,,,,,,,,,,,,,,,,,,,,,,,,Peça,,
1171662021,BOTINAS E ÓCULOS DE PROTEÇÃO ,04/07/2025,Despesa- Concluida,Consumo Oficina,,,,,,,,,,,,,,,,,,,,,,,,,,Peça,,
1172427862,MACACÃO ,07/07/2025,Despesa- Concluida,Consumo Oficina,,,,,,,,,,,,,,,,,,,,,,,,,,Peça,,
1170508452,REABASTECIMENTO DE DIESEL,02/07/2025,Despesa- Concluida,Comercial,,,,,,,,,,,,,,,,,,,,,,,,,,Veicular,Abastecimento,
1169832878,TROCA LIMPADOR DO PARABRISA,01/07/2025,Despesa- Concluida,Comercial,,,,,,,,,,,,,,,,,,,,,,,,,,Peça,,
1169731301,ABASTECIMENTO AQJ3H59,01/07/2025,Despesa- Concluida,Comercial,,,,,,,,,,,,,,,,,,,,AQJ3H59,,,,,,Veicular,Abastecimento,
1171679615,ABASTECIMENTO AYB4230,04/07/2025,Despesa- Concluida,Comercial,,,,,,,,,,,,,,,,,,,,,,,,,,Veicular,Abastecimento,
1172642643,ABASTECIMENTO TKC5D99,07/07/2025,Despesa- Concluida,Consumo Oficina,,,,,,,,,,,,,,,,,,,,TKC5D99,,,,,,Veicular,Abastecimento,
1172660189,ABASTECIMENTO DLZ1967,07/07/2025,Despesa- Concluida,Consumo Oficina,,,,,,,,,,,,,,,,,,,,DLZ1967,,,,,,Veicular,Abastecimento,
1172955428,ABASTECIMENTO FXM4G90,08/07/2025,Despesa- Concluida,Consumo Oficina,,,,,,,,,,,,,,,,,,,,FXM4G90,,,,,,Veicular,Abastecimento,
1174538114,ABASTECIMENTO FXM4G90,11/07/2025,Despesa- Concluida,Consumo Oficina,,,,,,,,,,,,,,,,,,,,FXM4G90,,,,,,Veicular,Abastecimento,
1172618101,ELETRODO,07/07/2025,Despesa- Concluida,Comercial,,,,,,,,,,,,,,,,,,,,,,,,,,Peça,,
1172953890,PARAFUSO E TRAVA MEIA LUA,08/07/2025,Despesa- Concluida,Comercial,,,,,,,,,,,,,,,,,,,,,,,,,,Peça,,
1174115859,DISCO DE DESBASTE ,10/07/2025,Despesa- Concluida,Comercial,,,,,,,,,,,,,,,,,,,,,,,,,,Peça,,
1176478372,CONSERTO MACACOS OFICINA ,15/07/2025,Despesa- Concluida,Consumo Oficina,,,,,,,,,,,,,,,,,,,,,,,,,,Serviço de Terceiro,,
1174547655,ABASTECIMENTO DLZ1967,11/07/2025,Despesa- Concluida,Consumo Oficina,,,,,,,,,,,,,,,,,,,,DLZ1967,,,,,,Veicular,Abastecimento,
1174794703,ROLO PARA PINTURA ,11/07/2025,Despesa- Concluida,Comercial,,,,,,,,,,,,,,,,,,,,,,,,,,Peça,,
1174609193,ABASTECIMENTO AQJ3H59,11/07/2025,Despesa- Concluida,Comercial,,,,,,,,,,,,,,,,,,,,AQJ3H59,,,,,,Veicular,Abastecimento,
1176039733,ABASTECIMENTO TKY6E68,14/07/2025,Despesa- Concluida,Consumo Oficina,,,,,,,,,,,,,,,,,,,,TKY6E68,,,,,,Veicular,Abastecimento,
1176540250,ABASTECIMENTO TKC5D99,15/07/2025,Despesa- Concluida,Consumo Oficina,,,,,,,,,,,,,,,,,,,,TKC5D99,,,,,,Veicular,Abastecimento,
1177784056,ABASTECIMENTO PARA DLZ1967,17/07/2025,Despesa- Concluida,Consumo Oficina,,,,,,,,,,,,,,,,,,,,DLZ1967,,,,,,Veicular,Abastecimento,
1177835939,ABASTECIMENTO TKY6E68,17/07/2025,Despesa- Concluida,Consumo Oficina,,,,,,,,,,,,,,,,,,,,TKY6E68,,,,,,Veicular,Abastecimento,
1177793208,ABASTECIMENTO EVG1E67,17/07/2025,Despesa- Concluida,Comercial,,,,,,,,,,,,,,,,,,,,EVG1E67,,,,,,Veicular,Abastecimento,
1179987698,ÓLEO DIESEL CACIQUE,21/07/2025,Despesa- Concluida,Comercial,,,,,,,,,,,,,,,,,,,,,,,,,,Veicular,Abastecimento,
1179306316,ABASTECIMENTO AQJ3H59,19/07/2025,Despesa- Concluida,Comercial,,,,,,,,,,,,,,,,,,,,AQJ3H59,,,,,,Veicular,Abastecimento,
1179031164,FXM4G90 ABASTECIMENTO PARA SERVIÇO EM CAMPO,18/07/2025,Despesa- Concluida,Consumo Oficina,,,,,,,,,,,,,,,,,,,,FXM4G90,,,,,,Veicular,Abastecimento,
1179943583,ABASTECIMENTO DO TKC5D99,21/07/2025,Despesa- Concluida,Consumo Oficina,,,,,,,,,,,,,,,,,,,,TKC5D99,,,,,,Veicular,Abastecimento,
1179983484,ABASTECIMENTO PARA TKY6E68,21/07/2025,Despesa- Concluida,Consumo Oficina,,,,,,,,,,,,,,,,,,,,TKY6E68,,,,,,Veicular,Abastecimento,
1180849886,CAIXA DE TINTA SPRAY SEMI BIRLHO,22/07/2025,Despesa- Concluida,Consumo Oficina,,,,,,,,,,,,,,,,,,,,,,,,,,Ferramenta,,
1181059328,GASOLINA QUADRICICLO,22/07/2025,Despesa- Concluida,Cobrado do Cliente,,,,,,,,,,,,,,,,,,,,,,,,,,Veicular,Abastecimento,
1181702666,ABASTECIMENTO JOAQUIM FERNANDO,23/07/2025,Despesa- Concluida,Comercial,,,,,,,,,,,,,,,,,,,,,,,,,,Veicular,Abastecimento,
1182171275,ABASTECIMENTO LUIZ FERNANDO,23/07/2025,Despesa- Concluida,Comercial,,,,,,,,,,,,,,,,,,,,,,,,,,Veicular,Abastecimento,
1182175101,"TOMADA, FUSIVEL E SERVIÇO DE INSTALAÇÃO",23/07/2025,Despesa- Concluida,Comercial,,,,,,,,,,,,,,,,,,,,,,,,,,Veicular,Manutenção,
1182427526,ABASTECIMENTO DLZ1967,24/07/2025,Despesa- Concluida,Consumo Oficina,,,,,,,,,,,,,,,,,,,,DLZ1967,,,,,,Veicular,Abastecimento,
1181681433,ABASTECIMENTO DO TKY6E68,23/07/2025,Despesa- Concluida,Consumo Oficina,,,,,,,,,,,,,,,,,,,,TKY6E68,,,,,,Veicular,Abastecimento,
1183398983,ABASTECIMENTO TKY6E68,25/07/2025,Despesa- Concluida,Consumo Oficina,,,,,,,,,,,,,,,,,,,,TKY6E68,,,,,,Veicular,Abastecimento,
1184344378,DISTRIBUIDOR TORNADO STARA,28/07/2025,Despesa- Concluida,Comercial,,,,,,,,"106,8",,,,,,,,,,,,,,,,,,Ferramenta,,
1184296253,ABASTECIMENTO AQJ3H59,28/07/2025,Despesa- Concluida,Comercial,,,,,,,,,,,,,,,,,,,,AQJ3H59,,,,,,Veicular,Abastecimento,
1184297114,ABASTECIMENTO TKY6E68,28/07/2025,Despesa- Concluida,Consumo Oficina,,,,,,,,,,,,,,,,,,,,TKY6E68,,,,,,Veicular,Abastecimento,
1179973856,Cabo de Solda,21/07/2025,Despesa- Concluida,Consumo Oficina,,,,,,,,,,,,,,,,,,,,,,,,,,Ferramenta,,
1185994149,"Verniz 900ML, VONIXX PNEU PRETINHO",30/07/2025,Despesa- Concluida,Consumo Oficina,,,,,,,,,,,,,,,,,,,,,,,,,,Ferramenta,,
1186250933,ABSTECIMENTO TKC5D99,31/07/2025,Despesa- Concluida,Consumo Oficina,,,,,,,,,,,,,,,,,,,,,,,,,,Veicular,Abastecimento,
1181198650,Insufilm AQJ3H59,22/07/2025,Despesa- Concluida,Baixa,,,,,,,,,,,,,,,,,,,,,,,,,,Veicular,Outros,
1185644840,Abastecimento DLZ1967,30/07/2025,Despesa- Concluida,Consumo Oficina,,,,,,,,,,,,,,,,,,,,,,,,,,Veicular,Abastecimento,
1184330334,LIBERAÇÃO DE MOLA PARA VISTORIA DO AQJ3H59,28/07/2025,Despesa- Concluida,Comercial,,,,,,,,,,,,,,,,,,,,,,,,,,Serviço de Terceiro,,
1184417256,ETIQUETA PARA CHAVE,28/07/2025,Despesa- Concluida,Consumo Oficina,,,,,,,,,,,,,,,,,,,,,,,,,,Ferramenta,,
1186212398,2 alicates KADU,31/07/2025,Despesa- Concluida,Comercial,,,,,,,,,,,,,,,,,,,,,,,,,,Ferramenta,,
1175787118,CAIXA DE ADUBO ACCURA 1200(ESTOQUE),14/07/2025,Despesa- Concluida,Comercial,,,,,,,,,,,,,,,,,,,,,,,,,,Peça,,
1183224488,ABASTECIMENTO CARRO PESSOAL PAULO,25/07/2025,Despesa- Concluida,Consumo Oficina,,,,,,,,,,,,,,,,,,,,TKY6E68,,,,,,Veicular,Abastecimento,
1180380990,MACHO PARA FAZER ROSCA,21/07/2025,Despesa- Concluida,Consumo Oficina,,,,,,,,,,,,,,,,,,,,,,,,,,Peça,,
1185646916,ABASTECIMENTO EVG1E67,30/07/2025,Despesa- Concluida,Comercial,,,,,,,,,,,,,,,,,,,,,,,,,,Veicular,Abastecimento,
1176872411,MANGUEIRA PARA TERRACEADOR DO CLIENTE CLAUDINEI,15/07/2025,Despesa- Concluida,Comercial,,,,,,,,,,,,,,,,,,,,,,,,,,Peça,,
1189789288,DISCO LIXA,06/08/2025,Despesa- Concluida,Consumo Oficina,,,,,,,,,,,,,,,,,,,,,,,,,,Ferramenta,,
1069441656,Amortecedores Fox Beto EPX5402,30/01/2025,Despesa- Concluida,Frota,,,,,,,,,,,,,,,,,,,,EPX5402,,,,,,Veicular,Manutenção,
1183684549,OLINTO RODRIGUES DE ARRUDA E OUTRO,26/07/2025,Despesa- Concluida,Cobrado do Cliente,,,,,,,,,,,,,,,,,,,,,,,,,,Peça,,
1188310028,DLZ1967 ABASTECIMENTO,04/08/2025,Despesa- Concluida,Consumo Oficina,,,,,,,,,,,,,,,,,,,,DLZ1967,,,,,,Veicular,Abastecimento,
1191057074,DLZ 1967 ABASTECIMENTO,08/08/2025,Despesa- Concluida,Consumo Oficina,,,,,,,,,,,,,,,,,,,,DLZ1967,,,,,,Veicular,Abastecimento,
1189155093,ABASTECIMENTO FXM4G90,05/08/2025,Despesa- Concluida,Consumo Oficina,,,,,,,,,,,,,,,,,,,,FXM4G90,,,,,,Veicular,Abastecimento,
1191467316,arrumou pneu carro André,08/08/2025,Despesa- Concluida,Comercial,,,,,,,,,,,,,,,,,,,,SEB9I75,,,,,,Veicular,Manutenção,
1176702959,TURBINA PARA TRATOR JOSE PIO,15/07/2025,Despesa- Concluida,Cobrado do Cliente,,,,,,,,,,,,,,,,,,,,,,,,,,Peça,,
1183123675,Almoço Tio Toko Paulo / Luiz Fernando,25/07/2025,Despesa- Concluida,Consumo Oficina,,,,,,,,,,,,,,,,,,,,,,,,,,Alimentação,,
1180279100,2 CHAVE 10 DE CATRACA E LUVA,21/07/2025,Despesa- Concluida,Consumo Oficina,,,,,,,,,,,,,,,,,,,,,,,,,,Ferramenta,,
1185168443,ABASTECIMENTO CONSORCIO,29/07/2025,Despesa- Concluida,Comercial,,,,,,,,,,,,,,,,,,,,AYB4230,202263,,,,,Veicular,Abastecimento,
1183389634,DIESEL PRA TRATOR 6075 E 2025,25/07/2025,Despesa- Concluida,Comercial,,,,,,,,,,,,,,,,,,,,,,,,,,Veicular,Abastecimento,
1185915761,7 PARAFUSOS TRINCHA PINHALENSE,30/07/2025,Despesa- Concluida,Cobrado do Cliente,,,,,,,,,,,,,,,,,,,,,,,,,,Peça,,
1192172427,ABASTECIMENTO TKYS SEILAH MA MA8,09/08/2025,Despesa- Concluida,Consumo Oficina,,,,,3.231,,,"11,11",,5,,,,,,,,,,EPX5402,556133,,,,,Veicular,Abastecimento,
1192867539,ABASTECIMENTO STRADA VERMELHA,11/08/2025,Despesa- Concluida,Frota,,,,,,,,"233,55",,,,,,,,,,,,FXM4G90,234274,,,,,Veicular,Abastecimento,
1193195318,MANUTENÇÃO DO ASPIRADOR,11/08/2025,Despesa- Concluida,Consumo Oficina,,,,,,,,590,,,,,,,,,,,,,,,,,,Ferramenta,,
1193181164,ABASTECIMENTO FHY8D25,11/08/2025,Despesa- Concluida,Consumo Oficina,,,,,,,,"218,91",,,,,,,,,,,,FHY8D25,158497,,,,,Veicular,Abastecimento,
1193295559,LIMPEZA BANCO FHY8D25,11/08/2025,Despesa- Concluida,Frota,,,,,,,,300,,,,,,,,,,,,FHY8D25,0,,,,,Veicular,Manutenção,
1193304173,Bateria Voyage SEB9I75,11/08/2025,Despesa- Concluida,Frota,,,,,,,,347,,,,,,,,,,,,SEB9I75,0,,,,,Veicular,Manutenção,
1193615384,ABASTECIMENTO QUADRICICLO,12/08/2025,Despesa- Concluida,Comercial,,,,,,,,"30,47",,,,,,,,,,,,,1348,,,,,Veicular,Abastecimento,
1193799122,REPARO PNEU E BALANCEAMENTO DE RODA,12/08/2025,Despesa- Concluida,Frota,,,,,,,,50,,,,,,,,,,,,,0,,,,,Veicular,Manutenção,
1191471094,compra oleo para troca nos carros vendedores,08/08/2025,Despesa- Concluida,Comercial,,,,,,,,"972,87",,,,,,,,,,,,,,,,,,Veicular,Manutenção,
1193820370,Interfolha toalha,12/08/2025,Despesa- Concluida,Almoxarifado/Limpeza,,,,,,,,236,,,,,,,,,,,,,,,,,,Peça,,
1193825142,Produtos gerais,12/08/2025,Despesa- Concluida,Comercial,,,,,,,,"541,75",,,,,,,,,,,,,,,,,,Peça,,
1193546129,ABASTECIMENTO TKC5D99,12/08/2025,Despesa- Concluida,Consumo Oficina,,,,,,,,"267,34",,,,,,,,,,,,TKC5D99,8866,,,,,Veicular,Abastecimento,
1184551349,THINNER PARA OFICINA,28/07/2025,Despesa- Concluida,Consumo Oficina,,,,,,,,285,,,,,,,,,,,,,,,,,,Ferramenta,,
1194619471,REPARO DO FHY8D25,13/08/2025,Despesa- Concluida,Frota,,,,,,,,50,,,,,,,,,,,,FHY8D25,158497,,,,,Veicular,Manutenção,
1194627198,MANUTENÇÃO SEC2J19,13/08/2025,Despesa- Concluida,Frota,,,,,,,,50,,,,,,,,,,,,,90370,,,,,Veicular,Manutenção,
1194609310,CARREGAMENTO GRADE MUNK,13/08/2025,Despesa- Concluida,Comercial,,,,,,,,200,,,,,,,,,,,,,,,,,,Serviço de Terceiro,,
1193913380,REFAZER ROSCA SUPORTE,12/08/2025,Despesa- Concluida,Consumo Oficina,,,,,,,,140,,,,,,,,,,,,,,,,,,Serviço de Terceiro,,
1193814430,RECUPERAR ROSCA TERRACEADOR,12/08/2025,Despesa- Concluida,Consumo Oficina,,,,,,,,90,,,,,,,,,,,,,,,,,,Serviço de Terceiro,,
1193811453,DOBRADIÇA ANGELO ANDRE,12/08/2025,Despesa- Concluida,Cobrado do Cliente,,,,,3.736,,,160,,,,,,,,,,,,,,,,,,Serviço de Terceiro,,
1193806205,14 CHAPA PARA PLANTADEIRA,12/08/2025,Despesa- Concluida,Consumo Oficina,,,,,,,,220,,,,,,,,,,,,,,,,,,Serviço de Terceiro,,
1193803956,RETIFICAR VOLANTE VICENTE,12/08/2025,Despesa- Concluida,Cobrado do Cliente,,,,,3.578,,,220,,370,,,,,,,,,,,,,,,,Serviço de Terceiro,,
1193789010,SOLDAR ESCAPAMENTO,12/08/2025,Despesa- Concluida,Comercial,,,,,,,,120,,,,,,,,,,,,,,,,,,Serviço de Terceiro,,
1193778370,CALÇO PARA MONTAGEM DE CONJ. FRONTAL,12/08/2025,Despesa- Concluida,Consumo Oficina,,,,,,,,120,,,,,,,,,,,,,,,,,,Serviço de Terceiro,,
1183326280,MOTOR 8000 OLINTO,25/07/2025,Despesa- Concluida,Cobrado do Cliente,,,,,3861,,,280,,400,,,,,,,,,,,,,,,,Serviço de Terceiro,,
1185885299,PARAFUSO DA RODA DIANTEIRA DO TRATOR 5050 NOVO,30/07/2025,Despesa- Concluida,Comercial,,,,,,,,90,,,,,,,,,,,,,,,,,,Peça,,
1195092946,SACAR PARAFUSOS JOSE PIO,14/08/2025,Despesa- Concluida,GARANTIA,,,,,3.601,,,100,,100,,,,,,,,,,,,,,,,Serviço de Terceiro,,
1195107854,QUADRICICLO ESTOQUE,14/08/2025,Despesa- Concluida,Comercial,,,,,,,,"321,9",,,,,,,,,,,,,,,,,,Peça,,
1195126263,REVISÃO SEB9J47,14/08/2025,Despesa- Concluida,Frota,,,,,,,,190,,,,,,,,,,,,SEB9J47,74681,,,,,Veicular,Manutenção,
1195016246,ABASTECIMENTO  FHY8D25,14/08/2025,Despesa- Concluida,Consumo Oficina,,,,,,,,"278,18",,,,,,,,,,,,FHY8D25,158497,,,,,Veicular,Abastecimento,
1195381957,MANUTENÇÃO CABINE CAMINHÂO,14/08/2025,Despesa- Concluida,Frota,,,,,,,,500,,,,,,,,,,,,AQJ3H59,413475,,,,,Veicular,Manutenção,
1195023202,1 ARCO DE SERRA E 4 CEGUETA,14/08/2025,Despesa- Concluida,Consumo Oficina,,,,,,,,142,,,,,,,,,,,,,,,,,,Ferramenta,,
1195731481,ABASTECIMENTO QUADRICICLO,15/08/2025,Despesa- Concluida,Comercial,,,,,,,,"43,45",,,,,,,,,,,,,22,,,,,Veicular,Abastecimento,
1195869527,SPRAY MAZA PRETO ,15/08/2025,Despesa- Concluida,Consumo Oficina,,,,,,,,120,,,,,,,,,,,,,,,,,,Ferramenta,,
1195645108,ABASTECIMENTO TKY6E68,15/08/2025,Despesa- Concluida,Consumo Oficina,,,,,,,,"275,45",,,,,,,,,,,,TKY6E68,13336,,,,,Veicular,Abastecimento,
1196242700,EIXO HOMOCINETICO STRADA,16/08/2025,Despesa- Concluida,Consumo Oficina,,,,,,,,80,,,,,,,,,,,,ATJ6211,0,,,,,Veicular,Manutenção,
1196839831,ABASTECIMENTO FHY8D25,18/08/2025,Despesa- Concluida,Consumo Oficina,,,,,,,,"249,5",,,,,,,,,,,,FHY8D25,95688,,,,,Veicular,Abastecimento,
1187184845,DIESEL PRA TRATOR DE DESMONSTRAÇÃO 9500S,01/08/2025,Despesa- Concluida,Comercial,,,,,,,,"30,49",,,,,,,,,,,,,,,,,,Veicular,Abastecimento,
1188248947,MACACO VERMELHO,04/08/2025,Despesa- Concluida,Consumo Oficina,,,,,,,,168,,,,,,,,,,,,,,,,,,Ferramenta,,
1188245376,MACACO AZUL PRENSA,04/08/2025,Despesa- Concluida,Consumo Oficina,,,,,,,,145,,,,,,,,,,,,,,,,,,Ferramenta,,
1188239313,MACACO PNEUMATICO VERMELHO + BOMBA PNEUMATICA,04/08/2025,Despesa- Concluida,Consumo Oficina,,,,,,,,"233,5",,,,,,,,,,,,,,,,,,Ferramenta,,
1188247055,MACACO VERDE,04/08/2025,Despesa- Concluida,Consumo Oficina,,,,,,,,"197,93",,,,,,,,,,,,,,,,,,Ferramenta,,
1188241695,MACACO JACARÉ,04/08/2025,Despesa- Concluida,Consumo Oficina,,,,,,,,"136,93",,,,,,,,,,,,,,,,,,Ferramenta,,
1188243250,MACACO VERDE P,04/08/2025,Despesa- Concluida,Consumo Oficina,,,,,,,,"90,34",,,,,,,,,,,,,,,,,,Ferramenta,,
1191620927,BUCHA DO ASSENTO DLZ1967,08/08/2025,Despesa- Concluida,Consumo Oficina,,,,,,,,290,,,,,,,,,,,,DLZ1967,1,,,,,Veicular,Manutenção,
1190316167,ABASTECIMENTO CAMINHÃO AQJ3H39,07/08/2025,Despesa- Concluida,Comercial,,,,,,,,"1.631,14",,,,,,,,,,,,AQJ3H59,,,,,,Veicular,Abastecimento,
1188909374,ABASTECIMENTO EVG1E67,05/08/2025,Despesa- Concluida,Comercial,,,,,,,,"1.244,74",,,,,,,,,,,,,233616,,,,,Veicular,Abastecimento,
1185656181,ALMOÇO TIO TOKO,30/07/2025,Despesa- Concluida,Consumo Oficina,,,,,,,,,,,,,,,,,,,,,,,,,,Alimentação,,
1189787544,SPRAY ACRILICO,06/08/2025,Despesa- Concluida,Consumo Oficina,,,,,,,,60,,,,,,,,,,,,,,,,,,Ferramenta,,
1190361794,CONSERTO DE ASPIRADOR,07/08/2025,Despesa- Concluida,Consumo Oficina,,,,,,,,590,,,,,,,,,,,,,,,,,,Serviço de Terceiro,,
1191346162,ABASTECIMENTO DO TKY6E68,08/08/2025,Despesa- Concluida,Consumo Oficina,,,,,,,,"289,77",,,,,,,,,,,,TKY6E68,13088,,,,,Veicular,Abastecimento,
1190356243,50 ETIQUETAS OLEO,07/08/2025,Despesa- Concluida,Consumo Oficina,,,,,,,,210,,,,,,,,,,,,,,,,,,Ferramenta,,
1186850282,ABASTECIMENTO PARA SERVIÇO EM CAMPO TKY6E68,01/08/2025,Despesa- Concluida,Consumo Oficina,,,,,,,,"311,84",,,,,,,,,,,,TKY6E68,,,,,,Veicular,Abastecimento,
1166456860,ABASTECIMENTO FXM4G90,26/06/2025,Despesa- Concluida,Consumo Oficina,,,,,,,,"233,31",,,,,,,,,,,,FXM4G90,,,,,,Veicular,Abastecimento,
1195438352,SPRAY PRETO PARA CARRETA LUMA,14/08/2025,Despesa- Concluida,Consumo Oficina,,,,,,,,"67,5",,,,,,,,,,,,,,,,,,Ferramenta,,
1191414650,DILUENTE P.U,08/08/2025,Despesa- Concluida,Consumo Oficina,,,,,,,,"132,78",,,,,,,,,,,,,,,,,,Ferramenta,,
1189827478,PRODUTO DE LIMPEZA PRA VEÍCULOS,06/08/2025,Despesa- Concluida,Consumo Oficina,,,,,,,,80,,,,,,,,,,,,,,,,,,Ferramenta,,
1185977233,FUNDO PREPARADOR,30/07/2025,Despesa- Concluida,Consumo Oficina,,,,,,,,"117,11",,,,,,,,,,,,,,,,,,Ferramenta,,
1181936023,"Tinta, pincel e escova de aço",23/07/2025,Despesa- Concluida,Consumo Oficina,,,,,,,,"235,5",,,,,,,,,,,,,,,,,,Ferramenta,,
1177410315,LIXAS ROKIT,16/07/2025,Despesa- Concluida,Comercial,,,,,,,,"110,4",,,,,,,,,,,,,,,,,,Peça,,
1173935654,Tinta laca grafite p/rodas,10/07/2025,Despesa- Concluida,Comercial,,,,,,,,"79,75",,,,,,,,,,,,,,,,,,Peça,,
1191061136,RECONDICIONAR COMPRESOR DE AR,08/08/2025,Despesa- Concluida,Cobrado do Cliente,,,,,3844,,,750,,990,,,,,,,,,,,,,,,,Serviço de Terceiro,,
1197254012,SPRAY SEMIBRILHO PRETO,18/08/2025,Despesa- Concluida,Consumo Oficina,,,,,,,,"137,4",,,,,,,,,,,,,,,,,,Peça,,
1197264682,THINNER E MAZA DEMARCAÇÃO AMARELO,18/08/2025,Despesa- Concluida,Comercial,,,,,,,,"247,9",,,,,,,,,,,,,,,,,,Peça,,
1195642733,CAIXA DE FERRAMENTA,15/08/2025,Despesa- Concluida,Consumo Oficina,,,,,,,,209,,,,,,,,,,,,,,,,,,Ferramenta,,
1198010678,OCULOS MILANO E CORDA,19/08/2025,Despesa- Concluida,Comercial,,,,,,,,"77,5",,,,,,,,,,,,,,,,,,Ferramenta,,
1196859305,ABASTECIMENTO DLZ1967,18/08/2025,Despesa- Concluida,Frota,,,,,,,,"238,85",,,,,,,,,,,,DLZ1967,182524,,,,,Veicular,Abastecimento,
1198432408,ABASTECIMENTO FXM4G90,20/08/2025,Despesa- Concluida,Frota,,,,,,,,"240,56",,,,,,,,,,,,FXM4G90,235115,,,,,Veicular,Abastecimento,
1196835709,ABASTECIMENTO FXM4G90,18/08/2025,Despesa- Concluida,Consumo Oficina,,,,,,,,"234,58",,,,,,,,,,,,FXM4G90,234698,,,,,Veicular,Abastecimento,
1195901452,ABASTECIMENTO EVG1E67,15/08/2025,Despesa- Concluida,Comercial,,,,,,,,"1.748,00",,,,,,,,,,,,EVG1E67,234061,,,,,Veicular,Abastecimento,
1198460847,ABASTECIMENTO TKC5D99,20/08/2025,Despesa- Concluida,Consumo Oficina,,,,,,,,"259,82",,,,,,,,,,,,TKC5D99,9352,,,,,Veicular,Abastecimento,
1193959251,ABASTECIMENTO AQJ3H59,12/08/2025,Despesa- Concluida,Frota,,,,,,,,"824,34",,,,,,,,,,,,AQJ3H59,134735,,,,,Veicular,Abastecimento,
1195117348,MANUTENÇÃO ROQUE RIBEIRO,14/08/2025,Despesa- Concluida,Cobrado do Cliente,,,,,3873,,,"71,71",,100,,,,,,,,,,,,,,,,Peça,,
1198891237,ABASTECIMENTO FHY8D25,20/08/2025,Despesa- Concluida,Consumo Oficina,,,,,,,,"257,61",,,,,,,,,,,,FHY8D25,0,,,,,Veicular,Abastecimento,
1199392172,ABASTECIMENTO FXM4G90,21/08/2025,Despesa- Concluida,Consumo Oficina,,,,,,,,"179,26",,,,,,,,,,,,FXM4G90,235470,,,,,Veicular,Abastecimento,
1199563567,ABASTECIMENTO AQJ3H59,21/08/2025,Despesa- Concluida,Comercial,,,,,,,,"1.015,31",,,,,,,,,,,,AQJ3H59,414106,,,,,Veicular,Abastecimento,
1200132361,ABASTECIMENTO EVG1E67,22/08/2025,Despesa- Concluida,Comercial,,,,,,,,"575,34",,,,,,,,,,,,EVG1E67,0,,,,,Veicular,Abastecimento,
1200232905,PRODUTOS QUADRICICLO,22/08/2025,Despesa- Concluida,Comercial,,,,,,,,140,,,,,,,,,,,,,,,,,,Ferramenta,,
1201388344,MANUTENÇÃO DE TRATOR,25/08/2025,Despesa- Concluida,Comercial,,,,,,,,"169,02",,,,,,,,,,,,,,,,,,Peça,,
1201646728,DESCARREGAMENTO CARRETA,25/08/2025,Despesa- Concluida,Comercial,,,,,,,,400,,200,,,,,,,,,,,,,,,,Serviço de Terceiro,,
1201705241,TROCA PARAFUSO CABINE,25/08/2025,Despesa- Concluida,Frota,,,,,,,,100,,,,,,,,,,,,,,,,,,Serviço de Terceiro,,
1200585261,CALIBRADOR PARA TRATOR,23/08/2025,Despesa- Concluida,Consumo Oficina,,,,,,,,"95,9",,,,,,,,,,,,,,,,,,Ferramenta,,
1202512656,ABASTECIMENTO AYB4230,26/08/2025,Despesa- Concluida,Comercial,,,,,,,,"311,76",,,,,,,,,,,,AYB4230,204.376,,,,,Veicular,Abastecimento,
1202887653,DIESEL PARA ENTREGA DO TRATOR AO CLIENTE,27/08/2025,Despesa- Concluida,Comercial,,,,,,,,"59,9",,,,,,,,,,,,,12,,,,,Veicular,Abastecimento,
1203031567,MANUTENÇÃO DO TRATOR 9500 ESTOQUE,27/08/2025,Despesa- Concluida,Comercial,,,,,,,,"4.120,00",,,,,,,,,,,,,,,,,,Serviço de Terceiro,,
1203045117,HOSPEDAGEM ESPLANADA DE PROMISSÃO,27/08/2025,Despesa- Concluida,Consumo Oficina,,,,,,,,165,,,,,,,,,,,,,,,,,,Serviço de Terceiro,,
1201825052,ABASTECIMENTO EVG1E67,25/08/2025,Despesa- Concluida,Comercial,,,,,,,,"332,36",,,,,,,,,,,,EVG1E67,234596,,,,,Veicular,Abastecimento,
1201786692,ABASTECIMENTO AQJ3H59,25/08/2025,Despesa- Concluida,Comercial,,,,,,,,"1.139,28",,,,,,,,,,,,AQJ3H59,414786,,,,,Veicular,Abastecimento,
1202795470,ABASTECIMENTO EVG1E67,27/08/2025,Despesa- Concluida,Comercial,,,,,,,,"978,82",,,,,,,,,,,,EVG1E67,235408,,,,,Veicular,Abastecimento,
1203519148,ABASTECIMENTO DIESEL PRA TRATOR,28/08/2025,Despesa- Concluida,Comercial,,,,,,,,"89,85",,,,,,,,,,,,,15,,,,,Veicular,Abastecimento,
1203502353,ABASTECIMENTO DLZ1967,28/08/2025,Despesa- Concluida,Consumo Oficina,,,,,,,,"266,71",,,,,,,,,,,,DLZ1967,183131,,,,,Veicular,Abastecimento,
1202802518,ABASTECIMENTO TCK5D99,27/08/2025,Despesa- Concluida,Consumo Oficina,,,,,,,,"305,51",,,,,,,,,,,,TKC5D99,9886,,,,,Veicular,Abastecimento,
1202806211,ABASTECIMENTO FXM4G90,27/08/2025,Despesa- Concluida,Consumo Oficina,,,,,,,,"216,83",,,,,,,,,,,,FXM4G90,235863,,,,,Veicular,Abastecimento,
1203824007,BROCA,28/08/2025,Despesa- Concluida,Consumo Oficina,,,,,,,,276,,,,,,,,,,,,,,,,,,Ferramenta,,
1203987632,ABASTECIMENTO AQJ3H59,28/08/2025,Despesa- Concluida,Consumo Oficina,,,,,,,,"1.786,08",,,,,,,,,,,,AQJ3H59,415873,,,,,Veicular,Abastecimento,
1204263706,ABASTECIMENTO FXM4G90,29/08/2025,Despesa- Concluida,Consumo Oficina,,,,,,,,"183,9",,,,,,,,,,,,FXM4G90,236220,,,,,Veicular,Abastecimento,
1204265242,ABASTECIMENTO FHY8D25,29/08/2025,Despesa- Concluida,Consumo Oficina,,,,,,,,"320,64",,,,,,,,,,,,FHY8D25,0,,,,,Veicular,Abastecimento,
1196913194,PEÇAS STARA TORNADO 300,18/08/2025,Despesa- Concluida,Comercial,,,,,,,,"640,75",,,,,,,,,,,,,,,,,,Peça,,
1208372858,DISCO DESBASTE,04/09/2025,Despesa- Concluida,Consumo Oficina,,,,,,,,39,,,,,,,,,,,,,,,,,,Ferramenta,,
1209569864,ABASTECIMENTO QUADRICICLO ,06/09/2025,Despesa- Concluida,Comercial,,,,,,,,"158,75",,,,,,,,,,,,,0,,,,,Veicular,Abastecimento,
1210114397,ABASTECIMENTO AQJ3H59,08/09/2025,Despesa- Concluida,Comercial,,,,,,,,"179,7",,,,,,,,,,,,AQJ3H59,417764,,,,,Veicular,Abastecimento,
1208797566,ABASTECIMENTO TKC5D99,05/09/2025,Despesa- Concluida,Consumo Oficina,,,,,,,,"259,34",,,,,,,,,,,,TKC5D99,10851,,,,,Veicular,Abastecimento,
1204980514,ABASTECIMENTO FXM4G90,30/08/2025,Despesa- Concluida,Consumo Oficina,,,,,,,,"98,88",,,,,,,,,,,,FXM4G90,236424,,,,,Veicular,Abastecimento,
1210108717,ABASTECIMENTO FHY8D25,08/09/2025,Despesa- Concluida,Consumo Oficina,,,,,,,,"233,28",,,,,,,,,,,,FHY8D25,158497,,,,,Veicular,Abastecimento,
1210390581,DESPESAS FXM4G90,08/09/2025,Despesa- Concluida,Consumo Oficina,,,,,,,,"554,61",,,,,,,,,,,,FXM4G90,21045,,,,,Veicular,Manutenção,
1209174548,FURO CHAPA DE AÇO,05/09/2025,Despesa- Concluida,Consumo Oficina,,,,,,,,160,,,,,,,,,,,,,,,,,,Serviço de Terceiro,,
1210233683,MANUTENÇÃO DLZ-1967,08/09/2025,Despesa- Concluida,Consumo Oficina,,,,,,,,70,,,,,,,,,,,,DLZ1967,197342,,,,,Veicular,Manutenção,
1210407222,MANUTENÇÃO ATJ6211,08/09/2025,Despesa- Concluida,Frota,,,,,,,,260,,,,,,,,,,,,ATJ6211,5571,,,,,Veicular,Manutenção,
1210384105,MANUTENÇÃO ATJ6211,08/09/2025,Despesa- Concluida,Frota,,,,,,,,"517,63",,,,,,,,,,,,ATJ6211,5571,,,,,Veicular,Manutenção,
1210402450,ABASTECIMENTO 5050 0619,08/09/2025,Despesa- Concluida,"Comercial, Frota",,,,,,,,"59,9",,,,,,,,,,,,,1.0,,,,,Veicular,Abastecimento,
1202442733,ESPÁTULA,26/08/2025,Despesa- Concluida,Consumo Oficina,,,,,,,,"186,5",,,,,,,,,,,,,,,,,,Ferramenta,,
1210121606,ABASTECIMENTO EVG1E67,08/09/2025,Despesa- Concluida,Comercial,,,,,,,,"1.014,47",,,,,,,,,,,,EVG1E67,236405,,,,,Veicular,Abastecimento,
1210773196,MANGUEIRA CLIENTE ROQUE RIBEIRO,09/09/2025,Despesa- Concluida,Cobrado do Cliente,,,,,3980,,,"71,71",,,,,,,,,,,,,,,,,,Peça,,
1202496781,Abastecimento TKY6E68,26/08/2025,Despesa- Concluida,Consumo Oficina,,,,,,,,"285,51",,,,,,,,,,,,TKY6E68,13872,,,,,Veicular,Abastecimento,
1209135912,ABASTECIMENTO TKY6E68,05/09/2025,Despesa- Concluida,Consumo Oficina,,,,,,,,"306,32",,,,,,,,,,,,TKY6E68,16375,,,,,Veicular,Abastecimento,
1211692791,PINTURA TRATOR CLIENTE MARCIO,10/09/2025,Despesa- Concluida,Comercial,,,,,,,,"90,01",,,,,,,,,,,,,,,,,,Ferramenta,,
1186225889,FERRAMENTA PARA REGULAR VÁLVULA,31/07/2025,Despesa- Concluida,Consumo Oficina,,,,,,,,46,,,,,,,,,,,,,,,,,,Ferramenta,,
1210333046,ABASTECIMENTO DLZ1967,08/09/2025,Despesa- Concluida,Consumo Oficina,,,,,,,,"150,29",,,,,,,,,,,,DLZ1967,184040,,,,,Veicular,Abastecimento,
1205686116,ABASTECIMENTO TRATOR ADRIANO CORCOVIA PARA ENTREGA,01/09/2025,Despesa- Concluida,Comercial,,,,,,,,"179,7",,,,,,,,,,,,,1.6,,,,,Veicular,Abastecimento,
1204986162,REPAROS NOS BANCOS DA MONTANA ,30/08/2025,Despesa- Concluida,Frota,,,,,,,,300,,,,,,,,,,,,FHY8D25,0,,,,,Veicular,Manutenção,
1204984207,BALANCEAMENTO RODA DLZ1967,30/08/2025,Despesa- Concluida,Consumo Oficina,,,,,0,,,50,,50,,,,,,,,,,DLZ1967,183403,,,,,Veicular,Manutenção,
1199574015,REPARO TRATOR 4356,21/08/2025,Despesa- Concluida,Comercial,,,,,,,,132,,,,,,,,,,,,,,,,,,Peça,,
1199205877,SERVIÇOS DE PNEUS CAMINHAO MUNK,21/08/2025,Despesa- Concluida,Comercial,,,,,,,,50,,,,,,,,,,,,EVG1E67,234243,,,,,Veicular,Manutenção,
1196853878,PEÇA STARA TORNADO,18/08/2025,Despesa- Concluida,Comercial,,,,,,,,150,,,,,,,,,,,,,,,,,,Peça,,
1204980921,TINTA SPRAY,30/08/2025,Despesa- Concluida,Consumo Oficina,,,,,,,,132,,,,,,,,,,,,,,,,,,Ferramenta,,
1206065788,ABASTECIMENTO EVG1e67,01/09/2025,Despesa- Concluida,Comercial,,,,,,,,"895,74",,,,,,,,,,,,EVG1E67,235851,,,,,Veicular,Abastecimento,
1205654917,ABASTECIMENTO ATJ6211,01/09/2025,Despesa- Concluida,Consumo Oficina,,,,,,,,"183,79",,,,,,,,,,,,ATJ6211,348403,,,,,Veicular,Abastecimento,
1206453523,GASOLINA PARA LIMPEZA DO TANQUE DE TRATOR EM ESTOQUE,02/09/2025,Despesa- Concluida,Comercial,,,,,,,,"29,96",,,,,,,,,,,,,7.4,,,,,Veicular,Manutenção,
1205771237,ABASTECIMENTO PARA ENTREGA DO ACCURA,01/09/2025,Despesa- Concluida,Comercial,,,,,,,,"147,3",,,,,,,,,,,,,149805,,,,,Veicular,Abastecimento,
1205662432,ABASTECIMENTO TKY6E68,01/09/2025,Despesa- Concluida,Consumo Oficina,,,,,,,,"233,46",,,,,,,,,,,,TKY6E68,14670,,,,,Veicular,Abastecimento,
1206647392,SPRAY PARA SERVIÇOS DA OFICINA,02/09/2025,Despesa- Concluida,Consumo Oficina,,,,,,,,120,,,,,,,,,,,,,,,,,,Ferramenta,,
1207562880,SERVIÇO DE TERCEITO MUNK,03/09/2025,Despesa- Concluida,Comercial,,,,,,,,200,,,,,,,,,,,,,,,,,,Serviço de Terceiro,,
1206058138,VISOR PARA PASTA( ETIQUETA),01/09/2025,Despesa- Concluida,Consumo Oficina,,,,,,,,"47,02",,,,,,,,,,,,,,,,,,Ferramenta,,
1202379899,LÂMPADA PARA TRATOR,26/08/2025,Despesa- Concluida,Consumo Oficina,,,,,3911,,,120,,,,,,,,,,,,,,,,,,Peça,,
1204367222,REVISÃO CARRO GABRIEL,29/08/2025,Despesa- Concluida,Frota,,,,,,,,"1.365,79",,,,,,,,,,,,TKC5D99,10553,,,,,Veicular,Manutenção,
1207974788,MANUTENÇÃO EPX5253,04/09/2025,Despesa- Concluida,Comercial,,,,,,,,"122,4",,,,,,,,,,,,,0,,,,,Veicular,Manutenção,
1198689981,COLA SUPERBONDE,20/08/2025,Despesa- Concluida,Consumo Oficina,,,,,,,,"17,35",,,,,,,,,,,,,,,,,,Ferramenta,,
1207576383,PORCA ROSCADA DE AÇO,03/09/2025,Despesa- Concluida,Comercial,,,,,,,,17,,,,,,,,,,,,,,,,,,Peça,,
1206630254,ASBATECIMENTO 6075 4354,02/09/2025,Despesa- Concluida,Comercial,,,,,,,,"29,96",,,,,,,,,,,,,7.4,,,,,Veicular,Abastecimento,
1208219651,ALMOÇO TIO TOKO LUIZ FERNANDO,04/09/2025,Despesa- Concluida,Comercial,,,,,,,,"71,8",,,,,,,,,,,,,,,,,,Alimentação,,
1186863166,EXTENSÃO E CORDA,01/08/2025,Despesa- Concluida,Comercial,,,,,,,,160,,,,,,,,,,,,,,,,,,Ferramenta,,
1180845787,TERMORETRÁTIL PARA USO DA OFICINA,22/07/2025,Despesa- Concluida,Comercial,,,,,,,,55,,,,,,,,,,,,,,,,,,Ferramenta,,
1207321747,ABASTECIMENTOS TRATORES DEMONSTRAÇÃO,03/09/2025,Despesa- Concluida,Comercial,,,,,,,,"119,8",,,,,,,,,,,,,0,,,,,Veicular,Abastecimento,
1207948144,ABASTECIMENTO DLZ1967,04/09/2025,Despesa- Concluida,Consumo Oficina,,,,,,,,"244,69",,,,,,,,,,,,DLZ1967,183740,,,,,Veicular,Abastecimento,
1208385816,ABASTECIMENTO TRATOR EVENTO,04/09/2025,Despesa- Concluida,Comercial,,,,,,,,"119,8",,,,,,,,,,,,,0,,,,,Veicular,Abastecimento,
1208380068,ABASTECIMENTO DE QUADRICICLO,04/09/2025,Despesa- Concluida,Comercial,,,,,,,,"54,58",,,,,,,,,,,,,0,,,,,Veicular,Abastecimento,
1207623937,ABASTECIMENTO TKY6E68,03/09/2025,Despesa- Concluida,Consumo Oficina,,,,,,,,"270,34",,,,,,,,,,,,TKY6E68,15176,,,,,Veicular,Abastecimento,
1209155343,PRODUTO LAVADOR ,05/09/2025,Despesa- Concluida,Consumo Oficina,,,,,,,,"860,07",,,,,,,,,,,,,,,,,,Ferramenta,,
1208193828,TINTA PARA PINTURA VERDE,04/09/2025,Despesa- Concluida,Comercial,,,,,,,,180,,,,,,,,,,,,,,,,,,Ferramenta,,
1194532956,ADESIVOS PARA REVISÕES,13/08/2025,Despesa- Concluida,Consumo Oficina,,,,,,,,300,,,,,,,,,,,,,,,,,,Ferramenta,,
1205036024,ABASTECIMENTO TKC5D99,30/08/2025,Despesa- Concluida,Consumo Oficina,,,,,,,,"265,56",,,,,,,,,,,,TKC5D99,10411,,,,,Veicular,Abastecimento,
1208257382,PEÇAS PARA O TRATOR DO ROQUE LANDICO,04/09/2025,Despesa- Concluida,Cobrado do Cliente,,,,,3980,,,"253,37",,400,,,,,,,,,,,,,,,,Peça,,
1207952089,ABRAÇADEIRA GRUPO RIBEIRO,04/09/2025,Despesa- Concluida,Cobrado do Cliente,,,,,0,,,28,,,,,,,,,,,,,,,,,,Peça,,
1201708371,MARIA FÁVARO PULVERIZADOR 2 PORCA,25/08/2025,Despesa- Concluida,Cobrado do Cliente,,,,,0,,,130,,185,,,,,,,,,,,,,,,,Peça,,
1187475518,KIT REVISÃO,02/08/2025,Despesa- Concluida,Consumo Oficina,,,,,,,,"354,3",,,,,,,,,,,,,,,,,,Ferramenta,,
1212704728,"BARRAS, POLEGADAS,  4PORTA E ARRUELA",11/09/2025,Despesa- Concluida,Consumo Oficina,,,,,,,,"243,6",,,,,,,,,,,,,,,,,,Ferramenta,,
1212799899,ABASTECIMENTO DLZ1967,11/09/2025,Despesa- Concluida,Consumo Oficina,,,,,,,,"154,41",,,,,,,,,,,,DLZ1967,184404,,,,,Veicular,Abastecimento,
1212711390,ABASTECIMENTO FXM4G90,11/09/2025,Despesa- Concluida,Consumo Oficina,,,,,,,,"258,87",,,,,,,,,,,,FXM4G90,238016,,,,,Veicular,Abastecimento,
1212446385,ABASTECIMENTO EVG1E67,11/09/2025,Despesa- Concluida,Frota,,,,,,,,"770,7",,,,,,,,,,,,EVG1E67,236839,,,,,Veicular,Abastecimento,
1212343554,ABASTECIMENTO FHY8D25,11/09/2025,Despesa- Concluida,Consumo Oficina,,,,,,,,"184,88",,,,,,,,,,,,FHY8D25,0,,,,,Veicular,Abastecimento,
1211635981,ABASTECIMENTO TKY6E68,10/09/2025,Despesa- Concluida,Consumo Oficina,,,,,,,,"139,94",,,,,,,,,,,,TKY6E68,16442,,,,,Veicular,Abastecimento,
1210153014,ABASTECIMENTO TRATOR PARA ENTREGA,08/09/2025,Despesa- Concluida,Comercial,,,,,,,,"59,9",,,,,,,,,,,,,0,,,,,Veicular,Abastecimento,
1211224244,MANUTENÇÃO SEC2J19,09/09/2025,Despesa- Concluida,Frota,,,,,,,,105,,,,,,,,,,,,SEC2J19,94248,,,,,Veicular,Manutenção,
1213169300,ABASTECIMENTO JOSÉ ANGELO,12/09/2025,Despesa- Concluida,Frota,,,,,,,,"158,76",,,,,,,,,,,,,498086,,,,,Veicular,Abastecimento,
1187202814,FXM4G90 ABASTECIMENTO,01/08/2025,Despesa- Concluida,Consumo Oficina,,,,,,,,"244,93",,,,,,,,,,,,FXM4G90,234915,,,,,Veicular,Abastecimento,
1207538217,"1,5M MANGUEIRA E 8 ABRAÇADEIRA",03/09/2025,Despesa- Concluida,Consumo Oficina,,,,,,,,58,,,,,,,,,,,,,,,,,,Peça,,
1214370584,TORNEIRA PARA OFICINA,15/09/2025,Despesa- Concluida,Consumo Oficina,,,,,,,,"75,83",,,,,,,,,,,,,,,,,,Peça,,
1214263233,ABASTECIMENTO TKY6E68,15/09/2025,Despesa- Concluida,Frota,,,,,,,,"292,71",,,,,,,,,,,,TKY6E68,17010,,,,,Veicular,Abastecimento,
1214389775,BUCHAS PARA O TL NININHO MARQUETE,15/09/2025,Despesa- Concluida,Cobrado do Cliente,,,,,812,,,100,,,,,,,,,,,,,,,,,,Peça,,
1214753685,ARRUELA DE ALUMINIO,15/09/2025,Despesa- Concluida,Consumo Oficina,,,,,,,,"2,5",,,,,,,,,,,,,,,,,,Peça,,
1213475204,TROCAR FALANTE FXM4G90,12/09/2025,Despesa- Concluida,Consumo Oficina,,,,,,,,80,,,,,,,,,,,,FXM4G90,238349,,,,,Veicular,Manutenção,
1214746336,MANUTENÇÃO DO FOX EPX5406,15/09/2025,Despesa- Concluida,Frota,,,,,,,,186,,,,,,,,,,,,EPX5406,171429,,,,,Veicular,Manutenção,
1214754025,MANUTENÇÃO ATJ6211,15/09/2025,Despesa- Concluida,Frota,,,,,,,,125,,,,,,,,,,,,ATJ6211,115753,,,,,Veicular,Manutenção,
1214759432,MANUTENÇÃO FHY8D25,15/09/2025,Despesa- Concluida,Frota,,,,,,,,157,,,,,,,,,,,,FHY8D25,61177,,,,,Veicular,Manutenção,
1215485794,VARETA LATÃO,16/09/2025,Despesa- Concluida,Consumo Oficina,,,,,0,,,"15,5",,,,,,,,,,,,,,,,,,Peça,,
1214556487,GALÃO DE AGUA,15/09/2025,Despesa- Concluida,Consumo Oficina,,,,,,,,61,,,,,,,,,,,,,,,,,,Ferramenta,,
1216016118,KIT RHAICHOQUE,17/09/2025,Despesa- Concluida,Consumo Oficina,,,,,,,,"59,9",,,,,,,,,,,,,,,,,,Ferramenta,,
1215055546,ABASTECIMENTO DLZ1967,16/09/2025,Despesa- Concluida,Consumo Oficina,,,,,,,,"260,1",,,,,,,,,,,,DLZ1967,184930,,,,,Veicular,Abastecimento,
1215187572,ABASTECIMENTO TKY6E68,16/09/2025,Despesa- Concluida,Consumo Oficina,,,,,,,,"119,53",,,,,,,,,,,,TKY6E68,17214,,,,,Veicular,Abastecimento,
1215058959,ABASTECIMENTEO FHY8D25,16/09/2025,Despesa- Concluida,Consumo Oficina,,,,,,,,"276,69",,,,,,,,,,,,FHY8D25,0,,,,,Veicular,Abastecimento,
1215343018,ALINHAMENTO E BALANCEAMENTO FXM4G90,16/09/2025,Despesa- Concluida,Frota,,,,,,,,120,,,,,,,,,,,,FXM4G90,217400,,,,,Veicular,Manutenção,
1215376972,ALINHAMENTO E BALANCEAMENTO GIH0I50,16/09/2025,Despesa- Concluida,Frota,,,,,,,,120,,,,,,,,,,,,GIH0I50,0,,,,,Veicular,Manutenção,
1216017883,ABASTECIMENTO ALEX,17/09/2025,Despesa- Concluida,Consumo Oficina,,,,,,,,"29,95",,,,,,,,,,,,,0,,,,,Veicular,Abastecimento,
1215319164,ABASTECIMENTO AQJ3H59,16/09/2025,Despesa- Concluida,Frota,,,,,,,,"1.007,02",,,,,,,,,,,,AQJ3H59,0,,,,,Veicular,Abastecimento,
1216169185,PARAFUSO PARA O TRATOR OJA,17/09/2025,Despesa- Concluida,Consumo Oficina,,,,,,,,"28,8",,,,,,,,,,,,,,,,,,Peça,,
1216191686,VEDA ESCAPAMENTO,17/09/2025,Despesa- Concluida,Consumo Oficina,,,,,,,,8,,,,,,,,,,,,,,,,,,Peça,,
1216429708,FERRAMENTA PARA OFICINA,18/09/2025,Despesa- Concluida,Consumo Oficina,,,,,,,,"230,2",,,,,,,,,,,,,,,,,,Ferramenta,,
1213716363,DESPESA CAMINHAO,13/09/2025,Despesa- Concluida,Comercial,,,,,,,,"1.779,00",,,,,,,,,,,,ATJ6211,0,,,,,Veicular,Manutenção,
1216477610,PARAFUSO PRA PLATAFORMA,18/09/2025,Despesa- Concluida,Consumo Oficina,,,,,,,,"87,6",,,,,,,,,,,,,,,,,,Peça,,
1216477659,ABASTECIMENTO ATJ6211,18/09/2025,Despesa- Concluida,Consumo Oficina,,,,,,,,"272,14",,,,,,,,,,,,ATJ6211,348783,,,,,Veicular,Abastecimento,
1216017611,ABASTECIMENTO TKC5D99,17/09/2025,Despesa- Concluida,Consumo Oficina,,,,,,,,"243,88",,,,,,,,,,,,TKC5D99,11289,,,,,Veicular,Abastecimento,
1217273790,ALMOÇO POINT GRILL 08/09,19/09/2025,Despesa- Concluida,Consumo Oficina,,,,,,,,"35,9",,,,,,,,,,,,,,,,,,Alimentação,,
1217273093,ALMOÇO POINT GRILL 15/09,19/09/2025,Despesa- Concluida,Consumo Oficina,,,,,,,,"34,9",,,,,,,,,,,,,,,,,,Alimentação,,
1217271266,ALMOÇO POINT GRILL 17/09,19/09/2025,Despesa- Concluida,Consumo Oficina,,,,,,,,30,,,,,,,,,,,,,,,,,,Alimentação,,
1217092131,ABASTECIMENTO DE DIESEL 7095,19/09/2025,Despesa- Concluida,Comercial,,,,,,,,"59,9",,,,,,,,,,,,,7,,,,,Veicular,Abastecimento,
1213479840,PNEU FURADO ATJ6211,12/09/2025,Despesa- Concluida,Consumo Oficina,,,,,,,,30,,,,,,,,,,,,ATJ6211,348699,,,,,Veicular,Manutenção,
1217388510,TINER OFICINA,19/09/2025,Despesa- Concluida,Consumo Oficina,,,,,,,,"213,36",,,,,,,,,,,,,,,,,,Peça,,
1217647670,PEGAR RETIFICA,20/09/2025,Despesa- Concluida,Consumo Oficina,,,,,,,,233,,,,,,,,,,,,,,,,,,Peça,,
1217686951,ALIMENTAÇÃO OFICINA,20/09/2025,Despesa- Concluida,Consumo Oficina,,,,,,,,"130,48",,,,,,,,,,,,,,,,,,Alimentação,,
1219386641,DISCO DESBASTE,22/09/2025,Despesa- Concluida,Consumo Oficina,,,,,,,,"71,5",,,,,,,,,,,,,,,,,,Ferramenta,,
1219387950,PARAFUSOS ,22/09/2025,Despesa- Concluida,Consumo Oficina,,,,,,,,15,,,,,,,,,,,,,,,,,,Peça,,
1217648171,ABASTECIMENTO TKY6E68,20/09/2025,Despesa- Concluida,Consumo Oficina,,,,,,,,"310,88",,,,,,,,,,,,TKY6E68,17816,,,,,Veicular,Abastecimento,
1218848617,GUINCHO PARA 6075,22/09/2025,Despesa- Concluida,Comercial,,,,,,,,600,,,,,,,,,,,,,,,,,,Serviço de Terceiro,,
1219814998,PARAFUSOS PARA CONJUNTO FRONTAL PHD 400,23/09/2025,Despesa- Concluida,Consumo Oficina,,,,,,,,41,,,,,,,,,,,,,,,,,,Peça,,
1220005881,ABASTECIMENTO DLZ1967,23/09/2025,Despesa- Concluida,Consumo Oficina,,,,,,,,"269,23",,,,,,,,,,,,DLZ1967,185514,,,,,Veicular,Abastecimento,
1219380276,ABASTECIMENTO FHY8D25,22/09/2025,Despesa- Concluida,Consumo Oficina,,,,,,,,"295,32",,,,,,,,,,,,FHY8D25,158570,,,,,Veicular,Abastecimento,
1213443405,BLOCO DE RECADOS,12/09/2025,Despesa- Concluida,Consumo Oficina,,,,,,,,25,,,,,,,,,,,,,,,,,,Ferramenta,,
1219783474,ABASTECIMENTO EVG1E67,23/09/2025,Despesa- Concluida,Comercial,,,,,,,,"616,97",,,,,,,,,,,,EVG1E67,237563,,,,,Veicular,Abastecimento,
1214259699,ABASTECIMENTO EVG1E67,15/09/2025,Despesa- Concluida,Comercial,,,,,,,,"680,69",,,,,,,,,,,,EVG1E67,237231,,,,,Veicular,Abastecimento,
1220565747,ALMOÇO TIOTOKO,24/09/2025,Despesa- Concluida,Consumo Oficina,,,,,,,,"36,4",,,,,,,,,,,,,,,,,,Alimentação,,
1220461182,ELETRODO INOX ,24/09/2025,Despesa- Concluida,Consumo Oficina,,,,,,,,"7,02",,,,,,,,,,,,,,,,,,Ferramenta,,
1220642286,MANGUEIRA 8MM E 10 ABRAÇADEIRA,24/09/2025,Despesa- Concluida,Cobrado do Cliente,,,,,0,,,"83,5",,,,,,,,,,,,,,,,,,Peça,,
1220833519,TROCA DE PNEU TL 75,24/09/2025,Despesa- Concluida,Consumo Oficina,,,,,,,,400,,,,,,,,,,,,,,,,,,Peça,,
1221328994,CONVERTEDOR DE FERRUGEM,25/09/2025,Despesa- Concluida,Consumo Oficina,,,,,,,,"40,82",,,,,,,,,,,,,,,,,,Peça,,
1221172435,ABASTECIMENTO  EVG1E67,25/09/2025,Despesa- Concluida,Comercial,,,,,,,,"1.054,26",,,,,,,,,,,,EVG1E67,238219,,,,,Veicular,Abastecimento,
1221479879,"1 BOINA, 10 LIXA",25/09/2025,Despesa- Concluida,Consumo Oficina,,,,,,,,"183,5",,,,,,,,,,,,,,,,,,Ferramenta,,
1221796843,ABASTECIMENTO DLZ1967,26/09/2025,Despesa- Concluida,Frota,,,,,,,,"192,67",,,,,,,,,,,,DLZ1967,185895,,,,,Veicular,Abastecimento,
1220826510,ABASTECIMENTO AYB4230,24/09/2025,Despesa- Concluida,Comercial,,,,,,,,"249,49",,,,,,,,,,,,AYB4230,204807,,,,,Veicular,Abastecimento,
1221801098,TROCA DE COMBUSTÍVEL QUADRICICLO,26/09/2025,Despesa- Concluida,Consumo Oficina,,,,,,,,"59,9",,,,,,,,,,,,,37,,,,,Veicular,Abastecimento,
1223746506,FUNILARIA CAPÔ JIVO,29/09/2025,Despesa- Concluida,Comercial,,,,,,,,800,,,,,,,,,,,,,,,,,,Serviço de Terceiro,,
1223755424,PRANCHETA ,29/09/2025,Despesa- Concluida,Comercial,,,,,,,,"41,7",,,,,,,,,,,,,,,,,,Peça,,
1223463166,ABASTECIMENTO POLO,29/09/2025,Despesa- Concluida,Comercial,,,,,,,,"179,51",,,,,,,,,,,,,0,,,,,Veicular,Abastecimento,
1206019103,ABASTECIMENTO CAMINHÃO AQJ3H59,01/09/2025,Despesa- Concluida,Comercial,,,,,,,,"1.353,66",,,,,,,,,,,,AQJ3H59,416744,,,,,Veicular,Abastecimento,
1223868236,ABASTECIMENTO AQJ3H59,29/09/2025,Despesa- Concluida,Comercial,,,,,,,,"1.663,84",,,,,,,,,,,,AQJ3H59,419535,,,,,Veicular,Abastecimento,
1224464191,ABASTECIMENTO DLZ1967,30/09/2025,Despesa- Concluida,Frota,,,,,,,,"201,17",,,,,,,,,,,,DLZ1967,186448,,,,,Veicular,Abastecimento,
1223458963,VARETA DE SOLDA,29/09/2025,Despesa- Concluida,Consumo Oficina,,,,,,,,32,,,,,,,,,,,,,,,,,,Peça,,
1224963507,ABASTECIMENTO FHY8D25,01/10/2025,Despesa- Concluida,Frota,,,,,,,,"265,45",,,,,,,,,,,,FHY8D25,159035,,,,,Veicular,Abastecimento,
1224221259,ABASTECIMENTO TKY6E68,30/09/2025,Despesa- Concluida,Frota,,,,,,,,"76,36",,,,,,,,,,,,TKY6E68,18761,,,,,Veicular,Abastecimento,
1225030718,LUVA EPI,01/10/2025,Despesa- Concluida,Consumo Oficina,,,,,,,,"115,57",,,,,,,,,,,,,,,,,,Ferramenta,,
1211841751,ALMOÇO TIOTOKO,10/09/2025,Despesa- Concluida,Comercial,,,,,,,,"69,8",,,,,,,,,,,,,,,,,,Alimentação,,
1221949908,almoço tio toko,26/09/2025,Despesa- Concluida,Comercial,,,,,,,,"138,1",,,,,,,,,,,,,,,,,,Alimentação,,
1225796107,ABASTECIMENTO ECG1E67,02/10/2025,Despesa- Concluida,Comercial,,,,,,,,"721,32",,,,,,,,,,,,EVG1E67,238631,,,,,Veicular,Abastecimento,
1223906147,CAIXA SPRAY PRETO,29/09/2025,Despesa- Concluida,Consumo Oficina,,,,,,,,135,,,,,,,,,,,,,,,,,,Ferramenta,,
1224313711,TINTA PARA PST DUO,30/09/2025,Despesa- Concluida,Comercial,,,,,,,,"217,9",,,,,,,,,,,,,,,,,,Ferramenta,,
1225776778,ABASTECIMENTO TKY6E68,02/10/2025,Despesa- Concluida,Frota,,,,,,,,"240,51",,,,,,,,,,,,TKY6E68,19345,,,,,Veicular,Abastecimento,
1225223862,ABASTECIMENTO ATJ6211,01/10/2025,Despesa- Concluida,Frota,,,,,,,,"293,32",,,,,,,,,,,,ATJ6211,349632,,,,,Veicular,Abastecimento,
1226524403,"TINTA CINZA ESCURO, PINCEL E TEKBOND",03/10/2025,Despesa- Concluida,Consumo Oficina,,,,,,,,"90,01",,,,,,,,,,,,,,,,,,Peça,,
1226528136,BALANCEAMENTO E REPARO PNEU DO VOYAGEM,03/10/2025,Despesa- Concluida,Comercial,,,,,,,,50,,,,,,,,,,,,SEB9I75,0,,,,,Veicular,Manutenção,
1226546659,TRATOR TL75 MANUTENÇÃO,03/10/2025,Despesa- Concluida,Comercial,,,,,,,,500,,,,,,,,,,,,,,,,,,Peça,,
1226550199,MANUTENÇÃO GOL,03/10/2025,Despesa- Concluida,Frota,,,,,,,,780,,,,,,,,,,,,AYB4230,0,,,,,Veicular,Manutenção,
1226797738,ABASTECIEMENTO 6075 PLAT PARA ENTREGA,03/10/2025,Despesa- Concluida,Comercial,,,,,,,,"112,8",,,,,,,,,,,,,0,,,,,Veicular,Abastecimento,
1225781712,ABASTECIMENTO FHY8d25,02/10/2025,Despesa- Concluida,Frota,,,,,,,,"180,21",,,,,,,,,,,,FHY8D25,15664,,,,,Veicular,Abastecimento,
1227464449,MANUTENÇÃO FHY8D25,04/10/2025,Despesa- Concluida,Frota,,,,,,,,530,,,,,,,,,,,,FHY8D25,153432,,,,,Veicular,Manutenção,
1227451943,MANUTENÇÃO FHY8D25,04/10/2025,Despesa- Concluida,Frota,,,,,,,,830,,,,,,,,,,,,FHY8D25,128432,,,,,Veicular,Manutenção,
1228615022,ABASTECIMENTO DLZ1967,06/10/2025,Despesa- Concluida,Frota,,,,,,,,"91,88",,,,,,,,,,,,DLZ1967,94930,,,,,Veicular,Abastecimento,
1228595127,ABASTECIMENTO DLZ1967,06/10/2025,Despesa- Concluida,Frota,,,,,,,,"225,5",,,,,,,,,,,,DLZ1967,186962,,,,,Veicular,Manutenção,
1228878376,ABASTECIMENTO EVG1E67,06/10/2025,Despesa- Concluida,Comercial,,,,,,,,"1.083,02",,,,,,,,,,,,EVG1E67,239368,,,,,Veicular,Abastecimento,
1225389152,TINTA PARA GRADE GAICH TATU,01/10/2025,Despesa- Concluida,Comercial,,,,,,,,80,,,,,,,,,,,,,,,,,,Peça,,
1229452915,ABASTECIMENTO TKY6E68,07/10/2025,Despesa- Concluida,Frota,,,,,,,,"96,1",,,,,,,,,,,,TKY6E68,19940,,,,,Veicular,Abastecimento,
1226846880,5L DE GASOLINA QUADRICICLO ,03/10/2025,Despesa- Concluida,Comercial,,,,,,,,"30,09",,,,,,,,,,,,,0,,,,,Veicular,Abastecimento,
1225001278,DISCO DE CORTE,01/10/2025,Despesa- Concluida,Cobrado do Cliente,,,,,4044,,,"73,2",,,,,,,,,,,,,,,,,,Peça,,
1229465795,FUNILARIA E PINTURA TKC5D99,07/10/2025,Despesa- Concluida,Consumo Oficina,,,,,,,,"1.500,00",,,,,,,,,,,,TKC5D99,11300,,,,,Veicular,Manutenção,
1229456735,FAZER PORCA PARAFUSO,07/10/2025,Despesa- Concluida,Consumo Oficina,,,,,,,,120,,,,,,,,,,,,,,,,,,Serviço de Terceiro,,
1230529814,ABRAÇADEIRA PARA MONITOR JORGE JUSTOS,08/10/2025,Despesa- Concluida,Consumo Oficina,,,,,,,,75,,,,,,,,,,,,,,,,,,Peça,,
1229499244,ABASTECIMENTO TKC5D99,07/10/2025,Despesa- Concluida,Frota,,,,,,,,"286,1",,,,,,,,,,,,TKC5D99,12279,,,,,Veicular,Abastecimento,
1231101781,ABASTECIMENTO DLZ1967,09/10/2025,Despesa- Concluida,Consumo Oficina,,,,,,,,180,,,,,,,,,,,,DLZ1967,187284,,,,,Veicular,Abastecimento,
1217658577,PEÇA PARA MANUTENÇÃO DA STARA TORNADO,20/09/2025,Despesa- Concluida,Comercial,,,,,,,,240,,,,,,,,,,,,,,,,,,Peça,,
1221806425,HOSPEDAGEM JAPY GOLF OLINTO,26/09/2025,Despesa- Concluida,Cobrado do Cliente,,,,,4044,,,90,,120,,,,,,,,,,,,,,,,Serviço de Terceiro,,
1232322650,PEÇAS PARA EQUIPAMENTO ÁREA TOTAL ,10/10/2025,Despesa- Concluida,Comercial,,,,,,,,"87,6",,,,,,,,,,,,,,,,,,Peça,,
1232300974,FERRAMENTAS OFICINA,10/10/2025,Despesa- Concluida,Consumo Oficina,,,,,,,,"225,38",,,,,,,,,,,,,,,,,,Ferramenta,,
1229730836,SPRAY PRETO SEMI FOSCO,07/10/2025,Despesa- Concluida,Consumo Oficina,,,,,,,,108,,,,,,,,,,,,,,,,,,Peça,,
1232837090,ALICATE ANEIS EXTERNO,11/10/2025,Despesa- Concluida,Consumo Oficina,,,,,,,,92,,,,,,,,,,,,,,,,,,Ferramenta,,
1230477044,PARAFUSO PARA CLIENTE,08/10/2025,Despesa- Concluida,Comercial,,,,,,,,"11,4",,,,,,,,,,,,,,,,,,Peça,,
1224977053,ABASTECIMENTO TKY6E68,01/10/2025,Despesa- Concluida,Frota,,,,,,,,"76,36",,,,,,,,,,,,TKY6E68,180872,,,,,Veicular,Abastecimento,
1232298663,OLEO PARA TRATOR 86-110 OFICINA,10/10/2025,Despesa- Concluida,Comercial,,,,,,,,"282,19",,,,,,,,,,,,,0,,,,,Veicular,Manutenção,
1234014498,TINTA PRA OFICINA,13/10/2025,Despesa- Concluida,Consumo Oficina,,,,,,,,150,,,,,,,,,,,,,,,,,,Peça,,
1232853851,anti ferrugem,11/10/2025,Despesa- Concluida,Comercial,,,,,,,,50,,,,,,,,,,,,,,,,,,Ferramenta,,
1232174603,ABASTECIMENTO EVG1E67,10/10/2025,Despesa- Concluida,Comercial,,,,,,,,"1.052,86",,,,,,,,,,,,EVG1E67,239946,,,,,Veicular,Abastecimento,
1231817879,ABASTECIMENTO FHY8D25,10/10/2025,Despesa- Concluida,Frota,,,,,,,,"201,18",,,,,,,,,,,,FHY8D25,160383,,,,,Veicular,Abastecimento,
1231803278,ABASTECIMENTO DLZ1967,10/10/2025,Despesa- Concluida,Frota,,,,,,,,"152,18",,,,,,,,,,,,DLZ1967,187592,,,,,Veicular,Abastecimento,
1229723088,ABASTECIMENTO TKY6E68,07/10/2025,Despesa- Concluida,Frota,,,,,,,,"264,07",,,,,,,,,,,,TKY6E68,20563,,,,,Veicular,Abastecimento,
1237253796,PASTA DESENGRAXANTE E RETALHOS DE MALHA FARDO,16/10/2025,Despesa- Concluida,Consumo Oficina,,,,,,,,750,,,,,,,,,,,,,,,,,,Ferramenta,,
1236054669,CAIXA DE FERRAMENTA DANILO,15/10/2025,Despesa- Concluida,Consumo Oficina,,,,,,,,158,,,,,,,,,,,,,,,,,,Ferramenta,,
1237266305,TRENA ,16/10/2025,Despesa- Concluida,Consumo Oficina,,,,,,,,"28,5",,,,,,,,,,,,,,,,,,Ferramenta,,
1237630606,SERVIÇO COM MUNK,16/10/2025,Despesa- Concluida,Comercial,,,,,,,,150,,,,,,,,,,,,,,,,,,Serviço de Terceiro,,
1238102963,RETENTOR TRASEIRO; TAMBOR TRASEIRO E LONA DE FREIO PARA AQJ,17/10/2025,Despesa- Concluida,Comercial,,,,,,,,"1.809,54",,,,,,,,,,,,,,,,,,Peça,,
1237713263,COMBUSTIVEL PARA LIMPAR PEÇAS DO TL CBA,16/10/2025,Despesa- Concluida,Cobrado do Cliente,,,,,0,,,"59,91",,,,,,,,,,,,,,,,,,Ferramenta,,
1237523380,ABASTECIMENTO TKY6E68,16/10/2025,Despesa- Concluida,Consumo Oficina,,,,,,,,"302,69",,,,,,,,,,,,TKY6E68,21052,,,,,Veicular,Abastecimento,
1237517277,ABASTECIMENTO FHY8D25,16/10/2025,Despesa- Concluida,Frota,,,,,,,,"328,37",,,,,,,,,,,,FHY8D25,160839,,,,,Veicular,Abastecimento,
1237257240,ABASTECIMENTO TKC5D99,16/10/2025,Despesa- Concluida,Consumo Oficina,,,,,,,,"235,22",,,,,,,,,,,,TKC5D99,12707,,,,,Veicular,Abastecimento,
1238122364,FERRAMENTAS,17/10/2025,Despesa- Concluida,Consumo Oficina,,,,,,,,90,,,,,,,,,,,,,,,,,,Ferramenta,,
1238868685,FUSIVEL MAX TRATOR DO ZI,18/10/2025,Despesa- Concluida,Consumo Oficina,,,,,,,,108,,,,,,,,,,,,,,,,,,Peça,,
1239630722,BLOCOS DE RELATÓRIO MECÂNICOS,20/10/2025,Despesa- Concluida,Consumo Oficina,,,,,,,,610,,,,,,,,,,,,,,,,,,Serviço de Terceiro,,
1239894108,CANETAO PRETO E AZUL,20/10/2025,Despesa- Concluida,Consumo Oficina,,,,,,,,"18,62",,,,,,,,,,,,,,,,,,Material Escritorio,,
1240072049,SAQUETE CONECTOR DO RELE,20/10/2025,Despesa- Concluida,Consumo Oficina,,,,,,,,13,,,,,,,,,,,,,,,,,,Peça,,
1240068932,RELE AUXILIAR 12V,20/10/2025,Despesa- Concluida,Consumo Oficina,,,,,,,,15,,,,,,,,,,,,,,,,,,Peça,,
1240599292,HOSPEDAGEM SÁBADO,21/10/2025,Despesa- Concluida,Consumo Oficina,,,,,,,,350,,,,,,,,,,,,,,,,,,Serviço de Terceiro,,
1239663650,ABASTECIMENTO EVG1E67 CARIVALDO,20/10/2025,Despesa- Concluida,Comercial,,,,,,,,"589,32",,,,,,,,,,,,EVG1E67,240182,,,,,Veicular,Abastecimento,
1240346006,ABASTECIMENTO FHY8D25,21/10/2025,Despesa- Concluida,Frota,,,,,,,,"252,72",,,,,,,,,,,,FHY8D25,161359,,,,,Veicular,Abastecimento,
1231013154,Revisão Voyage SEB9I75 Leonardo Abrantes,09/10/2025,Despesa- Concluida,Comercial,,,,,,,,466,,,,,,,,,,,,SEB9I75,91374,,,,,Veicular,Manutenção,
1235459594,MANUTENÇÃO GOL AYB-4230,14/10/2025,Despesa- Concluida,Comercial,,,,,,,,780,,,,,,,,,,,,,,,,,,Serviço de Terceiro,,
1239951118,MANUTENÇÃO EPX5402,20/10/2025,Despesa- Concluida,Comercial,,,,,,,,60,,,,,,,,,,,,EPX5402,172144,,,,,Veicular,Manutenção,
1241100879,ABASTECIMENTO ATJ6211,22/10/2025,Despesa- Concluida,Frota,,,,,,,,"285,71",,,,,,,,,,,,ATJ6211,350149,,,,,Veicular,Abastecimento,
1241332359,DISCO DE CORTE,22/10/2025,Despesa- Concluida,Consumo Oficina,,,,,,,,42,,,,,,,,,,,,,,,,,,Ferramenta,,
1241108214,MACHO PRO DANILO,22/10/2025,Despesa- Concluida,Consumo Oficina,,,,,,,,"106,45",,,,,,,,,,,,,,,,,,Ferramenta,,
1241101551,ABASTECIMENTO TKC5D99,22/10/2025,Despesa- Concluida,Consumo Oficina,,,,,,,,"263,89",,,,,,,,,,,,TKC5D99,13196,,,,,Veicular,Abastecimento,
1241103094,ABASTECIMENTO DLZ1967,22/10/2025,Despesa- Concluida,Frota,,,,,,,,"267,03",,,,,,,,,,,,DLZ1967,188123,,,,,Veicular,Abastecimento,
1241614822,ELETRODO DANILO,22/10/2025,Despesa- Concluida,Consumo Oficina,,,,,,,,"193,5",,,,,,,,,,,,,,,,,,Peça,,
1243897867,ABASTECIMENTO DLZ1967,25/10/2025,Despesa- Concluida,Consumo Oficina,,,,,,,,"247,91",,,,,,,,,,,,DLZ1967,188608,,,,,Veicular,Abastecimento,
1243273015,ABASTECIMENTO FHY8D25,24/10/2025,Despesa- Concluida,Consumo Oficina,,,,,,,,"294,86",,,,,,,,,,,,FHY8D25,161850,,,,,Veicular,Abastecimento,
1230392927,HOSPEDAGEM HOTEL NICOLAS,08/10/2025,Despesa- Concluida,Consumo Oficina,,,,,,,,915,,,,,,,,,,,,,,,,,,Alimentação,,
1238838849,ABASTECIMENTO TKY6E68,18/10/2025,Despesa- Concluida,Consumo Oficina,,,,,,,,"237,99",,,,,,,,,,,,TKY6E68,26300,,,,,Veicular,Abastecimento,
1230415164,HOSPEDAGEM HOTEL LUIZ FERNANDO,08/10/2025,Despesa- Concluida,Consumo Oficina,,,,,,,,915,,,,,,,,,,,,,,,,,,Alimentação,,
1245167248,ABASTECIMENTO TKY6E68,27/10/2025,Despesa- Concluida,Consumo Oficina,,,,,,,,"293,28",,,,,,,,,,,,TKY6E68,239489,,,,,Veicular,Abastecimento,
1245174095,ABASTECIMENTO TKY6E68,27/10/2025,Despesa- Concluida,Consumo Oficina,,,,,,,,"268,31",,,,,,,,,,,,TKY6E68,21520,,,,,Veicular,Abastecimento,
1245173869,PRODUTO PRA LAVADOR,27/10/2025,Despesa- Concluida,Consumo Oficina,,,,,,,,"368,61",,,,,,,,,,,,,,,,,,Ferramenta,,
1246178518,10 L DE GASOLINA TRATOR CBA,28/10/2025,Despesa- Concluida,Cobrado do Cliente,,,,,0,,,"59,9",,,,,,,,,,,,,169,,,,,Veicular,Abastecimento,
1245945914,ABASTECIMENTO TCK5D99,28/10/2025,Despesa- Concluida,Frota,,,,,,,,"272,46",,,,,,,,,,,,TKC5D99,13.738,,,,,Veicular,Abastecimento,
1245594288,MANUTENÇÂO AQJ WALTER ELETRICA,27/10/2025,Despesa- Concluida,Comercial,,,,,,,,50,,,,,,,,,,,,AQJ3H59,421.937,,,,,Veicular,Manutenção,
1245447087,ABASTECIMENTO AQJ3H59,27/10/2025,Despesa- Concluida,Comercial,,,,,,,,"799,94",,,,,,,,,,,,AQJ3H59,421.937,,,,,Veicular,Abastecimento,
1245199632,ABASTECIMENTO  STRADA - FXM4G90,27/10/2025,Despesa- Concluida,Frota,,,,,,,,"315,01",,,,,,,,,,,,FXM4G90,239.489,,,,,Veicular,Abastecimento,
1246201613,PISTOLA PARA COLA E FITA CREPE,28/10/2025,Despesa- Concluida,Consumo Oficina,,,,,,,,71,,,,,,,,,,,,,,,,,,Peça,,
1245943218,ABASTECIMENTO TKY6E68,28/10/2025,Despesa- Concluida,Frota,,,,,,,,"304,56",,,,,,,,,,,,TKY6E68,23753,,,,,Veicular,Abastecimento,
1247034034,ABRACADEIRA NICOLAS,29/10/2025,Despesa- Concluida,Consumo Oficina,,,,,,,,"163,43",,,,,,,,,,,,,,,,,,Ferramenta,,
1247532445,ABASTECIMENTO EVG1E67,30/10/2025,Despesa- Concluida,Consumo Oficina,,,,,,,,"844,66",,,,,,,,,,,,EVG1E67,240673,,,,,Veicular,Abastecimento,
1247539389,PEÇAS DE ELÉTRICA,30/10/2025,Despesa- Concluida,Consumo Oficina,,,,,,,,"163,43",,,,,,,,,,,,,,,,,,Peça,,
1247323902,BANCO DO CAMINHAO EVG,30/10/2025,Despesa- Concluida,Comercial,,,,,,,,"1.500,00",,,,,,,,,,,,EVG1E67,0,,,,,Veicular,Manutenção,
1238206085,ARRUELA,17/10/2025,Despesa- Concluida,Consumo Oficina,,,,,,,,"22,54",,,,,,,,,,,,,,,,,,Ferramenta,,
1247487628,CAIXA DE FERRAMENTAS,30/10/2025,Despesa- Concluida,Consumo Oficina,,,,,,,,410,,,,,,,,,,,,,,,,,,Ferramenta,,
1248442860,ABASTECIMENTO TKC5D99,01/11/2025,Despesa- Concluida,Consumo Oficina,,,,,,,,"243,41",,,,,,,,,,,,TKC5D99,14221,,,,,Veicular,Abastecimento,
1248445435,ALIMENTAÇÃO TIO TOKO,01/11/2025,Despesa- Concluida,Consumo Oficina,,,,,,,,"83,3",,,,,,,,,,,,,,,,,,Alimentação,,
1248445272,ABASTECIMENTO ATJ6211,01/11/2025,Despesa- Concluida,Consumo Oficina,,,,,,,,"165,89",,,,,,,,,,,,ATJ6211,350647,,,,,Veicular,Abastecimento,
1248445993,ALIMENTAÇÃO TIO TOKO,01/11/2025,Despesa- Concluida,Consumo Oficina,,,,,,,,"29,9",,,,,,,,,,,,,,,,,,Alimentação,,
1247517777,CADEADO PARA OFICINA,30/10/2025,Despesa- Concluida,Consumo Oficina,,,,,,,,"200,4",,,,,,,,,,,,,,,,,,Peça,,
1248446325,ALIMENTAÇÃO TIO TOKO FERNANDO DIRETOR,01/11/2025,Despesa- Concluida,Comercial,,,,,,,,172,,,,,,,,,,,,,,,,,,Alimentação,,
1248446666,ALIMENTAÇÃO TIO TOKO LEONARDO VENDEDOR,01/11/2025,Despesa- Concluida,Comercial,,,,,,,,"137,6",,,,,,,,,,,,,,,,,,Alimentação,,
1248448277,ALIMENTAÇÃO TIO TOKO PAULO,01/11/2025,Despesa- Concluida,Consumo Oficina,,,,,,,,"77,8",,,,,,,,,,,,,,,,,,Alimentação,,
1248450112,MANUTENÇÃO PNEU CARRINHO,01/11/2025,Despesa- Concluida,Consumo Oficina,,,,,,,,90,,,,,,,,,,,,,,,,,,Serviço de Terceiro,,
1248457502,PRODUTO DE LIMPEZA ,01/11/2025,Despesa- Concluida,Consumo Oficina,,,,,,,,"117,7",,,,,,,,,,,,,,,,,,Peça,,
1248458072,ABASTECIMENTO DANILO FHY8D25,01/11/2025,Despesa- Concluida,Consumo Oficina,,,,,,,,"251,71",,,,,,,,,,,,FHY8D25,162.207,,,,,Veicular,Abastecimento,
1248994278,BRAÇADEIRA,03/11/2025,Despesa- Concluida,Cobrado do Cliente,,,,,,,,"14,5",,,,,,,,,,,,,,,,,,Peça,,
1248997468,PINCEL E KIT FIBRA,03/11/2025,Despesa- Concluida,Consumo Oficina,,,,,,,,"101,14",,,,,,,,,,,,,,,,,,Ferramenta,,
1249132992,CONSERTO DE PISTÃO MULK,03/11/2025,Despesa- Concluida,Consumo Oficina,,,,,,,,"194,3",,,,,,,,,,,,,,,,,,Peça,,
1247329358,ABASTECIMETNO EVG,30/10/2025,Despesa- Concluida,Comercial,,,,,,,,"844,66",,,,,,,,,,,,EVG1E67,240.673,,,,,Veicular,Abastecimento,
1249645526,ALMOÇO TIO TOKO,04/11/2025,Despesa- Concluida,Consumo Oficina,,,,,,,,"35,9",,,,,,,,,,,,,,,,,,Alimentação,,
1249647249,PENDENTE DE LUZ,04/11/2025,Despesa- Concluida,Consumo Oficina,,,,,,,,120,,,,,,,,,,,,,,,,,,Peça,,
1209146080,FITA PVC ,05/09/2025,Despesa- Concluida,Consumo Oficina,,,,,,,,30,,,,,,,,,,,,,,,,,,Peça,,
1210362636,CANETAO PRETO,08/09/2025,Despesa- Concluida,Consumo Oficina,,,,,,,,50,,,,,,,,,,,,,,,,,,Ferramenta,,
1249652486,ABASTECIMENTO ATJ6211,04/11/2025,Despesa- Concluida,Consumo Oficina,,,,,,,,"284,32",,,,,,,,,,,,ATJ6211,359170,,,,,Veicular,Abastecimento,
1208264628,ABASTECIMENTO TKY6E68,04/09/2025,Despesa- Concluida,Consumo Oficina,,,,,,,,200,,,,,,,,,,,,TKY6E68,15751,,,,,Veicular,Abastecimento,
1208826072,CARGA BATERIA  5278,05/09/2025,Despesa- Concluida,Comercial,,,,,,,,60,,,,,,,,,,,,,,,,,,Serviço de Terceiro,,
1213367220,PEÇA PARA MUNK,12/09/2025,Despesa- Concluida,Comercial,,,,,,,,50,,,,,,,,,,,,,,,,,,Peça,,
1218856860,ABASTECIMENTO TKC5D99,22/09/2025,Despesa- Concluida,Frota,,,,,,,,200,,,,,,,,,,,,TKC5D99,17816,,,,,Veicular,Abastecimento,
1218862803,ABASTECIMENTO ATJ6211,22/09/2025,Despesa- Concluida,Consumo Oficina,,,,,,,,200,,,,,,,,,,,,ATJ6211,359169,,,,,Veicular,Abastecimento,
1218864315,ABASTECIMENTO EPX5406,22/09/2025,Despesa- Concluida,Comercial,,,,,,,,200,,,,,,,,,,,,EPX5406,287804,,,,,Veicular,Abastecimento,
1218867673,ABASTECIMENTO EPX5402,22/09/2025,Despesa- Concluida,Comercial,,,,,,,,200,,,,,,,,,,,,EPX5402,771286,,,,,Veicular,Abastecimento,
1220651921,MANUTENÇÃO AQJ3H59,24/09/2025,Despesa- Concluida,Frota,,,,,,,,200,,,,,,,,,,,,AQJ3H59,419533,,,,,Veicular,Manutenção,
1221323513,ABASTECIMENTO TKY6E68,25/09/2025,Despesa- Concluida,Frota,,,,,,,,200,,,,,,,,,,,,TKY6E68,18227,,,,,Veicular,Abastecimento,
1225307509,SUPORTE DE HIDRAULICO,01/10/2025,Despesa- Concluida,Comercial,,,,,,,,640,,,,,,,,,,,,,,,,,,Serviço de Terceiro,,
1226688128,ABATECIMENTO CORTESIA DJALMA,03/10/2025,Despesa- Concluida,Comercial,,,,,,,,60,,,,,,,,,,,,,0,,,,,Veicular,Abastecimento,
1227428794,ABASTECIMENTO TKY6E68,04/10/2025,Despesa- Concluida,Consumo Oficina,,,,,,,,200,,,,,,,,,,,,TKY6E68,19699,,,,,Veicular,Abastecimento,
1229756029,Portfolio tratores,07/10/2025,Despesa- Concluida,Almoxarifado/Limpeza,,,,,,,,72,,,,,,,,,,,,,,,,,,Serviço de Terceiro,,
1234943152,ABASTECIMENTO FXM4G90,14/10/2025,Despesa- Concluida,Frota,,,,,,,,200,,,,,,,,,,,,FXM4G90,238526,,,,,Veicular,Abastecimento,
1231057218,ABASTECIMENTO AQJ3H59,09/10/2025,Despesa- Concluida,Comercial,,,,,,,,"1.000,00",,,,,,,,,,,,AQJ3H59,420760,,,,,Veicular,Abastecimento,
1236076181,ABASTECIMENTO AQJ3H59,15/10/2025,Despesa- Concluida,Comercial,,,,,,,,"1.000,00",,,,,,,,,,,,AQJ3H59,421473,,,,,Veicular,Abastecimento,
1238127503,REPARO DO PNEU DO FOX EPX5402,17/10/2025,Despesa- Concluida,Comercial,,,,,,,,30,,,,,,,,,,,,,,,,,,Serviço de Terceiro,,
1238542828,FAIXA REFLETIVA EVG1E67,17/10/2025,Despesa- Concluida,Comercial,,,,,,,,100,,,,,,,,,,,,EVG1E67,242342,,,,,Veicular,Manutenção,
1238529653,TINTA PARA PINTURA DO CAMINHÃO,17/10/2025,Despesa- Concluida,Comercial,,,,,,,,160,,,,,,,,,,,,EVG1E67,212432,,,,,Veicular,Manutenção,
1239847886,"""T"" PARA A MANGUEIRA DE AR DO EVG (CARIVALDO)",20/10/2025,Despesa- Concluida,Comercial,,,,,,,,160,,,,,,,,,,,,,,,,,,Peça,,
1240353705,TINTA PRETA PARA IMPRESSORA,21/10/2025,Despesa- Concluida,Comercial,,,,,,,,120,,,,,,,,,,,,,,,,,,Material Escritorio,,
1240572077,ÓLEO DIESEL PARA TRATOR EM DEMONSTRAÇÃO,21/10/2025,Despesa- Concluida,Comercial,,,,,,,,70,,,,,,,,,,,,,0,,,,,Veicular,Abastecimento,
1242062447,COLA PRA TL ESTOQUE,23/10/2025,Despesa- Concluida,Comercial,,,,,,,,"59,9",,,,,,,,,,,,,,,,,,Ferramenta,,
1242456840,REPARAÇÃO DE PNEU,23/10/2025,Despesa- Concluida,Consumo Oficina,,,,,,,,30,,,,,,,,,,,,ATJ6211,220000,,,,,Veicular,Manutenção,
1243396054,PASTILHA DE FREIO ATJ6211,24/10/2025,Despesa- Concluida,Frota,,,,,,,,150,,,,,,,,,,,,ATJ6211,350568,,,,,Veicular,Manutenção,
1245645486,ABASTECIMENTO GOL AYB4230,27/10/2025,Despesa- Concluida,Comercial,,,,,,,,200,,,,,,,,,,,,AYB4230,205307,,,,,Veicular,Abastecimento,
1226656612,DAR PASSE NO VOLANTE OLINTO JAPY GOLF,03/10/2025,Despesa- Concluida,Cobrado do Cliente,,,,,0,,,120,,,,,,,,,,,,,,,,,,Serviço de Terceiro,,
1207328859,VOLANTE PARA TRATOR LUCIANO MAZZA,03/09/2025,Despesa- Concluida,Comercial,,,,,,,,220,,,,,,,,,,,,,,,,,,Peça,,
1224976217,PNEU CORTESIA CLIENTE,01/10/2025,Despesa- Concluida,Comercial,,,,,,,,400,,,,,,,,,,,,,,,,,,Peça,Outros,
1239925172,ABASTECIMENTO EPX5402,20/10/2025,Despesa- Concluida,Consumo Oficina,,,,,,,,200,,,,,,,,,,,,EPX5402,172144,,,,,Veicular,Abastecimento,
1197953419,ÓLEO E FILTRO FHY8D25 ,19/08/2025,Despesa- Concluida,Frota,,,,,,,,300,,,,,,,,,,,,FHY8D25,59566,,,,,Veicular,Manutenção,
1245170361,ABASTECIMENTO DIRETOR GERAL,27/10/2025,Despesa- Concluida,Comercial,,,,,,,,"190,69",,,,,,,,,,,,,0,,,,,Veicular,Abastecimento,
1246408644,ABASTECIMENTO TKY6E68,28/10/2025,Despesa- Concluida,Consumo Oficina,,,,,,,,"302,99",,,,,,,,,,,,TKY6E68,0,,,,,Veicular,Abastecimento,
1247892007,SENSOR DE COMBUSTÍVEL S10 FERNANDO,31/10/2025,Despesa- Concluida,Comercial,,,,,,,,180,,,,,,,,,,,,GIH0I50,0,,,,,Veicular,Manutenção,
1248471695,MANUTENÇÃO EVG1E67,01/11/2025,Despesa- Concluida,Comercial,,,,,,,,"1.500,00",,,,,,,,,,,,EVG1E67,240673,,,,,Veicular,Manutenção,
1250370090,THINNER PARA USO DA OFICINA,05/11/2025,Despesa- Concluida,Consumo Oficina,,,,,,,,"213,36",,,,,,,,,,,,,,,,,,Ferramenta,,
1215327021,PEÇAS PARA MANUTENÇÃO DE CARRETA,16/09/2025,Despesa- Concluida,Comercial,,,,,,,,"1.750,00",,,,,,,,,,,,,,,,,,Serviço de Terceiro,,
1251677369,ABASTECIMENTO QUADRICICLO,07/11/2025,Despesa- Concluida,Consumo Oficina,,,,,,,,"28,59",,,,,,,,,,,,,0,,,,,Veicular,Abastecimento,
1251795100,4 PARAFUSOS,07/11/2025,Despesa- Concluida,Consumo Oficina,,,,,,,,"89,7",,,,,,,,,,,,,,,,,,Peça,,
1251798146,ABASTECIMENTO FXM4G90,07/11/2025,Despesa- Concluida,Consumo Oficina,,,,,,,,"273,69",,,,,,,,,,,,FXM4G90,0,,,,,Veicular,Abastecimento,
1251807270,ABASTECIMENTO TKC5D99,07/11/2025,Despesa- Concluida,Consumo Oficina,,,,,,,,"249,51",,,,,,,,,,,,TKC5D99,14.683,,,,,Veicular,Abastecimento,
1251810976,ABASTECIMENTO FHY8D25,07/11/2025,Despesa- Concluida,Consumo Oficina,,,,,,,,"273,85",,,,,,,,,,,,FHY8D25,0,,,,,Veicular,Abastecimento,
1251813625,ABASTECIMENTO TKY6E68,07/11/2025,Despesa- Concluida,Consumo Oficina,,,,,,,,"305,56",,,,,,,,,,,,TKY6E68,0,,,,,Veicular,Abastecimento,
1249620713,"PORCA NOVA PARA PISTÃO, ENCHER ROSCA DANIFICADA, REFAZER ROSCA DA PONTA DA ASTE",04/11/2025,Despesa- Concluida,Comercial,,,,,,,,520,,,,Rodrigo Torneiro,520,130,https://app.pipefy.com/storage/v1/signed/uploads/29f833bc-65e3-42d2-8c84-822a3cff26b5/nf130.pdf?expires_on=1772801599&signature=ONMHxcu4LFoLEg4hadVGk57eqCkgDZIeJKouP6dP6HE%3D,,,,,,,,,,,Serviço de Terceiro,,
1251966743,ABASTECIMENTO POLO TK JA,08/11/2025,Despesa- Concluida,Comercial,,,,,,,,"166,48",,,,,,,,,,,,,6666666,,,,,Veicular,Abastecimento,
1253108728,CARDAN PARA O AQJ,11/11/2025,Despesa- Concluida,Comercial,,,,,,,,"1.044,02",,,,,,,,,,,,AQJ3H59,0,,,,,Veicular,Manutenção,
1253110815,FITA PVC,11/11/2025,Despesa- Concluida,Consumo Oficina,,,,,,,,"121,22",,,,,,,,,,,,,,,,,,Material Escritorio,,
1253120929,KIT EMBREAGEM AQJ,11/11/2025,Despesa- Concluida,Comercial,,,,,,,,"4.550,00",,,,,,,,,,,,AQJ3H59,0,,,,,Veicular,Manutenção,
1253112527,OLEO PARA O AQJ,11/11/2025,Despesa- Concluida,Comercial,,,,,,,,"1.007,16",,,,,,,,,,,,AQJ3H59,0,,,,,Veicular,Manutenção,
1253151429,CANETAO PRETO ESCRITORIO,11/11/2025,Despesa- Concluida,Consumo Oficina,,,,,,,,"18,62",,,,,,,,,,,,,,,,,,Material Escritorio,,
1253376650,ABASTECIMENTO FXM4G90,11/11/2025,Despesa- Concluida,Consumo Oficina,,,,,,,,"188,85",,,,,,,,,,,,FXM4G90,0,,,,,Veicular,Abastecimento,
1253482873,ADESIVOS OFICINA,11/11/2025,Despesa- Concluida,Consumo Oficina,,,,,,,,590,,,,,,,,,,,,,,,,,,Material Escritorio,,
1253895828,Engate rapido e mangueira do Macaco a ar da oficina,12/11/2025,Despesa- Concluida,Consumo Oficina,,,,,,,,"16,8",,,,,,,,,,,,,,,,,,Peça,,
1253965218,CAIXA SPRAY PRETO,12/11/2025,Despesa- Concluida,Consumo Oficina,,,,,,,,"183,35",,,,,,,,,,,,,,,,,,Ferramenta,,
1253969270,ABASTECIMENTO DLZ1967,12/11/2025,Despesa- Concluida,Consumo Oficina,,,,,,,,"282,07",,,,,,,,,,,,DLZ1967,0,,,,,Veicular,Abastecimento,
1253985330,MANUTENÇÃO S10 FERNANDO,12/11/2025,Despesa- Concluida,Comercial,,,,,,,,"3.861,00",,,,,,,,,,,,GIH0I50,0,,,,,Veicular,Manutenção,
1253994579,TROCA CONJUNTO QUINTA MARCHA FXM4G90,12/11/2025,Despesa- Concluida,Consumo Oficina,,,,,,,,200,,,,,,,,,,,,FXM4G90,0,,,,,Veicular,Manutenção,
1253983154,Abastecimento Blazer,12/11/2025,Despesa- Concluida,Comercial,,,,,,,,"354,16",,,,,,,,,,,,,0,,,,,Veicular,Abastecimento,
1254017369,Dar passe no volante da embalagem ,12/11/2025,Despesa- Concluida,Comercial,,,,,,,,220,,,,,,,,,,,,,,,,,,Serviço de Terceiro,,
1254021031,COMBUSTIVEL LIMPEZA TANQUE TRATOR DO TUKA,12/11/2025,Despesa- Concluida,Consumo Oficina,,,,,,,,"62,22",,,,,,,,,,,,,0,,,,,Veicular,Abastecimento,
1254028878,CEBOLINHA OLEO MOTOR,12/11/2025,Despesa- Concluida,Consumo Oficina,,,,,,,,"69,8",,,,,,,,,,,,,,,,,,Peça,,
1254031039,ABASTECIMENTO DLZ1967,12/11/2025,Despesa- Concluida,Consumo Oficina,,,,,,,,"311,34",,,,,,,,,,,,DLZ1967,0,,,,,Veicular,Abastecimento,
1254535250,ALMOÇO TIO TOKO GABRIEL,13/11/2025,Despesa- Concluida,Consumo Oficina,,,,,,,,"29,9",,,,,,,,,,,,,,,,,,Alimentação,,
1254616806,TERMINAL BATERIA,13/11/2025,Despesa- Concluida,Comercial,,,,,,,,20,,,,,,,,,,,,AQJ3H59,0,,,,,Veicular,Manutenção,
1229486677,SUPORTE PARA COMANDO DE PULVERIZADOR,07/10/2025,Despesa- Concluida,Trator Novo,,,,,,,,150,,,,,,,,,,,,,,,,,,Serviço de Terceiro,,
1229484691,ALINHADOR DE EMBREAGEM,07/10/2025,Despesa- Concluida,Consumo Oficina,,,,,,,,120,,,,,,,,,,,,,,,,,,Serviço de Terceiro,,
1254807908,Fazer Furos Bilongo suporte do peso trator,14/11/2025,Despesa- Concluida,Comercial,,,,,,,,160,,,,,,,,,,,,,,,,,,Serviço de Terceiro,,
1254808715,2 Buchas para comporta do Stara Tornado ,14/11/2025,Despesa- Concluida,Comercial,,,,,,,,240,,,,,,,,,,,,,,,,,,Serviço de Terceiro,,
1254809427,"Alinhasr e soldar, refazer o furo no eixo da alavanca marcha cliente.",14/11/2025,Despesa- Concluida,Comercial,,,,,,,,170,,,,,,,,,,,,,,,,,,Serviço de Terceiro,,
1254037629,CONJUNTO FRONTAL M85,12/11/2025,Despesa- Concluida,Comercial,,,,,,,,"94,4",,,,,,,,,,,,,,,,,,Serviço de Terceiro,,
1254996757,CAIXA DE FERRAMENTA ,14/11/2025,Despesa- Concluida,Consumo Oficina,,,,,,,,"180,3",,,,,,,,,,,,,,,,,,Peça,,
1255008635,MASSA DE POLIR E TINTA DE DEMARCAÇÃO,14/11/2025,Despesa- Concluida,Consumo Oficina,,,,,,,,130,,,,,,,,,,,,,,,,,,Peça,,
1255088316,CABO POSITIVO E NEGATIVO BATERIA,14/11/2025,Despesa- Concluida,Comercial,,,,,,,,170,,,,,,,,,,,,,,,,,,Serviço de Terceiro,,
1255091093,PINCEL  FERNANDINHO,14/11/2025,Despesa- Concluida,Consumo Oficina,,,,,,,,170,,,,,,,,,,,,,,,,,,Ferramenta,,
1255094828,ABASTECIMENTO EVG1E67,14/11/2025,Despesa- Concluida,Comercial,,,,,,,,"1.065,96",,,,,,,,,,,,EVG1E67,0,,,,,Veicular,Abastecimento,
1255760659,MANUAL YTO PRISMA,17/11/2025,Despesa- Concluida,Consumo Oficina,,,,,,,,"71,5",,,,,,,,,,,,,,,,,,Material Escritorio,,
1256381767,2 CHAVES PARA ARMÁRIO OFICINA,18/11/2025,Despesa- Concluida,Consumo Oficina,,,,,,,,80,,,,,,,,,,,,,,,,,,Material Escritorio,,
1256387938,ABRAÇADEIRA,18/11/2025,Despesa- Concluida,Consumo Oficina,,,,,,,,30,,,,,,,,,,,,,,,,,,Peça,,
1256440408,ABASTECIMENTO TRAILBLAZER,18/11/2025,Despesa- Concluida,Comercial,,,,,,,,"436,64",,,,,,,,,,,,FXH1F73,0,,,,,Veicular,Abastecimento,
1257013495,Trocar o bico do pneu do carrinho de mão do barracão,19/11/2025,Despesa- Concluida,Consumo Oficina,,,,,,,,40,,,,,,,,,,,,,,,,,,Serviço de Terceiro,,
1257033322,MANUTENÇÃO SEB9I75,19/11/2025,Despesa- Concluida,Comercial,,,,,,,,"373,99",,,,,,,,,,,,SEB9I75,80988,,,,,Veicular,Manutenção,
1254625204,MANUTENÇÃO POLO 22/10,13/11/2025,Despesa- Concluida,Comercial,,,,,,,,180,,,,,,,,,,,,,,,,,,Serviço de Terceiro,,
1254630091,MANUTENÇÃO S10,13/11/2025,Despesa- Concluida,Comercial,,,,,,,,420,,,,,,,,,,,,,,,,,,Serviço de Terceiro,,
1254628589,MANUTENÇÃO CAPTIVA,13/11/2025,Despesa- Concluida,Comercial,,,,,,,,80,,,,,,,,,,,,,,,,,,Serviço de Terceiro,,
1254626174,MANUTENÇÃO TRAILBLAZER ,13/11/2025,Despesa- Concluida,Comercial,,,,,,,,180,,,,,,,,,,,,,,,,,,Serviço de Terceiro,,
1255058404,MANUTENÇÃO CARRO PARDAL,14/11/2025,Despesa- Concluida,Comercial,,,,,,,,50,,,,,,,,,,,,SEC2J19,0,,,,,Veicular,Manutenção,
1254622764,ALINHAMENTO DIREÇÃO FXM4G90,13/11/2025,Despesa- Concluida,Consumo Oficina,,,,,,,,70,,,,,,,,,,,,FXM4G90,0,,,,,Serviço de Terceiro,Manutenção,
1247694881,adesivo fox branco epx5402,30/10/2025,Despesa- Concluida,Comercial,,,,,,,,980,,,,,,,,,,,,EPX5402,0,,,,,Veicular,Outros,
1254281642,ABASTECIMENTO AYB4230,13/11/2025,Despesa- Concluida,Comercial,,,,,,,,"301,43",,,,,,,,,,,,AYB4230,0,,,,,Veicular,Abastecimento,
1257723051,ABASTECIMENTO S10 DIRETOR,21/11/2025,Despesa- Concluida,Comercial,,,,,,,,"245,04",,,,,,,,,,,,,0,,,,,Veicular,Abastecimento,
1257721724,ALMOÇO GABRIEL E PAULO,21/11/2025,Despesa- Concluida,Consumo Oficina,,,,,,,,"83,8",,,,,,,,,,,,,,,,,,Alimentação,,
1258009365,TRAVA DE FORRO DE PORTA PARA SAVEIRO E STRADA,21/11/2025,Despesa- Concluida,Consumo Oficina,,,,,,,,24,,,,,,,,,,,,,,,,,,Peça,,
1258543587,ABASTECIMENTO QUADRICICLO SUZUKI,24/11/2025,Despesa- Concluida,Comercial,,,,,,,,"54,07",,,,,,,,,,,,,0,,,,,Veicular,Abastecimento,
1258747420,ABASTECIMENTO 10L GASOLINA QUADRICICLO LOJA,24/11/2025,Despesa- Concluida,Comercial,,,,,,,,"66,43",,,,,,,,,,,,,0,,,,,Veicular,Abastecimento,
1258519278,ABATECIMENTO NICOLAS,24/11/2025,Despesa- Concluida,Consumo Oficina,,,,,,,,"196,07",,,,,,,,,,,,FXM4G90,242333,,,,,Veicular,Abastecimento,
1258893608,ABASTECIMENTO QUADRICICLO LOJA,24/11/2025,Despesa- Concluida,Comercial,,,,,,,,"29,96",,,,,,,,,,,,,0,,,,,Veicular,Abastecimento,
1258903242,ABASTECIMENTO QUADRICICLO SUZUKI,24/11/2025,Despesa- Concluida,Comercial,,,,,,,,"30,95",,,,,,,,,,,,,0,,,,,Veicular,Abastecimento,
1259838377,PARAFUSO,26/11/2025,Despesa- Concluida,Consumo Oficina,,,,,,,,"27,8",,,,,,,,,,,,,,,,,,Peça,,
1259839348,ALMOÇO TIO TOKO LUIZ FERNANDO,26/11/2025,Despesa- Concluida,Consumo Oficina,,,,,,,,"45,9",,,,Tio Toko,,,,,,,,,,,,,,Alimentação,,
1259841252,COLA TRAVA ROSCA,26/11/2025,Despesa- Concluida,Consumo Oficina,,,,,,,,55,,,,,,,,,,,,,,,,,,Peça,,
1259846539,MANGUEIRA DE COMBUSTÍVEL E CONEXÕES,26/11/2025,Despesa- Concluida,Comercial,,,,,,,,"45,85",,,,,,,,,,,,,,,,,,Peça,,
1259848117,ALMOÇO TIO TOKO LUIZ FERNANDO,26/11/2025,Despesa- Concluida,Consumo Oficina,,,,,,,,"45,9",,,,,,,,,,,,,,,,,,Alimentação,,
1259849409,COLA SUPER BONDER,26/11/2025,Despesa- Concluida,Consumo Oficina,,,,,,,,"34,9",,,,,,,,,,,,,,,,,,Peça,,
1259852975,COMBUSTÍVEL TRATOR DO TUCA,26/11/2025,Despesa- Concluida,Consumo Oficina,,,,,,,,"225,6",,,,,,,,,,,,,0,,,,,Veicular,Abastecimento,
1259857020,4 PARAFUSOS DE PRESSAO E PORCA PARLOCK,26/11/2025,Despesa- Concluida,Consumo Oficina,,,,,,,,"81,6",,,,,,,,,,,,,,,,,,Peça,,
1259869380,ARRUELA PARA PINO DO U CONJUNTO FRONTAL,26/11/2025,Despesa- Concluida,Consumo Oficina,,,,,,,,"62,6",,,,,,,,,,,,,,,,,,Peça,,
1259471542,ABASTECIMENTO BLAZER,25/11/2025,Despesa- Concluida,Comercial,,,,,,,,"254,87",,,,,,,,,,,,,0,,,,,Veicular,Abastecimento,
1259913051,ALMOÇO TIO TOKO,26/11/2025,Despesa- Concluida,Consumo Oficina,,,,,,,,"45,9",,,,,,,,,,,,,,,,,,Alimentação,,
1259924204,DIESEL PARA TRATOR,26/11/2025,Despesa- Concluida,Comercial,,,,,,,,"57,4",,,,,,,,,,,,,0,,,,,Veicular,Abastecimento,
1259935591,"ADESIVO LAMINAÇÃO,  ETC....",26/11/2025,Despesa- Concluida,Comercial,,,,,,,,"646,74",,,,,,,,,,,,,,,,,,Ferramenta,,
1259504793,TOMADA DE ENERGIA PARA REBOQUE,25/11/2025,Despesa- Concluida,Consumo Oficina,,,,,,,,35,,,,,,,,,,,,,,,,,,Ferramenta,,
1260305335,SENSOR DE COMBUSTÍVEL PRA HILUX,27/11/2025,Despesa- Concluida,Comercial,,,,,,,,120,,,,,,,,,,,,GIH0I50,0,,,,,Veicular,Manutenção,
1255092740,ABASTECIMENTO TKC5D99,14/11/2025,Despesa- Concluida,Consumo Oficina,,,,,,,,"272,92",,,,,,,,,,,,TKC5D99,0,,,,,Veicular,Abastecimento,
1260400637,PEÇAS PARA OFICINA,27/11/2025,Despesa- Concluida,Consumo Oficina,,,,,,,,"183,35",,,,,,,,,,,,,,,,,,Peça,,
1260408642,PEÇAS PARA O CAMINHÃO REBITE 10X12,27/11/2025,Despesa- Concluida,Comercial,,,,,,,,"506,85",,,,,,,,,,,,,0,,,,,Veicular,Manutenção,
1260410860,ALMOÇO TIO TOKO GABRIEL,27/11/2025,Despesa- Concluida,Consumo Oficina,,,,,,,,"51,9",,,,,,,,,,,,,,,,,,Alimentação,,
1260414417,COMBUSTIVEL TRATOR LOJA,27/11/2025,Despesa- Concluida,Consumo Oficina,,,,,,,,"57,4",,,,,,,,,,,,,0,,,,,Veicular,Abastecimento,
1260416341,TRAVA ROSCA NICOLAS,27/11/2025,Despesa- Concluida,Consumo Oficina,,,,,,,,55,,,,,,,,,,,,,,,,,,Peça,,
1260418585,FLUIDO DE FREIO,27/11/2025,Despesa- Concluida,Consumo Oficina,,,,,,,,195,,,,,,,,,,,,,,,,,,Ferramenta,,
1260420754,FILTRO HIDRAULICO ,27/11/2025,Despesa- Concluida,Consumo Oficina,,,,,,,,313,,,,,,,,,,,,,,,,,,Peça,,
1260424688,ARRUELA ALUMINIO,27/11/2025,Despesa- Concluida,Comercial,,,,,,,,6,,,,,,,,,,,,,,,,,,Peça,,
1260427116,PARAFUSO OCO SIMPLES,27/11/2025,Despesa- Concluida,Comercial,,,,,,,,49,,,,,,,,,,,,,,,,,,Peça,,
1260429803,REBITE 10X12 FERRO TUBULAR,27/11/2025,Despesa- Concluida,Comercial,,,,,,,,"596,6",,,,,,,,,,,,,,,,,,Peça,,
1260422668,ANEL TUBO ESCAPE COMMINS ETC...,27/11/2025,Despesa- Concluida,Consumo Oficina,,,,,,,,"299,5",,,,,,,,,,,,,,,,,,Peça,,
1260443575,FILTRO COMB FORD,27/11/2025,Despesa- Concluida,Comercial,,,,,,,,129,,,,,,,,,,,,,0,,,,,Veicular,Manutenção,
1260445441,PARAFUSO COM PORCA PARA CALCARIADEIRA DO CELSO GUAZZO,27/11/2025,Despesa- Concluida,Consumo Oficina,,,,,,,,66,,,,,,,,,,,,,,,,,,Peça,,
1260449457,BOLA DE ENGATE,27/11/2025,Despesa- Concluida,Comercial,,,,,,,,70,,,,,,,,,,,,,,,,,,Peça,,
1260438171,RETENTOR MORINGA,27/11/2025,Despesa- Concluida,Comercial,,,,,,,,85,,,,,,,,,,,,,,,,,,Peça,,
1260452684,MANTA E COLA PARA O TRATOR DO WALTER,27/11/2025,Despesa- Concluida,Consumo Oficina,,,,,,,,"88,4",,,,,,,,,,,,,,,,,,Ferramenta,,
1260459758,PARAFUSO 12X140,27/11/2025,Despesa- Concluida,Consumo Oficina,,,,,,,,26,,,,,,,,,,,,,,,,,,Peça,,
1260464874,PORCA E ARAME,27/11/2025,Despesa- Concluida,Consumo Oficina,,,,,,,,"62,6",,,,,,,,,,,,,,,,,,Peça,,
1260466925,"PARAFUSO, ARAME LISO",27/11/2025,Despesa- Concluida,Consumo Oficina,,,,,,,,"81,6",,,,,,,,,,,,,,,,,,Peça,,
1260469369,PARAFUSOS PARA EIXO DO FIGHTER 2500,27/11/2025,Despesa- Concluida,Consumo Oficina,,,,,,,,"27,8",,,,,,,,,,,,,,,,,,Peça,,
1260470553,PARAFUSO 10.140  RP,27/11/2025,Despesa- Concluida,Consumo Oficina,,,,,,,,"29,5",,,,,,,,,,,,,,,,,,Peça,,
1259843293,ABASTECIMENTO FXM4G90,26/11/2025,Despesa- Concluida,Consumo Oficina,,,,,,,,"229,55",,,,,,,,,,,,FXM4G90,0,,,,,Veicular,Abastecimento,
1259855182,ABASTECIMENTO FXM4G90,26/11/2025,Despesa- Concluida,Consumo Oficina,,,,,,,,"180,95",,,,,,,,,,,,FXM4G90,0,,,,,Veicular,Abastecimento,
1259915209,ABASTECIMENTO FHY8D25,26/11/2025,Despesa- Concluida,Consumo Oficina,,,,,,,,"276,18",,,,,,,,,,,,FHY8D25,0,,,,,Veicular,Abastecimento,
1259917340,ABASTECIMENTO AQJ3H59,26/11/2025,Despesa- Concluida,Comercial,,,,,,,,"2.520,24",,,,,,,,,,,,AQJ3H59,0,,,,,Veicular,Abastecimento,
1259919289,ABASTECIMENTO TKY6E68,26/11/2025,Despesa- Concluida,Consumo Oficina,,,,,,,,"279,05",,,,,,,,,,,,TKY6E68,0,,,,,Veicular,Abastecimento,
1259922051,ABASTECIIMENTO EVG1E67,26/11/2025,Despesa- Concluida,Comercial,,,,,,,,"497,41",,,,,,,,,,,,EVG1E67,0,,,,,Veicular,Abastecimento,
1259927326,ABASTECIMENTO EVG1E67,26/11/2025,Despesa- Concluida,Comercial,,,,,,,,"1.000,18",,,,,,,,,,,,EVG1E67,0,,,,,Veicular,Abastecimento,
1260403124,ABASTECIMENTO TKY6E68,27/11/2025,Despesa- Concluida,Consumo Oficina,,,,,,,,"241,42",,,,,,,,,,,,TKY6E68,0,,,,,Veicular,Abastecimento,
1257611498,ABASTECIMENTO PARA O POLO,21/11/2025,Despesa- Concluida,Comercial,,,,,,,,"142,7",,,,,,,,,,,,,0,,,,,Veicular,Abastecimento,
1261067855,TINTA ,28/11/2025,Despesa- Concluida,Comercial,,,,,,,,"940,01",,,,,,,,,,,,,,,,,,Serviço de Terceiro,,
1261262807,TINTA PARACHOQUE CAMINHÃO,29/11/2025,Despesa- Concluida,Comercial,,,,,,,,62,,,,,,,,,,,,,,,,,,Ferramenta,,
1261262993,ABASTECIMENTO TKC5D99,29/11/2025,Despesa- Concluida,Consumo Oficina,,,,,,,,"237,27",,,,,,,,,,,,TKC5D99,0,,,,,Veicular,Abastecimento,
1261258538,GASOLINA ADITIVADA PARA QUADRI M250LSAND,29/11/2025,Despesa- Concluida,Comercial,,,,,,,,"32,23",,,,,,,,,,,,,0,,,,,Veicular,Abastecimento,
1261676861,ABASTECIMENTO DIRETOR GERAL,01/12/2025,Despesa- Concluida,Comercial,,,,,,,,"434,79",,,,,,,,,,,,,0,,,,,Veicular,Abastecimento,
1261943853,LAMPADA EPX5402,01/12/2025,Despesa- Concluida,Comercial,,,,,,,,60,,,,,,,,,,,,EPX5402,12093,,,,,Veicular,Manutenção,
1262038613,"ABRAÇADEIRAS, PASTA DESENGRAXANTE...",01/12/2025,Despesa- Concluida,Consumo Oficina,,,,,,,,550,,,,,,,,,,,,,,,,,,Ferramenta,,
1262046956,ABASTECIMENTO AQJ3H59,01/12/2025,Despesa- Concluida,Comercial,,,,,,,,"2.152,67",,,,,,,,,,,,AQJ3H59,0,,,,,Veicular,Abastecimento,
1262094686,ABASTECIMENTO BLAZER,01/12/2025,Despesa- Concluida,Comercial,,,,,,,,"435,55",,,,,,,,,,,,FXH1F73,0,,,,,Veicular,Abastecimento,
1261913828,APARELHO DE SOM CAMINHAO,01/12/2025,Despesa- Concluida,Comercial,,,,,,,,480,,,,,,,,,,,,AQJ3H59,424661,,,,,Veicular,Manutenção,
1263376682,Conserto Porta Voyage,03/12/2025,Despesa- Concluida,Comercial,,,,,,,,180,,,,,,,,,,,,,0,,,,,Veicular,Manutenção,
1263402705,COPIA 7 CHAVES,03/12/2025,Despesa- Concluida,Comercial,,,,,,,,105,,,,,,,,,,,,,,,,,,Ferramenta,,
1263440129,ABASTECIMENTO FXM4G90,03/12/2025,Despesa- Concluida,Consumo Oficina,,,,,,,,"247,67",,,,,,,,,,,,FXM4G90,0,,,,,Veicular,Abastecimento,
1263443480,ALMOÇO TIO TOKO LUIZ FERNANDO,03/12/2025,Despesa- Concluida,Comercial,,,,,,,,"45,9",,,,,,,,,,,,,,,,,,Alimentação,,
1263445272,ALMOÇO NICOLAS,03/12/2025,Despesa- Concluida,Consumo Oficina,,,,,,,,"39,9",,,,,,,,,,,,,,,,,,Alimentação,,
1263455322,ALMOÇO TIO TOKO GABRIEL,03/12/2025,Despesa- Concluida,Consumo Oficina,,,,,,,,"29,9",,,,,,,,,,,,,,,,,,Alimentação,,
1263458695,TERMINAL E BOTÃO TICTAC,03/12/2025,Despesa- Concluida,Consumo Oficina,,,,,,,,"135,65",,,,,,,,,,,,,,,,,,Peça,,
1263463366,PARAFUSOS PRA BOIA DE TANQUE,03/12/2025,Despesa- Concluida,Consumo Oficina,,,,,,,,"5,5",,,,,,,,,,,,,,,,,,Peça,,
1264221778,ABASTECIMENTO JOSÉ ANGELO,04/12/2025,Despesa- Concluida,Comercial,,,,,,,,"403,18",,,,,,,,,,,,FXH1F73,0,,,,,Veicular,Abastecimento,
1264230115,ABASTECIMENTO FXM4G90,04/12/2025,Despesa- Concluida,Consumo Oficina,,,,,,,,"184,4",,,,,,,,,,,,FXM4G90,0,,,,,Veicular,Abastecimento,
1264318553,S10 FERNANDO INSTALAÇÃO DE VIDRO,04/12/2025,Despesa- Concluida,Comercial,,,,,,,,580,,,,,,,,,,,,,0,,,,,Veicular,Manutenção,
1264722241,MANUTENÇÃO QUADRICICLO M420 DA EMPRESA,05/12/2025,Despesa- Concluida,Comercial,,,,,,,,60,,,,,,,,,,,,,,,,,,Serviço de Terceiro,,
1264719554,MANUTENÇÃO ACCURA 1200,05/12/2025,Despesa- Concluida,Consumo Oficina,,,,,,,,"531,78",,,,,,,,,,,,,,,,,,Serviço de Terceiro,,
1264933012,PEÇAS PARA CONSERTAR CADEIRA,06/12/2025,Despesa- Concluida,Consumo Oficina,,,,,,,,"16,76",,,,,,,,,,,,,,,,,,Peça,,
1264937474,10 L gasolina para quadri,06/12/2025,Despesa- Concluida,Comercial,,,,,,,,"154,34",,,,,,,,,,,,,0,,,,,Veicular,Abastecimento,
1266963004,ABASTECIMENTO QUADRICICLO,11/12/2025,Despesa- Concluida,Consumo Oficina,,,,,,,,,,,,Auto Posto 2001,"63,03",,https://app.pipefy.com/storage/v1/signed/uploads/25a15c1c-86ba-48e0-be4f-681fba27d3bf/75438c28.ReqFotoNota.142518.jpg?expires_on=1772801599&signature=ALhjBG9d1pxDjx3c9%2BlAyapRUDStZYneZHxv%2FYbbbTM%3D,,,,,,0,,,,,Veicular,Abastecimento,
1266967692,TROCAR LAMPADA FAROL CAMINHÃO,11/12/2025,Despesa- Concluida,Comercial,,,,,,,,,,,,Walter Auto Elétrica,290,,https://app.pipefy.com/storage/v1/signed/uploads/786013cb-eca0-4134-9780-afc1c32ee9ca/236ee5bb.ReqFotoNota.173734.jpg?expires_on=1772801599&signature=KK5G9HhBF6%2BfJ1qI60b6z342uE8il22FKQ5c4y%2BGnRI%3D,,,,,,,,,,,Peça,,
1266976591,PARAFUSO PARA GRADE BALDAN,11/12/2025,Despesa- Concluida,Consumo Oficina,,,,,,,,,,,,Koba Parafusos,"85,7",,https://app.pipefy.com/storage/v1/signed/uploads/4a1e9c7c-c911-4893-b0f5-e4ab0fd684fa/cfd85931.ReqFotoNota.164914.jpg?expires_on=1772801599&signature=WbdH1%2BCqr2dsLFcUd%2BjH63AYCBVFjgFdY1uXtOl7czA%3D,,,,,,,,,,,Peça,,
1266980833,REPARO PNEU JIVO 2025 ANTIGONE,11/12/2025,Despesa- Concluida,Consumo Oficina,,,,,,,,,,,,Favaro Pneus,30,,https://app.pipefy.com/storage/v1/signed/uploads/a193c950-fe6e-4bf3-afa9-8eacbe5eba69/a5ba9085.ReqFotoNota.105521.jpg?expires_on=1772801599&signature=YjE51WlwqoeImitW6zJXczxso7DTy8q9HbswZtIfTiI%3D,,,,,,,,,,,Serviço de Terceiro,,
1265563778,USINAR VOLANTE DA EMBREAGEM,08/12/2025,Despesa- Concluida,Comercial,,,,,,,,0,,,,Rodrigo Torneiro,240,133,https://app.pipefy.com/storage/v1/signed/uploads/be19a8bc-0868-4032-840c-56e943e1e7ad/1.pdf?expires_on=1772801599&signature=lGWf4nNVww490FjGeNa52IJ5ZEXs6egmqBaUOgWHxTM%3D,,,,,,,,,,,Serviço de Terceiro,,
1264246987,RECUPERAR 4 ROSCAS DA TORRE DO  PROPELIDO KUHN,04/12/2025,Despesa- Concluida,Consumo Oficina,,,,,,,,0,,,1264246987,Rodrigo Torneiro,340,133,https://app.pipefy.com/storage/v1/signed/uploads/3e69ea71-715a-403b-9f7d-df2da0abaf1c/1.pdf?expires_on=1772801599&signature=EuH0EtwztubEsMYOlSLFp4SUo%2FEgV3Q0PkboFx1bvfw%3D,,Essa nota veio sem requisição. Pós vendas que criou,,,,,,,,,Serviço de Terceiro,,
1254026359,PINO CARRETA ANTIGONE,12/11/2025,Despesa- Concluida,Consumo Oficina,,,,,,,,0,,,1254026359,Rodrigo Torneiro,180,133,https://app.pipefy.com/storage/v1/signed/uploads/363d1447-417e-4961-8fbb-1de9272725d3/1.pdf?expires_on=1772801599&signature=9nAuSUVyPbyCzkWIrJm5XCT45UPSUnhD%2FlAET%2BzosoM%3D,,,,,,,,,,,Serviço de Terceiro,,
1264709528,2 SUPORTE PARA CAPOTA JIVO 2025,05/12/2025,Despesa- Concluida,Consumo Oficina,,,,,,,,0,,,1264709528,Rodrigo Torneiro,170,133,https://app.pipefy.com/storage/v1/signed/uploads/f593796d-5611-47d0-b1fb-6b30e5a75c02/1.pdf?expires_on=1772801599&signature=Y4xpSz7tYfaiJx8z67HbFapNdFULSYmUwtBh8u2FkQw%3D,,Essa nota veio sem requisição. Pós-vendas que criou,,,,,,,,,Serviço de Terceiro,,
1265560142,FAZER SISTEMA DE TRAVAMENTO PARA ESTEPE,08/12/2025,Despesa- Concluida,Comercial,,,,,,,,0,,,1265560142,Rodrigo Torneiro,90,134,https://app.pipefy.com/storage/v1/signed/uploads/82af8728-e8ed-4a3e-9607-290d8af310b1/2.pdf?expires_on=1772801599&signature=HFy%2BTscDJ0RdOcP9d%2BVumpSSJh1EWq%2F14bvCAhY8TWk%3D,,Essa nota veio sem requisição. Pós-vendas que criou,,,,,,,,,Serviço de Terceiro,,
1264254531,PARA-CHOQUE NOVO PARA CAMINHÃO MUNK,04/12/2025,Despesa- Concluida,Comercial,,,,,,,,0,,,1264254531,Rodrigo Torneiro,980,134,https://app.pipefy.com/storage/v1/signed/uploads/511738b0-723c-44aa-8c87-43f1a221000f/2.pdf?expires_on=1772801599&signature=F9unTZ1kIBoTZNZpuUgjbC62HW3iUFkMvVAFqdE4zkA%3D,,Essa nota veio sem requisição. Pós-vendas que criou,,,,,,,,,Serviço de Terceiro,,
1264259069,BUJÃO DE GÁS MAHINDRA,04/12/2025,Despesa- Concluida,Consumo Oficina,,,,,,,,0,,,1264259069,Rodrigo Torneiro,140,134,https://app.pipefy.com/storage/v1/signed/uploads/1cd8af4e-6a6c-435f-8d0f-5a4314bb75d9/2.pdf?expires_on=1772801599&signature=9Y10oi%2FeD54lZHL%2FyEjKYbP%2BDf%2FEaveVZbqkEdbuzL0%3D,,Essa nota veio sem requisição. Pós-vendas que criou,,,,,,,,,Serviço de Terceiro,,
1264711979,"SUPORTE TANQUE, MUDANÇA DO SUPORTE DA ESCADA, ETC...",05/12/2025,Despesa- Concluida,Consumo Oficina,,,,,,,,0,,,1264711979,Rodrigo Torneiro,980,134,https://app.pipefy.com/storage/v1/signed/uploads/77bdaa2f-712a-4d9a-b961-1b62ec162512/2.pdf?expires_on=1772801599&signature=n0CG%2FI4KBfJi%2BjEbhgU4Qc0O1clYlvh34b9j0NQKGP0%3D,,Essa nota veio sem requisição. Pós-vendas que criou,,,,,,,,,Serviço de Terceiro,,
1264714044,DIMINUIR BARRA DE FIXAÇÃO DO CONJUNTO FRONTAL,05/12/2025,Despesa- Concluida,Consumo Oficina,,,,,,,,0,,,1264714044,Rodrigo Torneiro,150,134,https://app.pipefy.com/storage/v1/signed/uploads/c591e573-df5f-4b42-a49b-5ecaf01899ae/2.pdf?expires_on=1772801599&signature=zG8iedH8zC0Hy0kl9eu7JZuJ8kEsHpelua9Ww1CjjfU%3D,,Essa nota veio sem requisição. Pós-vendas que criou,,,,,,,,,Serviço de Terceiro,,
1267118850,CATALOGO YTO,11/12/2025,Despesa- Concluida,Consumo Oficina,,,,,,,,,,,1267118850,Prisma,"71,5",3,https://app.pipefy.com/storage/v1/signed/uploads/6800d95d-1b34-4161-8f0f-d401a39c1479/ImagemdoWhatsAppde2025-12-11s14.25.51_4a604e67.jpg?expires_on=1772801599&signature=dKOpj6P8t0nipALwmdfk397rIV3kfVSo4lUgbHcn614%3D,,,,,,,,,,,Serviço de Terceiro,,
1265554863,PULVERIZADOR DE OSCAR BERNARDES RECUPERAÇÃO,08/12/2025,Despesa- Concluida,Consumo Oficina,,,,,,,,0,,,1265554863,Rodrigo Torneiro,690,134,https://app.pipefy.com/storage/v1/signed/uploads/059cedd1-5551-410d-9a3e-17ee1fe7c5af/2.pdf?expires_on=1772801599&signature=8FH2DP%2B8l%2BwE3oosvE53SxdG0Of9fRmRWRbA0Dy8EKo%3D,,Essa nota veio sem requisição. Pós-vendas que criou,,,,,,,,,Serviço de Terceiro,,
1267601370,LIMPEZA BOMBA ALIMENTADORA ,12/12/2025,Despesa- Concluida,Comercial,,,,,,,,,,,,Cambará,"656,1",110581,https://app.pipefy.com/storage/v1/signed/uploads/26345ff3-6845-43b2-9dfe-dc9aadcbd079/CAMABRALIMPEZABOMBAROSAN.pdf?expires_on=1772801599&signature=Tsh%2BppAOqplU46EP3e97A00uSRVbuMLdQzHRPkZhWgk%3D,,"Trator Rosan Aiello
Modelo: 6075 BR
Chassis: MDI07510HS0005279
Horimetro:60,7
Ordem de Serviço: 4233",,,,,,,,,Serviço de Terceiro,,
1265296575,ABASTECIMENTO ZÉ ANGELO ,08/12/2025,Despesa- Concluida,Comercial,,,,,,,,,,,1265296575,Auto Posto 2001,"153,93",49806,https://app.pipefy.com/storage/v1/signed/uploads/46e99bb8-61a1-4990-a86e-ecd2e5278a8b/ABASTECIMENTOZANGELO.jpg?expires_on=1772801599&signature=MWZg16wZPGW9MIeOhjKWWwE5kg30zTnCVm8qBnZfysM%3D,,,,,,0,,,,,Veicular,Abastecimento,
1267652709,ENGATE RÁPIDO PARA PNEUMATICA,12/12/2025,Despesa- Concluida,Consumo Oficina,,,,,,,,,,,1267652709,Outros...,22,,https://app.pipefy.com/storage/v1/signed/uploads/9a6810bc-8ddd-475f-99e6-cfc77d8e45ce/78884481.ReqFotoNota.181523.jpg?expires_on=1772801599&signature=EUaJDfFJdCwSpKH0WJc376%2FYVRQPYCx8yip17n3uyeI%3D,,FORNECEDOR ARCOFEL,,,,,,,,,Peça,,
1267654815,PINCEL PARA SERVIÇO DA OFICINA,12/12/2025,Despesa- Concluida,Consumo Oficina,,,,,,,,,,,1267654815,Outros...,30,50088,https://app.pipefy.com/storage/v1/signed/uploads/32f30a8a-07c1-44e3-b1c9-cacb88f487a4/b35aab04.ReqFotoNota.181816.jpg?expires_on=1772801599&signature=KDWFThboETMbkwy9GrttM%2Fc6%2BBrvsctOuit8HG9uvqQ%3D,,FORNECEDOR COMERCIAL DE TINTAS DE MACHADO,,,,,,,,,Ferramenta,,
1267657243,ENGATE RÁPIDO PARA PNEUMATICA,12/12/2025,Despesa- Concluida,Consumo Oficina,,,,,,,,,,,1267657243,Outros...,"11,5",,https://app.pipefy.com/storage/v1/signed/uploads/5f455734-07a5-448e-a1d5-de18d9db0f96/921d88b9.ReqFotoNota.182343.jpg?expires_on=1772801599&signature=ItDG8ENIBrvDThpwrkUlXrMfHkhMFvKjbjStkwyMpDs%3D,,FORNECEDOR KMS FERRAMENTAS,,,,,,,,,Peça,,
1267657991,CHAVE ALLEN,12/12/2025,Despesa- Concluida,Consumo Oficina,,,,,,,,,,,1267657991,Outros...,112,,https://app.pipefy.com/storage/v1/signed/uploads/3b0d4a43-d34d-487c-92ba-ee558065d387/df4f524b.ReqFotoNota.124414.jpg?expires_on=1772801599&signature=gJg6qBG1xw7KjHSA9BPwxHLgvm%2BCTuDbLyahDuWFaig%3D,,FORNECEDOR KMS FERRAMENTAS,,,,,,,,,Ferramenta,,
1267671537,TROCA DOS PISTÕES DA TRAVA DO QUADRO,12/12/2025,Despesa- Concluida,Comercial,,,,,,,,,,,1267671537,Outros...,"534,4",123,https://app.pipefy.com/storage/v1/signed/uploads/65406400-8dac-429a-b01f-5c203705de7c/TROCADOSPISTESDATRAVADOQUADRO.jpg?expires_on=1772801599&signature=4UK9vQ2wX01Nj3%2BMz%2BTo%2BHLqxG3twxXJSlJAmhK42G0%3D,,,,,,,,,,,Serviço de Terceiro,,
1267673864,TROCA DOS PISTÕES DE AMORTECEDOR DO CAPO,12/12/2025,Despesa- Concluida,Comercial,,,,,,,,,,,1267673864,Outros...,"534,4",122,https://app.pipefy.com/storage/v1/signed/uploads/2118b14b-75aa-4a34-8e34-6116eefe8a53/TROCADOSPISTESDEAMORTECEDORDOCAPO.jpg?expires_on=1772801599&signature=OGnPKEvMlgAz5u%2B6iz6IJncSiybkjr4aquueASCmevg%3D,,,,,,,,,,,Serviço de Terceiro,,
1264224077,ABASTECIMENTO ATJ6211,04/12/2025,Despesa- Concluida,Consumo Oficina,,52.765,Gasolina,,,,,"316,06",,,1264224077,Auto Posto 2001,"316,06",42612,,,,,,ATJ6211,0,,,,,Veicular,Abastecimento,
1264787935,ABASTECIMENTO AQJ3H59,05/12/2025,Despesa- Concluida,Comercial,,265.115,Diesel,,,,,"1.521,76",,,1264787935,Auto Posto 2001,"1.521,76",,,,,,,AQJ3H59,425632,,,,,Veicular,Abastecimento,
1266959887,ABASTECIMENTO EVG1E67,11/12/2025,Despesa- Concluida,Comercial,EVG1E67,,,,,,,,,,1266959887,Auto Posto 2001,"1.026,23",,https://app.pipefy.com/storage/v1/signed/uploads/79d68334-acd9-4090-bd35-9c5fd4f13aa4/3cba0133.ReqFotoNota.113157.jpg?expires_on=1772801599&signature=l0Ywx2lPuV1t4SrURG5HaPBEJs2fRQf%2Bw0xdk0Nsi7w%3D,,,,,EVG1E67,242701,,,,,Veicular,Abastecimento,
1266970592,ABASTECIMENTO TKC5D99,11/12/2025,Despesa- Concluida,Consumo Oficina,TKC5D99,44.167,Gasolina,,,,,,,,1266970592,Auto Posto 2001,"264,56",,https://app.pipefy.com/storage/v1/signed/uploads/13a17b67-81c7-40bd-a40c-6c638849c029/840a3eef.ReqFotoNota.111559.jpg?expires_on=1772801599&signature=0ww4C9mCLE5Vd5%2FDgL7Arf87AIhswG4tUjlk3AnQeIo%3D,,,,,TKC5D99,16856,,,,,Veicular,Abastecimento,
1266973737,ABASTECIMENTO AQJ3H59,11/12/2025,Despesa- Concluida,Comercial,AQJ3H59,341.551,Diesel,,,,,,,,1266973737,Auto Posto 2001,"1.960,50",,https://app.pipefy.com/storage/v1/signed/uploads/81c7436a-e818-436d-a40e-437c7780d92a/daacc35c.ReqFotoNota.114001.jpg?expires_on=1772801599&signature=xTAPvJh4BNMqgOG0blwbVJr%2BYvi70RTARouUN9YnPvI%3D,,,,,AQJ3H59,426913,,,,,Veicular,Abastecimento,
1266983388,ABASTECIMENTO TKY6E68,11/12/2025,Despesa- Concluida,Consumo Oficina,TKY6E68,49.392,Gasolina,,,,,,,,1266983388,Auto Posto 2001,"305,74",,https://app.pipefy.com/storage/v1/signed/uploads/5e3dc7bc-d69d-4d41-b66b-628a2fd029fc/b0f229ac.ReqFotoNota.170425.jpg?expires_on=1772801599&signature=4Qri4NlRw7t5Ntk8w8cNk46ckfKgm1R%2FjiLCrbw1sN0%3D,,,,,TKY6E68,26273,,,,,Veicular,Abastecimento,
1259860514,ABASTECIMENTO FXM4G90 E 1 LITRO DE OLEO,26/11/2025,Despesa- Concluida,Consumo Oficina,,38.461,Gasolina,,,,,"274,41",,,1259860514,Auto Posto 2001,"274,41",33478,https://app.pipefy.com/storage/v1/signed/uploads/72cda486-7662-4998-a91a-03fdf7b563aa/683f4ef9.ReqFotoNota.113044.jpg?expires_on=1772801599&signature=CS%2BzGBRyAU%2FEGXQtcaUK%2FPAa%2FGSI%2BbENEp%2F9o06auRo%3D,,,,,FXM4G90,0,,,,,Veicular,Abastecimento,
1267947323,MANUTENÇÃO DLZ1967,13/12/2025,Despesa- Concluida,Consumo Oficina,DLZ1967,,,,,,,,,,1267947323,Outros...,960,115,https://app.pipefy.com/storage/v1/signed/uploads/afc7c837-38f9-48d7-8025-22969d785e44/DESPESAVEICULODLZ1967.jpg?expires_on=1772801599&signature=10TdzVVZbfOfaSDjV7wc14LOis9Q62SJY2fd%2BMZOglg%3D,,,,,DLZ1967,190.276,,,,,Veicular,Manutenção,
1267951879,COMBUSTIVEL TRATOR APREENDIDO,13/12/2025,Despesa- Concluida,Consumo Oficina,,,,,,,,,,,1267951879,Auto Posto 2001,"114,8",52512,https://app.pipefy.com/storage/v1/signed/uploads/496fdf78-c2e8-4715-a393-886b0c51eb06/8b0299d0.ReqFotoNota.202647.jpg?expires_on=1772801599&signature=jODfMHrqYewwxaGN2M8l2aonfN1jwmzx9pKe8fiW31Y%3D,,,,,,0,,,,,Veicular,Abastecimento,
1267962563,REPARO PNEU CARRETA REBOQUE,13/12/2025,Despesa- Concluida,Consumo Oficina,,,,,,,,,,,1267962563,Favaro Pneus,30,,https://app.pipefy.com/storage/v1/signed/uploads/fe89f99f-666e-4538-9e1f-d3ae36e88603/ImagemdoWhatsAppde2025-12-13s10.45.24_a9c450a2.jpg?expires_on=1772801599&signature=dXrXSdXPwespvA4l3auExSEoqCXuQgdazaMFmVCIFPg%3D,,,,,,,,,,,Serviço de Terceiro,,
1193759143,Material Oficina,12/08/2025,Despesa- Concluida,Consumo Oficina,,,,,,,,945,,,1193759143,,945,,,,sem nota por enquanto,,,,,,,,,Ferramenta,,
1268671492,"CAIXA SPRAY PRETO, CAIXA DE TINER",15/12/2025,Despesa- Concluida,Consumo Oficina,,,,,,,,,,,1268671492,Outros...,333,,https://app.pipefy.com/storage/v1/signed/uploads/5dee4420-d683-4268-96f9-9de42c61a65a/300cdc18.ReqFotoNota.160953.jpg?expires_on=1772801599&signature=E7KDLmOJ4eSX4r9coXNr9XIq%2FPWs%2FDy4lqxNuBY%2BYmE%3D,,,,,,,,,,,Ferramenta,,
1268673186,LIXAS,15/12/2025,Despesa- Concluida,Consumo Oficina,,,,,,,,,,,1268673186,Outros...,"133,5",,https://app.pipefy.com/storage/v1/signed/uploads/e3397a66-ed17-468c-95ce-8c9f45ede214/300cdc18.ReqFotoNota.160953.jpg?expires_on=1772801599&signature=dB6K%2B24gllR9qPJH3Pka%2BC5XO4BTuaMy2veKHV8ivYM%3D,,,,,,,,,,,Ferramenta,,
1268674006,PARAFUSOS PARA SUPORTE DO TANQUE SW4,15/12/2025,Despesa- Concluida,Consumo Oficina,,,,,,,,,,,1268674006,Koba Parafusos,"20,2",,https://app.pipefy.com/storage/v1/signed/uploads/4759a789-f840-4806-8085-1ef60d14d564/c7ee7fe2.ReqFotoNota.182530.jpg?expires_on=1772801599&signature=vYVdSdaNsIRdGov90GklYX2h218r8iz3gSZibemColU%3D,,,,,,,,,,,Peça,,
1268676858,PARAFUSO DO SUPORTE DO MOTOR E PORCAS 8MM PARA DEFLETOR...,15/12/2025,Despesa- Concluida,Consumo Oficina,,,,,,,,,,,1268676858,Koba Parafusos,"43,6",,https://app.pipefy.com/storage/v1/signed/uploads/25859913-5706-4909-9bba-a2494765d373/4e99e10c.ReqFotoNota.183656.jpg?expires_on=1772801599&signature=FQau6Yn8brqQhifDmxmL7KAr63dlAuHnXRBY%2F70gKlc%3D,,,,,,,,,,,Peça,,
1268678064,FITA CREPE,15/12/2025,Despesa- Concluida,Consumo Oficina,,,,,,,,,,,1268678064,Outros...,"40,02",,https://app.pipefy.com/storage/v1/signed/uploads/246bd43b-6435-4ea7-a681-155c65ab06ed/cb602539.ReqFotoNota.193312.jpg?expires_on=1772801599&signature=cZf3Zv%2FgQ97dooV8cA8BOWF%2B%2BKN83WObxpEFAa%2BFBe4%3D,,,,,,,,,,,Ferramenta,,
1268679900,ABASTECIMENTO JOSÉ ANGELO,15/12/2025,Despesa- Concluida,Comercial,FXH1F73,,,,,,,,,,1268679900,Auto Posto 2001,"160,07",54422,https://app.pipefy.com/storage/v1/signed/uploads/0ec7a3c3-d619-4ef2-ac32-8c3c616a7660/e8507d38.ReqFotoNota.174928.jpg?expires_on=1772801599&signature=%2BUcHKt7Wc5rUdZcFsPU9wBd0kIjbFtq33xlUSfBK2fo%3D,,,,,FXH1F73,0,,,,,Veicular,Abastecimento,
1269162881,ALMOÇO TIO TOKO LUIZ FERNANDO,16/12/2025,Despesa- Concluida,Comercial,,,,,,,,,,,1269162881,Outros...,"135,7",,https://app.pipefy.com/storage/v1/signed/uploads/217c98b8-7023-49bc-9338-cb7e9bd98f70/e903dd4f.ReqFotoNota.144728.jpg?expires_on=1772801599&signature=V3IixyY%2Fr0qsYjpcEy3NaASwsfNwQX68LT0Dc30jliQ%3D,,TIO TOKO,,,,,,,,,Alimentação,,
1234000127,MANGUEIRA DE PRESSÃO TL 75E,13/10/2025,Despesa- Concluida,Comercial,,,,,,,,0,,,1234000127,Landico,"89,81",5591,https://app.pipefy.com/storage/v1/signed/uploads/a1670203-4862-439e-80e1-3158d17ef188/Magueiradepressaodotl75.pdf?expires_on=1772801599&signature=TFCDbWWLqSFml6AHHAFvUzquXjvXxFGONqnApK6Hf8Q%3D,,,,,,,,,,,Peça,,
1269337251,"Prensa de Mangueira, Femea Reta, Femea c45 ",17/12/2025,Despesa- Concluida,Comercial,,,,,,,,,,,1269337251,Landico,"58,3",2667,https://app.pipefy.com/storage/v1/signed/uploads/65e446ce-36ea-4211-8284-b81bfeea745e/PrensaMangueiraefemeaNicolas.pdf?expires_on=1772801599&signature=qAAapXmg5kwXMT29GvJvfaCViDA4mQE4KolTJvFwnaA%3D,,,,,,,,,,,Serviço de Terceiro,,
1269386562,"Gaxeta, Anel Oring e Serviço no Pistao EVG",17/12/2025,Despesa- Concluida,Comercial,EVG1E67,,,,,,,,,,1269386562,Landico,"194,3",2489,https://app.pipefy.com/storage/v1/signed/uploads/087bb5ca-3f23-41c9-975e-2e6caccf7f5f/GaxetaAnelOringeServionoPistaoEVG.tif?expires_on=1772801599&signature=mKbmARytdJmFntk1w2orx4wEDcZEAZyqNUFTJ5ktglw%3D,,,,,EVG1E67,0,,,,,Veicular,Manutenção,
1269390998,Mangueira e Abraçadeira ,17/12/2025,Despesa- Concluida,Consumo Oficina,,,,,,,,,,,1269390998,Landico,"211,21",2640,https://app.pipefy.com/storage/v1/signed/uploads/5be450ca-870b-4558-b90f-a19b47b5cf41/MangueiraeAbraadeiraDanilo.tif?expires_on=1772801599&signature=YCvCOCO49JNGqliUUTY5xF5fRrl8irP7a0GkN1ZzRwg%3D,,,,,,,,,,,Peça,,
1269394020,"Mangueira, Abraçadeira e Capa",17/12/2025,Despesa- Concluida,Consumo Oficina,,,,,,,,,,,1269394020,Landico,"190,28",2657,https://app.pipefy.com/storage/v1/signed/uploads/5f037235-dea6-4717-a440-90ffde7f8cb3/MangueiraeAbraadeiraeCapaDanilo.tif?expires_on=1772801599&signature=bCHAPC0Yt%2BBm32SIX04CK4V2I3a65apOmIgW6xRWWMM%3D,,,,,,,,,,,Peça,,
1269397499,Retorno de Tanque,17/12/2025,Despesa- Concluida,Comercial,,,,,,,,,,,,Landico,"87,2",2520,https://app.pipefy.com/storage/v1/signed/uploads/4c0897b9-0e4e-44fd-9c86-ee11d4c0ca40/RetornodeTanque.tif?expires_on=1772801599&signature=cT8E66C1fSi0iumVepBJaKiO8DacMAhBn%2Fn5J2MhzXs%3D,,Para o trator da loja (Técnico não informou o Chassis),,,,,,,,,Serviço de Terceiro,,
1269404410,Prensa de Mangueira Para o Comando do Jivo,17/12/2025,Despesa- Concluida,Comercial,,,,,,,,,,,1269404410,Landico,"149,44",2494,https://app.pipefy.com/storage/v1/signed/uploads/6b2a8221-bad2-47de-87f5-dac702b006a6/PrensaMangueiraparacomandodoJivo.tif?expires_on=1772801599&signature=jnPrzGZGrCs5C75Qf6Z6bEMAC7JegxEeM75lz1hw%2BIE%3D,,"Requisição para o comando do Jivo 2025
Cliente: GERALDO DONIZETE ANTONIO E OUTRO
Chassis: MBN1KGCBFSGK01812
Cortesia do Diretor Fernando",,,,,,,,,Serviço de Terceiro,,
1269411341,Solda da Peça para a conexão de Retorno,17/12/2025,Despesa- Concluida,Consumo Oficina,,,,,,,,,,,1269411341,Landico,"21,3",5505,https://app.pipefy.com/storage/v1/signed/uploads/74945307-b090-46cc-bd7d-55632f274345/SoldanaPeasparaconexodeRetorno.tif?expires_on=1772801599&signature=RF6bxMNty4GhWUbcyqdkSwQef4sunHpVQEbdvClNiCs%3D,,,,,,,,,,,Serviço de Terceiro,,
1269414264,Fazer mangueira Hidraulica do Munk,17/12/2025,Despesa- Concluida,Comercial,EVG1E67,,,,,,,,,,1269414264,Landico,"225,19",5525,https://app.pipefy.com/storage/v1/signed/uploads/b07578bc-05af-4755-80bf-3d429352e9b8/MangueiraHidraulicaparaoMunk.tif?expires_on=1772801599&signature=FfRPRvksFPCaYzGG38Q5rCzL4r21%2FoBnPnIaWiqyzSc%3D,,,,,EVG1E67,0,,,,,Veicular,Manutenção,
1269417862,Femea Reta para o Conjunto Frontal m85 da Loja,17/12/2025,Despesa- Concluida,Comercial,,,,,,,,,,,1269417862,Landico,"129,78",5613,https://app.pipefy.com/storage/v1/signed/uploads/90230898-8a0a-4e16-adeb-5e331ab6b48c/FemeaParaoConjuntoFrontal.tif?expires_on=1772801599&signature=d1VRBEJaIPX0zetD2pgKx5cwDM83vtzS6K80BzUOLbM%3D,,,,,,,,,,,Peça,,
1269427596,Anel Oring NBR 70 ,17/12/2025,Despesa- Concluida,Consumo Oficina,,,,,,,,,,,1269427596,Landico,2,2665,https://app.pipefy.com/storage/v1/signed/uploads/3f3b6166-90f1-499f-bed1-ce56046d684e/AnelOringPaulo.tif?expires_on=1772801599&signature=c%2FXoU%2FuKD6m0Bakk0hLv%2FUeF2sZqAaCItkllpid9e3c%3D,,"Técnico não pediu requisição para esse serviço.
Criada pelo Pós vendas.",,,,,,,,,Peça,,
1269430732,Femea C90 e Capa 2 Tramas 3/8,17/12/2025,Despesa- Concluida,Consumo Oficina,,,,,,,,,,,1269430732,Landico,"49,34",2668,https://app.pipefy.com/storage/v1/signed/uploads/b8abc1cb-e5ad-4775-b19f-2be3b6cb6d51/FemeaecapaFernandinho.tif?expires_on=1772801599&signature=0joU4%2FClNlaEvNFMKJhVSKeX1oVJaxx2LiHGV5DeQME%3D,,"Técnico não pediu requisição para esse serviço.
Criada pelo Pós vendas.",,,,,,,,,Peça,,
1269425497,Adaptador 1/2 NPT X 22M,17/12/2025,Despesa- Concluida,Consumo Oficina,,,,,,,,,,,1269425497,Landico,"85,2",2666,https://app.pipefy.com/storage/v1/signed/uploads/3f4a6747-7d39-4263-8c61-8da97c49c6a8/AdaptadorFernandinho.tif?expires_on=1772801599&signature=eZzK%2BhHEEg6Um%2FCuVK4QOlizboxHsn8l0h0D%2BI2XCTY%3D,,"Técnico não pediu requisição para esse serviço.
Criada pelo Pós Vendas",,,,,,,,,Serviço de Terceiro,,
1269420998,"Prensa de Mangueira, Femea, Macho e Adaptador para o Comando do Jivo",17/12/2025,Despesa- Concluida,Comercial,,,,,,,,,,,1269420998,Landico,"407,76",2632,,,"Requisição para o comando do Jivo 2025
Cliente: GERALDO DONIZETE ANTONIO E OUTRO
Chassis: MBN1KGCBFSGK01812
Cortesia do Diretor Fernando
OS: 4347",,,,,,,,,Serviço de Terceiro,,
1269433485,Anel Oring 2014 e Anel Oring NBR 70 SHORE 2015,17/12/2025,Despesa- Concluida,Consumo Oficina,,,,,,,,,,,1269433485,Landico,16,2669,https://app.pipefy.com/storage/v1/signed/uploads/4b59f4d2-a9a7-417a-883d-f0160e41d7bb/AnelOringDanilo.tif?expires_on=1772801599&signature=TdLkaAZeQHxAFOcFw6%2Fvs4WUEdb78Vz5xd4gQndnRDA%3D,,"Técnico não pediu requisição para esse serviço.
Criada pelo Pós vendas.",,,,,,,,,Peça,,
1269436901,Adaptador 1/2NPT x 22M ,17/12/2025,Despesa- Concluida,Consumo Oficina,,,,,,,,,,,1269436901,Landico,"94,4",2498,https://app.pipefy.com/storage/v1/signed/uploads/29d42319-8be2-4639-ad08-23b41537652b/Adaptador12Fernandinho.tif?expires_on=1772801599&signature=kScHt0u%2BoJEbA5HMrRoC0JuZ4WpKEueGN8vakFHcAD8%3D,,"Técnico não pediu requisição para esse serviço.
Criada pelo Pós vendas.",,,,,,,,,Serviço de Terceiro,,
1269438753,Capa 1 Trama 1/2,17/12/2025,Despesa- Concluida,Consumo Oficina,,,,,,,,,,,1269438753,Landico,"6,98",5627,https://app.pipefy.com/storage/v1/signed/uploads/d9a371f3-67e9-4c6c-93bb-424d728b7b0a/Capa1Trama12FernandoLeonel.tif?expires_on=1772801599&signature=Mlc%2FcniVqDRUOtsqpP%2FbNfW3%2BMXvILa3wlSkas8TaJA%3D,,"Técnico não pediu requisição para esse serviço.
Criada pelo Pós vendas.",,,,,,,,,Serviço de Terceiro,,
1269441039,Peças para o Reparo do Pistão do Munk,17/12/2025,Despesa- Concluida,Comercial,EVG1E67,,,,,,,,,,1269441039,Landico,"866,57",5564,https://app.pipefy.com/storage/v1/signed/uploads/9825497b-807f-4061-b721-83c2d0cb28aa/PeasparaoreparodoPistaodoMunk.tif?expires_on=1772801599&signature=BYA6HoTPsgF82B739fy0TtefiBSkUUvpjPHs24Ew3Ak%3D,,"Técnico não pediu requisição para esse serviço.
Criada pelo Pós vendas.",,,EVG1E67,0,,,,,Veicular,Manutenção,
1269503243,Anel Oring NBR 70 2203,17/12/2025,Despesa- Concluida,Consumo Oficina,,,,,,,,,,,1269503243,Landico,"1,05",2497,https://app.pipefy.com/storage/v1/signed/uploads/5c77e4b9-1f16-4c50-9739-50e60199f222/AnelOringFernandoLeonel.tif?expires_on=1772801599&signature=Bq4xYjJDwXz73o6vm9K97w%2BJ6QwcVAII6FAQqS%2FDVUk%3D,,"Técnico nçao pediu requisição para esse serviço.
Criada pelo Pós Vendas.",,,,,,,,,Peça,,
1268660948,ABASTECIMENTO FXM4G90,15/12/2025,Despesa- Concluida,Consumo Oficina,FXM4G90,35.331,Gasolina,,,,,,,,1268660948,Auto Posto 2001,"211,63",51680,https://app.pipefy.com/storage/v1/signed/uploads/f0ed3b9e-a3d0-49ad-b9c9-121a186a0deb/da0ec949.ReqFotoNota.114934.jpg?expires_on=1772801599&signature=XnuCbYjNZWaELEluafZSSSbpV2%2BIfBvFo56H2sj9A74%3D,,,,,FXM4G90,243920,,,,,Veicular,Abastecimento,
1268683538,ABASTECIMENTO FXM4G90,15/12/2025,Despesa- Concluida,Consumo Oficina,FXM4G90,,,,,,,,,,1268683538,Auto Posto 2001,"156,58",49082,https://app.pipefy.com/storage/v1/signed/uploads/d19da493-5f4e-43bf-9119-ae6325153351/8253a1ac.ReqFotoNota.105635.jpg?expires_on=1772801599&signature=eycbr2chBvp%2FiJKOlHyKa%2B2fJ2CaemNZ7qhkt7vTDCY%3D,,"foto qualidade ruim de enxergar

",,,FXM4G90,243520,,,,,Veicular,Abastecimento,
1269164383,ABASTECIMENTO TKY6E68,16/12/2025,Despesa- Concluida,Comercial,,33.864,Gasolina,,,,,,,,1269164383,Auto Posto 2001,"202,85",,https://app.pipefy.com/storage/v1/signed/uploads/238c32c1-95c5-4527-a5f8-8adf2d4e7c71/d3084ba1.ReqFotoNota.145425.jpg?expires_on=1772801599&signature=BMV8QOmbM7uJ8FVGVs5bLvBj1oONQIAj37jI6nDdbTs%3D,,foto da nota pouco nitida,,,,26596,,,,,Veicular,Abastecimento,
1269576077,Abastecimento Zeca para ir na Santa Rita,17/12/2025,Despesa- Concluida,Consumo Oficina,EPX5475,,,,,,,,,,1269576077,Auto Posto 2001,"260,62",55676,https://app.pipefy.com/storage/v1/signed/uploads/ea800c63-2f01-4340-a4d7-0e9b317f7cbf/abastecimentozeca.jpeg?expires_on=1772801599&signature=myM3PlSCdL%2Br7Jl%2FBtCTlOR6LJLEYqFiWhYJnichhjs%3D,,,,,EPX5475,256960,,,,,Veicular,Abastecimento,
1270043036,ABASTECIMENTO TKY6E68,18/12/2025,Despesa- Concluida,Consumo Oficina,TKY6E68,44.840,Gasolina,,,,,,,,1270043036,Auto Posto 2001,"277,56",55651,https://app.pipefy.com/storage/v1/signed/uploads/39c017a2-7915-4b8f-a43f-005a0cdbcf1e/123175d3.ReqFotoNota.202017.jpg?expires_on=1772801599&signature=KuXKXcBsvu3enP1rv%2FZNtpDHyN%2FHstzP6jpU82RGbck%3D,,,,,TKY6E68,27142,,,,,Veicular,Abastecimento,
1270047041,ABASTECIMENTO EVG1E67,18/12/2025,Despesa- Concluida,Comercial,EVG1E67,179.085,Diesel,,,,,,,,1270047041,Auto Posto 2001,"1.027,95",56138,https://app.pipefy.com/storage/v1/signed/uploads/cc191ea9-8886-4cdf-acb6-d105510deede/2bf6ef61.ReqFotoNota.112008.jpg?expires_on=1772801599&signature=3iCshNW0eoXl1qX1U1hRZSmYyX1%2F7csJett4RJpYGTA%3D,,VIAGEM PARA PALMITAL,,,EVG1E67,0,,,,,Veicular,Abastecimento,
1270653729,ABASTECIMENTO EPX5475,19/12/2025,Despesa- Concluida,Consumo Oficina,EPX5475,49.002,Gasolina,,,,,,,,1270653729,Auto Posto 2001,"303,32",55855,https://app.pipefy.com/storage/v1/signed/uploads/cfae651a-c9d6-460e-ba02-9c0986348182/WhatsAppImage2025-12-19at13.34.21.jpeg?expires_on=1772801599&signature=WVEvo6PmaqrjCix1sF1p4xOzEqC4OVd7LvRs1etFRkM%3D,,"Requisição não foi pedida no aplicativo, sem hodometro",,,EPX5475,0,,,,,Veicular,Abastecimento,
1263890636,ABASTECIMENTO DANILO STRADA,04/12/2025,Despesa- Concluida,Consumo Oficina,,49.978,Gasolina,,,,,,,,1263890636,Auto Posto 2001,"299,37",46783,https://app.pipefy.com/storage/v1/signed/uploads/d4eb1f85-834b-42e5-a8d7-0066fdd1c943/WhatsAppImage2025-12-04at08.23.14.jpeg?expires_on=1772801599&signature=WEWgWlDY%2Bk7ZxLDEYq3uF9g4IXyYPNBDDI3NbaacAfY%3D,,,,,ATJ6211,351752,,,,,Veicular,Abastecimento,
1265254705,Abastecimento DLZ1967,08/12/2025,Despesa- Concluida,Consumo Oficina,,47.775,Gasolina,,,,,,,,1265254705,Auto Posto 2001,"286,17",497331,https://app.pipefy.com/storage/v1/signed/uploads/db8d08c6-9081-4856-b301-d6067bc867f5/WhatsAppImage2025-12-08at08.36.38.jpeg?expires_on=1772801599&signature=W5sdKkKF08zX%2BKN5HAfE3dbsTYiCY2PrkxdzTbavZdA%3D,,,,,DLZ1967,190090,,,,,Veicular,Abastecimento,
1270757602,10L PRO TRATOR DA LOJA,19/12/2025,Despesa- Concluida,Comercial,,,,,,,,,,,1270757602,Auto Posto 2001,"57,4",56452,https://app.pipefy.com/storage/v1/signed/uploads/da46d6f3-01ee-4006-8ae7-bed49fc17b86/b0a4b6cc.ReqFotoNota.203249.jpg?expires_on=1772801599&signature=ioWnNBDoW7Zpg5Mq6Ftj3EeHzUu8%2Fm7nI0Y1%2B45oHk8%3D,,,,,,0,,,,,Veicular,Abastecimento,
1270761658,MACHO PARA  O PAULO,19/12/2025,Despesa- Concluida,Consumo Oficina,,,,,,,,,,,1270761658,Kadu Ferramentas,"48,9",5237,https://app.pipefy.com/storage/v1/signed/uploads/b0ebaebf-f03e-411e-8049-e8fae620b998/NFKMS.tif?expires_on=1772801600&signature=2YxLuljBdBrheDlWYVATqL4tQUBh%2B8Kc77bn5pzI1lc%3D,,Técnico não pediu requisição referente a essa nota ,,,,,,,,,Peça,,
1270763781,"Veda Rosca, Fita Isolante e Terminal para Chicote",19/12/2025,Despesa- Concluida,Consumo Oficina,,,,,,,,,,,1270763781,Kadu Ferramentas,144,5237,https://app.pipefy.com/storage/v1/signed/uploads/e5799136-da27-4679-994e-e163d93288b1/NFKMS.tif?expires_on=1772801600&signature=hD%2F0k%2FrwUB5lrDAsPqcWjwKhmSrUEdX%2BCU13IzYlkA4%3D,,,,,,,,,,,Ferramenta,,
1270765357,Botina,19/12/2025,Despesa- Concluida,Comercial,,,,,,,,,,,1270765357,Kadu Ferramentas,98,5237,https://app.pipefy.com/storage/v1/signed/uploads/cc1b0d8d-212b-4e0c-b3e7-a838f6303911/NFKMS.tif?expires_on=1772801600&signature=0t2lVW%2BEtSXm4m6lFg7wvBSYhJq1ejP4LKJwvX5n62U%3D,,,,,,,,,,,Ferramenta,,
1270766135,Disco de corte para o Nicolas,19/12/2025,Despesa- Concluida,Consumo Oficina,,,,,,,,,,,1270766135,Outros...,42,,https://app.pipefy.com/storage/v1/signed/uploads/a95658ea-a119-42e6-a119-ac1bd928556c/4255ab24.ReqFotoNota.132439.jpg?expires_on=1772801600&signature=rkeSjrnz42%2Fm4sllpYhqFxsFP1jr%2BgqSVaN6O0HSA%2F0%3D,,Fornecedor: KMS FERRAMENTAS,,,,,,,,,Peça,,
1270766964,Engate Rapdo para Pistola Pneumatica,19/12/2025,Despesa- Concluida,Consumo Oficina,,,,,,,,,,,1270766964,Kadu Ferramentas,"11,5",5237,https://app.pipefy.com/storage/v1/signed/uploads/6e228411-6027-4cfb-972c-7ea5e06120b3/NFKMS.tif?expires_on=1772801600&signature=wCAsOfPabN9NLNbpzWN4YrB1DwISgjlIssX5nNIjofQ%3D,,,,,,,,,,,Ferramenta,,
1270768545,Jogo de Chaves Allen 30 peças,19/12/2025,Despesa- Concluida,Consumo Oficina,,,,,,,,,,,1270768545,Kadu Ferramentas,112,5237,https://app.pipefy.com/storage/v1/signed/uploads/b2fa5d69-99fb-4ee0-983d-74da62e4b231/NFKMS.tif?expires_on=1772801600&signature=U0q7yEcUZHzMsSYrV1nTrsbifSNz3NifbeJnXoqlUu8%3D,,,,,,,,,,,Ferramenta,,
1270770256,ABASTECIMENTO JOSÉ ANGELO,19/12/2025,Despesa- Concluida,Comercial,GDW0J96,,,,,,,,,,1270770256,Auto Posto 2001,"114,8",57090,https://app.pipefy.com/storage/v1/signed/uploads/4824d2b8-7822-45a8-822b-1eff14b402d4/57f655e9.ReqFotoNota.174630.jpg?expires_on=1772801600&signature=TmCERYm52%2BYBar0hA6YCFGcTMtO%2Bl%2B2Ka5B55E0bXpo%3D,,,,,GDW0J96,0,,,,,Veicular,Abastecimento,
1270764727,ABASTECIMENTO TKC5D99,19/12/2025,Despesa- Concluida,Consumo Oficina,TKC5D99,46,Gasolina,,,,,,,,1270764727,Auto Posto 2001,"275,54",56421,https://app.pipefy.com/storage/v1/signed/uploads/113efbc7-9c33-48be-b6e5-b16c3c6d9430/0f06a130.ReqFotoNota.132404.jpg?expires_on=1772801600&signature=rkrX8BZhUJgDtaDI7kRBYUhsY8ueSdExaYbwK02Mzus%3D,,,,,TKC5D99,17954,,,,,Veicular,Abastecimento,
1270761688,ABASTECIMENTO FXM4G90,19/12/2025,Despesa- Concluida,Consumo Oficina,FXM4G90,38.498,Gasolina,,,,,,,,1270761688,Auto Posto 2001,"230,6",55568,https://app.pipefy.com/storage/v1/signed/uploads/af2f87d9-97b9-4a80-b6d4-ae8f2a9a8f20/5bed4fc3.ReqFotoNota.111121.jpg?expires_on=1772801600&signature=8b0E3VY2UVzjWdCjBQ91nk4wpZ7PQ%2B8H72oxO542Z8o%3D,,,,,FXM4G90,244346,,,,,Veicular,Abastecimento,
1270756139,ABASTECIMENTO TKC5D99,19/12/2025,Despesa- Concluida,Consumo Oficina,,46.997,Gasolina,,,,,,,,1270756139,Auto Posto 2001,"281,51",54228,https://app.pipefy.com/storage/v1/signed/uploads/7e462abf-e0ff-4a58-829f-4a98e24249b0/a6b08c9e.ReqFotoNota.184453.jpg?expires_on=1772801600&signature=yaExh4SVrD5F5Hrr78%2BBh2FYOHOMf2p%2Fe4SJXB%2BFEjA%3D,,,,,,17430,,,,,Veicular,Abastecimento,
1270793046,Funilaria Montagem S10 Diretor Fernando,19/12/2025,Despesa- Concluida,Comercial,GIH0I50,,,,,,,,,,1270793046,Proeste,750,36880,https://app.pipefy.com/storage/v1/signed/uploads/dd46d746-3d6e-445e-ac97-16735a93e5e7/FUNILARIAMONTAGEM.tif?expires_on=1772801600&signature=D6MNm5pp%2Bofqx8pN1qWWoSGUjnlc2%2BDKbYGjc6PAb3M%3D,,,,,GIH0I50,161797,,,,,Veicular,Manutenção,
1268950842,DESPESAS CARRO ZECA,16/12/2025,Despesa- Concluida,Consumo Oficina,DLZ1967,,,,,,,,,,1268950842,Outros...,500,65,https://app.pipefy.com/storage/v1/signed/uploads/31958f9c-d634-48c5-b54a-78eb58c3fa86/Image_20251222_0001.pdf?expires_on=1772801600&signature=deTNjMXUM22mUjezBpF6yxY9d0DQuKCoW%2BPDcXpaXPU%3D,,REPARO DOS BANCOS DO ZECA,,,DLZ1967,190276,,,,,Veicular,Manutenção,
1274377445,COMBUSTIVEL LIMPEZA ,29/12/2025,Despesa- Concluida,Consumo Oficina,,,,,,,,,,,1274377445,Auto Posto 2001,"59,91",62215,https://app.pipefy.com/storage/v1/signed/uploads/74b0a880-34d5-4220-8bef-e89050257762/COMBUSTIVELLIMPEZA.jpeg?expires_on=1772801600&signature=JnV9AAJZHH54%2FF9L0Ri%2FN5E5hBpS93Tdq9mnjcL%2FoQo%3D,,,,,,0,,,,,Ferramenta,Abastecimento,
1273059746,ABASTECIMENTO TKC5D99,26/12/2025,Despesa- Concluida,Consumo Oficina,TKC5D99,50,Gasolina,,,,,,,,1273059746,Auto Posto 2001,"299,5",62217,https://app.pipefy.com/storage/v1/signed/uploads/ff65f353-ff1b-483b-9485-549ccda39188/WhatsAppImage2025-12-29at13.40.51.jpeg?expires_on=1772801600&signature=ijVEkvml%2F5HZ3g%2BuGPbMvsUxclxYY%2BhBRFzbvhUW%2FTs%3D,,,,,TKC5D99,18430,,,,,Veicular,Abastecimento,
1274392131,VULCANIZAÇÃO DE PNEU S10,29/12/2025,Despesa- Concluida,Comercial,GIH0I50,,,,,,,,,,1274392131,Favaro Pneus,120,243,"https://app.pipefy.com/storage/v1/signed/uploads/3220e9d5-38a2-46a8-9cd8-eef343d354d5/WhatsAppImage2025-12-29at14.14.12.jpeg?expires_on=1772801600&signature=%2ByzIl3BWNhFH%2FnHWCeSttZXWiHomT0SlnS9EHl6GMuo%3D, https://app.pipefy.com/storage/v1/signed/uploads/7e295fd1-eecb-44e9-a08f-5e56acd1dacd/WhatsAppImage2025-12-29at14.14.20.jpeg?expires_on=1772801600&signature=7K3rPFd%2BPFv1eeZbAlHiWF803LQE%2FeyopsdSZFi3pcw%3D",,,,,GIH0I50,0,,,,,Veicular,Manutenção,
1274394991,REPARO PNEU CARRETA REBOQUE,29/12/2025,Despesa- Concluida,Consumo Oficina,,,,,,,,,,,,Favaro Pneus,30,243,"https://app.pipefy.com/storage/v1/signed/uploads/dcd55f70-0a3a-4e6c-9334-f3b3674a60d8/WhatsAppImage2025-12-29at14.18.05.jpeg?expires_on=1772801600&signature=LsE%2Fg4zbdTZ1%2Fb7M5q2BZOtiNRSw2bg7%2FUntLtIiPy0%3D, https://app.pipefy.com/storage/v1/signed/uploads/c766ddd6-0cb1-4ecc-ab32-171da57f8b31/WhatsAppImage2025-12-29at14.14.12.jpeg?expires_on=1772801600&signature=fm2qZnPx7RiqrIXi1X1krED8ZyR%2FoiORvyjP63mJo1o%3D",,,,,,0,,,,,Veicular,Manutenção,
1274949743,ABASTECIMENTO FXM4G90 ,30/12/2025,Despesa- Concluida,Consumo Oficina,FXM4G90,36.950,Gasolina,,,,,,,,1274949743,Auto Posto 2001,"219,17",59194,https://app.pipefy.com/storage/v1/signed/uploads/f4164f8f-a99d-4179-98a2-76e4b35f87a7/72e8c1ec.ReqFotoNota.110819.jpg?expires_on=1772801600&signature=jtlwpjo%2FohmpqrXvCN7gyXHrndzDKt%2B3cEmKuYkD4Qc%3D,,Abastecimento para serviço no campo,,,FXM4G90,244770,,,,,Veicular,Abastecimento,
1274952427,ABASTECIMENTO TKY6E68,30/12/2025,Despesa- Concluida,Comercial,TKY6E68,41.891,Gasolina,,,,,,,,1274952427,Auto Posto 2001,"250,93",59292,https://app.pipefy.com/storage/v1/signed/uploads/3507dc12-9eb8-48b5-8a37-647a63f18d24/2f1f3d67.ReqFotoNota.130626.jpg?expires_on=1772801600&signature=8WF57ulj5vLrUdAzmu2L4iVVUJ%2ByGkkwGl5uzQ8ats0%3D,,Abastecimento para viagem Taquaras,,,TKY6E68,27600,,,,,Veicular,Abastecimento,
1274954491,ABASTECIMENTO FXM4G90,30/12/2025,Despesa- Concluida,Consumo Oficina,FXM4G90,22.358,Gasolina,,,,,,,,1274954491,Auto Posto 2001,"183,82",59990,https://app.pipefy.com/storage/v1/signed/uploads/4723176f-1297-4945-86e7-acccffe0f7bb/baaa0314.ReqFotoNota.105409.jpg?expires_on=1772801600&signature=4SNDUS1K%2ByKlPh89Ujtd5nSVHXTegVdcubqZZ%2FAf6%2BA%3D,,Abastecimento para entrega técnica Gtm para Guri Grupo Ioshida,,,FXM4G90,245054,,,,,Veicular,Abastecimento,
1274955935,ABASTECIMENTO FXM4G90,30/12/2025,Despesa- Concluida,Consumo Oficina,FXM4G90,49.609,Gasolina,,,,,,,,1274955935,Auto Posto 2001,"297,16",54498,https://app.pipefy.com/storage/v1/signed/uploads/129d3581-2b01-47be-bec9-ab1f63420624/2601c84e.ReqFotoNota.111708.jpg?expires_on=1772801600&signature=c5nSse%2FnCEvwYsJpCylojEUrJHefy7rBZqoDl4IeqSY%3D,,Abastecimento para serviço semanal,,,FXM4G90,245619,,,,,Veicular,Abastecimento,
1274912102,ALIMENTAÇÃO GABRIEL,30/12/2025,Despesa- Concluida,Consumo Oficina,,,,,,,,,,,1274912102,Tio Toko,30,,https://app.pipefy.com/storage/v1/signed/uploads/cb4c4809-496f-4432-89a2-3d874e308a54/WhatsAppImage2025-12-30at17.14.42.jpeg?expires_on=1772801600&signature=E7R5UtzCwKtyqKuLJ1Gc5tREjsGyJRVXcIks0rEogp4%3D,,,,,,,,,,,Alimentação,,
1275016260,SACA POLIA 3 GARRAS,30/12/2025,Despesa- Concluida,Consumo Oficina,,,,,,,,,,,1275016260,KMS Ferramentas,"169,9",,https://app.pipefy.com/storage/v1/signed/uploads/7c5911e7-b7ac-4630-a966-b79591e6c850/WhatsAppImage2025-12-30at17.16.52.jpeg?expires_on=1772801600&signature=zNWWyr6a5FLq1iWoh1gVPKMuaUWqkC%2B%2BoGQUbzyqwmY%3D,,,,,,,,,,,Peça,,
1275179647,ABASTECIMENTO PARA ENTREGA,31/12/2025,Despesa- Concluida,Comercial,,,,,,,,,,,1275179647,Auto Posto 2001,"57,4",64505,https://app.pipefy.com/storage/v1/signed/uploads/a7ef7ac5-e5a4-4719-aee4-5d7c25934e58/c1b7d113.ReqFotoNota.203721.jpg?expires_on=1772801600&signature=Q93%2FPAh7crTey3sME8gk87DRDFr2sxHkxwGPNtoaF%2Bs%3D,,Abastecimento trator Loja 7096 -5494,,,,0,,,,,Serviço de Terceiro,Abastecimento,
1275188243,ABASTECIMENTO ENTREGA TRATOR,31/12/2025,Despesa- Concluida,Comercial,,,,,,,,,,,1275188243,Auto Posto 2001,"86,1",65233,https://app.pipefy.com/storage/v1/signed/uploads/5917e3a5-c4dc-48a2-ab61-5013cb1309d4/6ef2d5b8.ReqFotoNota.113426.jpg?expires_on=1772801600&signature=Q366YLCArsyBLza6iNFLAZszvRoBkFiRjkW%2F6Sp7sHM%3D,,,,,,0,,,,,Veicular,Abastecimento,
1275190014,ABASTECIMENTO S10 PARA LEVAR QUADRI DO VALDIR MENDES,31/12/2025,Despesa- Concluida,Consumo Oficina,GIH0I50,,,,,,,,,,1275190014,Auto Posto 2001,"287,79",65466,https://app.pipefy.com/storage/v1/signed/uploads/7774d3bb-4538-4673-92a3-c729e48c9e9b/6c1e2460.ReqFotoNota.164547.jpg?expires_on=1772801600&signature=QU5Btb0l61obZpGBVeCb5XtImv8Kn3y4TRCtxaY8Bug%3D,,,,,GIH0I50,162893,,,,,Veicular,Abastecimento,
1275164427,ABASTECIMENTO TKY6E68,31/12/2025,Despesa- Concluida,Comercial,TKY6E68,50.783,,,,,,,,,1275164427,Auto Posto 2001,"207,7",64515,https://app.pipefy.com/storage/v1/signed/uploads/2610a6f8-8a67-4dd9-a4e5-151ffd0c65bf/ce28c3b5.ReqFotoNota.124553.jpg?expires_on=1772801600&signature=RyYXOEi6prnJQQ5peqHBKnA1NTmCgxSk%2BTaabXToyOk%3D,,"Para buscar entrega para o Zezo
",,,TKY6E68,28545,,,,,Veicular,Abastecimento,
1275639668,ABASTECIMENTO TKC5D99,02/01/2026,Despesa- Concluida,Consumo Oficina,TKC5D99,46.147,Gasolina,,,,,,,,1275639668,Auto Posto 2001,"276,42",660668,https://app.pipefy.com/storage/v1/signed/uploads/841aea85-ecf1-48bc-8abe-e6cb91848f42/3c29ba14.ReqFotoNota.144036.jpg?expires_on=1772801600&signature=sZI72RAYRLB215a4%2BWPKPrZAVgrm4FU8NCxKc3GHYy0%3D,,,,,TKC5D99,18748,,,,,Veicular,Abastecimento,
1275640939,ABASTECIMENTO FXM4G90,02/01/2026,Despesa- Concluida,Consumo Oficina,FXM4G90,30.425,Gasolina,,,,,,,,1275640939,Auto Posto 2001,"182,25",67525,https://app.pipefy.com/storage/v1/signed/uploads/5b4c9c95-b0fa-4b85-b3ac-4ab86eda3a42/7fdae85e.ReqFotoNota.131226.jpg?expires_on=1772801600&signature=kGTsebFrix56pPSYiqIrGHX37S7ev5i1%2FYSpCV3TuVI%3D,,,,,FXM4G90,245965,,,,,Veicular,Abastecimento,
1275705411,ABRAÇADEIRA,02/01/2026,Despesa- Concluida,Consumo Oficina,,,,,,,,,,,1275705411,Barrado,"14,4",,https://app.pipefy.com/storage/v1/signed/uploads/4a3cb384-826e-42d8-b546-033703e0c87e/00020eb5.ReqFotoNota.184422.jpg?expires_on=1772801600&signature=h%2F5RwA0lrMJ8qQqSH1kTr2DqyY0WpkEib6%2Bm5NqjJxc%3D,,Peça pedida por Valdir,,,,,,,,,Peça,,
1275805463,ABASTECIMENTO POLO JOSÉ ANGELO,03/01/2026,Despesa- Concluida,Comercial,,,,,,,,,,,1275805463,Auto Posto 2001,"179,43",67825,https://app.pipefy.com/storage/v1/signed/uploads/450e77bf-6851-4821-a732-39cca1703000/f3244e2f.ReqFotoNota.201254.jpg?expires_on=1772801600&signature=LPC4r%2F8eYMNAxgS0aTjmtWMC%2BnlfoR7HWfX7jlGg%2FwQ%3D,,,,,,0,,,,,Veicular,Abastecimento,
1277622476,10L GASOLINA QUADRI,06/01/2026,Despesa- Concluida,Comercial,,,,,,,,,,,1277622476,Auto Posto 2001,"61,06",69732,https://app.pipefy.com/storage/v1/signed/uploads/538f5f0c-407a-453f-a140-0badaa7a5426/db48298b.ReqFotoNota.133723.jpg?expires_on=1772801600&signature=NJTah9yWPx9VrCmrbB2tlvuqPJwF%2FMaYNEz5V3%2BdNNs%3D,,10L GASOLINA M570 CLIENTE José Carlos Fernandez,,,,0,,,,,Serviço de Terceiro,Abastecimento,
1277634678,ADAPTAÇÃO DE FILTRO,06/01/2026,Despesa- Concluida,Comercial,,,,,,,,,,,1277634678,Barrado,"14,21",,https://app.pipefy.com/storage/v1/signed/uploads/23903601-4412-48f7-a75b-f9a91b320fae/caeb39a4.ReqFotoNota.1341011.jpg?expires_on=1772801600&signature=PLmYI%2F2%2BcSbzr%2BID0XGcppyxaI4%2FXszOkQ9MJ4QDJNo%3D,,adaptação de filtro para trator da loja,,,,,,,,,Peça,,
1278267726,SERVIÇO NO TRATOR 6075 FAZENDA SANTA RITA,07/01/2026,Despesa- Concluida,Consumo Oficina,,,,,,,,,,,1278267726,Jeferson Climatização,800,27,"https://app.pipefy.com/storage/v1/signed/uploads/0fb4b492-6aa2-465c-bd59-7aa6aa3fff8a/WhatsAppImage2026-01-07at13.35.56.jpeg?expires_on=1772801600&signature=tmdH1HugUX%2BN2uSS8MwWylQjLWxG%2F7t4yO9WLc3qAWM%3D, https://app.pipefy.com/storage/v1/signed/uploads/b4e6eab9-01b9-4d52-8da2-4831d4dbdaad/WhatsAppImage2026-01-07at13.36.31.jpeg?expires_on=1772801600&signature=qs03MHlKNcbhZnKydBQfTvNinYQnpUsIVLT38%2BCY54Y%3D",,Serviço dado como garantia.,,,,,,,,,Serviço de Terceiro,,
1278279824,ABASTECIMENTO FXM4G90,07/01/2026,Despesa- Concluida,Consumo Oficina,FXM4G90,59,Gasolina,,,,,,,,1278279824,Auto Posto 2001,"283,51",70093,https://app.pipefy.com/storage/v1/signed/uploads/515561df-a841-41c2-980a-5b2cae6b588c/c01b4cb0.ReqFotoNota.212746.jpg?expires_on=1772801600&signature=7owyKuOMtNF%2BddF2GR0ntkkUqHIXutQIsKDAqrw7UIU%3D,,,,,FXM4G90,246424,,,,,Veicular,Abastecimento,
1278296619,MANUTENÇÃO SEB9I75,07/01/2026,Despesa- Concluida,Comercial,SEB9I75,,,,,,,,,,1278296619,Carlos Pneus,265,17378,https://app.pipefy.com/storage/v1/signed/uploads/0f667ace-535a-4e8b-8d08-6681547f1719/WhatsAppImage2026-01-07at14.30.05.jpeg?expires_on=1772801600&signature=Y5VSALPCuwLhSlfNVMl9X1ixHemf5BIJ3cry2jpklWI%3D,,,,,SEB9I75,100.253,,,,,Veicular,Manutenção,
1278300519,MANUTENÇÃO SEB9J47,07/01/2026,Despesa- Concluida,Comercial,SEB9I75,,,,,,,,,,1278300519,Carlos Pneus,"1.460,00",17380,https://app.pipefy.com/storage/v1/signed/uploads/37d5458e-723f-497b-8d0f-5351cdc427ba/WhatsAppImage2026-01-07at14.30.13.jpeg?expires_on=1772801600&signature=%2ByXqt6MhYKmDSefLzJkKWvMP5jd5zaN%2FteaKZlIBQ6g%3D,,,,,SEB9I75,100.254,,,,,Veicular,Manutenção,
1278352553,LUVA PELICA E OCULOS CAPRI KALIPSO,07/01/2026,Despesa- Concluida,Comercial,,,,,,,,,,,1278352553,KMS Ferramentas,84,,https://app.pipefy.com/storage/v1/signed/uploads/baafb537-1e33-4150-aa1e-385483e36dd8/3428f0af.ReqFotoNota.174303.jpg?expires_on=1772801600&signature=8ZPLq9wVT2%2B7bo1XrsqDk8Cgq8QliFnYOhTOHo21nSc%3D,,,,,,,,,,,Ferramenta,,
1278286138,ABASTECIMENTO TKY6E68,07/01/2026,Despesa- Concluida,Consumo Oficina,TKY6E68,45.004,Gasolina,,,,,,,,1278286138,Auto Posto 2001,"278,57",70347,https://app.pipefy.com/storage/v1/signed/uploads/86159e2d-6753-480d-b2d3-36d433cbf922/16a0cb9e.ReqFotoNota.120834.jpg?expires_on=1772801600&signature=wCxbKQQY%2FTFfOw5fm3STxU1lEG4tWAyS2iFgg17CPNs%3D,,Para ir no Waldomiro e no Polaco,,,TKY6E68,29229,,,,,Veicular,Abastecimento,
1278362979,ABASTECIMENTO TKC5D99,07/01/2026,Despesa- Concluida,Consumo Oficina,TKC5D99,38.941,Gasolina,,,,,,,,1278362979,Auto Posto 2001,"248,19",70994,https://app.pipefy.com/storage/v1/signed/uploads/2c2b6e5a-cf7d-4e81-a1d3-0422cc5ae6bc/a7533633.ReqFotoNota.125103.jpg?expires_on=1772801600&signature=OA8Nne7JryUXkAKVwzJaNncVEojY3T%2B9rZrFO26%2BLb0%3D,,,,,TKC5D99,19180,,,,,Veicular,Abastecimento,
1278341572,ABASTECIMENTO EPX5475,07/01/2026,Despesa- Concluida,Consumo Oficina,EPX5475,22.609,Gasolina,,,,,,,,1278341572,Auto Posto 2001,"135,43",64541,https://app.pipefy.com/storage/v1/signed/uploads/082cb141-4abb-4599-8465-40d0bdc60424/a041c462.ReqFotoNota.120916.jpg?expires_on=1772801600&signature=vVK2sZqFSLGK8WwbjIdz2ka4z4V7M6WjKSLQ9sr5QFM%3D,,Ir na opção rural,,,EPX5475,275275,,,,,Veicular,Abastecimento,
1263456817,ALMOÇO PAULO,03/12/2025,Despesa- Concluida,Consumo Oficina,,,,,,,,"45,9",,,1263456817,Tio Toko,"45,9",,,,,,,,,,,,,Alimentação,,
1264231582,ALMOÇO TIO TOKO LUIZ FERNANDO,04/12/2025,Despesa- Concluida,Comercial,,,,,,,,"39,9",,,1264231582,Tio Toko,"39,9",,,,,,,,,,,,,Alimentação,,
1264801246,ALMOÇO TIO  TOKO,05/12/2025,Despesa- Concluida,Consumo Oficina,,,,,,,,"117,7",,,1264801246,Tio Toko,"117,7",,,,,,,,,,,,,Alimentação,,
1278908770,ALMOÇO TIO TOKO NICOLAS ,08/01/2026,Despesa- Concluida,Consumo Oficina,,,,,,,,,,,1278908770,Tio Toko,"39,9",,https://app.pipefy.com/storage/v1/signed/uploads/ed3ed40e-3049-47b2-a3a3-e8aa40f43503/WhatsAppImage2026-01-08at14.31.19.jpeg?expires_on=1772801600&signature=UhnA6oFs4eAKOn8gQ%2BkEIHkGF6xUITzzuN2E90O%2BJhA%3D,,,,,,,,,,,Alimentação,,
1278912152,ALMOÇO TIO TOKO PAULO,08/01/2026,Despesa- Concluida,Consumo Oficina,,,,,,,,,,,1278912152,Tio Toko,"83,8",,https://app.pipefy.com/storage/v1/signed/uploads/772da6f3-980d-4f29-8f68-5cabac7c7323/WhatsAppImage2026-01-08at14.31.26.jpeg?expires_on=1772801600&signature=LyjcUPn1YQfhEZwqrp2Z36%2FowWMwO5O%2FDIdCkm1AGlU%3D,,Nota fiscal veio sem requisição,,,,,,,,,Alimentação,,
1278967192,ALMOÇO PARA IR DEMONSTRAÇÃO TRITUCAP,08/01/2026,Despesa- Concluida,Consumo Oficina,,,,,,,,,,,1278967192,Tio Toko,"83,8",,https://app.pipefy.com/storage/v1/signed/uploads/44c27b95-9848-41e9-ae7a-ff067dbbd730/WhatsAppImage2026-01-08at15.37.56.jpeg?expires_on=1772801600&signature=iPgHuQ80sy3EtGdLhKOZU7fVYVeBvdAx28ICP717YKg%3D,,,,,,,,,,,Alimentação,,
1278999175,ALMOÇO TIO TOKO MOTORISTA,08/01/2026,Despesa- Concluida,Comercial,,,,,,,,,,,1278999175,Tio Toko,"83,8",,https://app.pipefy.com/storage/v1/signed/uploads/bae04c20-ff95-435e-8d28-3ebc4192629b/105efc9f.ReqFotoNota.142839.jpg?expires_on=1772801600&signature=nUGvIyrtMwu6lsCYi31gzm06QfVJ8LUrkhstSjglCYI%3D,,Viagem Fartura,,,,,,,,,Alimentação,,
1279090913,"GASOLINA 10L PARA DEMONSTRAÇÃO  550 PRO MAX,  SUZUKI 420",08/01/2026,Despesa- Concluida,Comercial,,,,,,,,,,,1279090913,Auto Posto 2001,"95,89",71754,https://app.pipefy.com/storage/v1/signed/uploads/9d844207-f213-457c-a63a-24351008709e/99e6c357.ReqFotoNota.194019.jpg?expires_on=1772801600&signature=2OnW95O19B%2BmjRLA9vYXeRTxtVC%2FtJZFGY3Uh9BkLQU%3D,,,,,,,,,,,Serviço de Terceiro,,
1279493113,LUBRIFICANTE SHELL HELIX ,09/01/2026,Despesa- Concluida,Consumo Oficina,,,,,,,,,,,1279493113,Auto Posto 2001,"49,9",59990,https://app.pipefy.com/storage/v1/signed/uploads/fb9ef357-0cd8-4d51-8a37-028c25d5ef84/baaa0314.ReqFotoNota.105409.jpg?expires_on=1772801600&signature=Zpt3yOtTydj7U4H9jiPePicAKYH6mB12sYHTm%2BUR5AU%3D,,,,,FXM4G90,249678.0,,,,,Veicular,Manutenção,
1279535227,ARRUMAR FAROL DA CAMINHONETE,09/01/2026,Despesa- Concluida,Consumo Oficina,,,,,,,,,,,1279535227,Walter Auto Elétrica,145,,https://app.pipefy.com/storage/v1/signed/uploads/c1bf066e-900e-467a-af5f-56c42223b17a/709a54bd.ReqFotoNota.120423.jpg?expires_on=1772801600&signature=OeRc64uQVBwSbEgsjDFsdeDHFtf41j1IZVAfjnzV9uc%3D,,,,,FXM4G90,249878.0,,,,,Veicular,Manutenção,
1278996652,ABASTECIMENTO EVG1E67,08/01/2026,Despesa- Concluida,Comercial,EVG1E67,185.884,Diesel,,,,,,,,1278996652,Auto Posto 2001,"1.066,97",70354,https://app.pipefy.com/storage/v1/signed/uploads/b820f162-8657-4025-bdd5-c23b81573b3d/23ebe020.ReqFotoNota.121324.jpg?expires_on=1772801601&signature=KgwbPuEPRNkEDWpOGDLSf0X3dP08ybSl2B0DGsUvvHI%3D,,,,,EVG1E67,243904,,,,,Veicular,Abastecimento,
1279087235,ABASTECIMENTO FXM4G90,08/01/2026,Despesa- Concluida,Consumo Oficina,FXM4G90,40.493,Gasolina,,,,,,,,1279087235,Auto Posto 2001,"250,65",71366,https://app.pipefy.com/storage/v1/signed/uploads/8546c54b-98b4-458e-99a8-345ce8678313/fd20ed08.ReqFotoNota.214147.jpg?expires_on=1772801601&signature=vvHSyFTUIxRiR9UeezJLQmqhIcQCezOYNU0lBA27muY%3D,,,,,FXM4G90,246951,,,,,Veicular,Abastecimento,
1279531699,ABASTECIMENTO TKY6E68,09/01/2026,Despesa- Concluida,Consumo Oficina,TKY6E68,37.060,Gasolina,,,,,,,,1279531699,Auto Posto 2001,"236,81",72834,https://app.pipefy.com/storage/v1/signed/uploads/71587eb1-8623-4f28-b8f8-d716a57f4c1e/8e331a39.ReqFotoNota.112748.jpg?expires_on=1772801601&signature=%2B2j0eSg8Dw5%2FBjozJOTv2AmFk1sbgUSw4co8t3W8nKQ%3D,,Abastecimento para fazer revisão em Fartura e demonstração em Taguai,,,TKY6E68,29614,,,,,Veicular,Abastecimento,
1279855017,ABASTECIMENTO QUADRICICLO DEMONSTRAÇÃO,10/01/2026,Despesa- Concluida,Comercial,,,,,,,,,,,1279855017,Auto Posto 2001,"119,03",73206,https://app.pipefy.com/storage/v1/signed/uploads/607ea104-9ce5-44ea-92ed-2a5cfe0cdf84/0770a67b.ReqFotoNota.134246.jpg?expires_on=1772801601&signature=67sknikFLWlbvmLoqCSYEdb1Aim8XyVAHj98JkuGny0%3D,,,,,,,,,,,Serviço de Terceiro,,
1280480870,ABASTECIMENTO EPX5253 JOSÉ ANGELO,12/01/2026,Despesa- Concluida,Comercial,EPX5253,,,,,,,,,,1280480870,Auto Posto 2001,"183,85",74476,https://app.pipefy.com/storage/v1/signed/uploads/6832596d-cd7c-42bb-a614-cf548541472a/ff71506a.ReqFotoNota.115204.jpg?expires_on=1772801601&signature=kNxvyf6Bt0RmVwrE7wVEfu6Xs9GAaJf17Z%2BhAJ1g7iY%3D,,,,,EPX5253,0,,,,,Veicular,Abastecimento,
1280559278,PORCA PARLOCK OU TORQUE PARA TRATOR,12/01/2026,Despesa- Concluida,Comercial,,,,,,,,,,,1280559278,Koba Parafusos,21,,https://app.pipefy.com/storage/v1/signed/uploads/206dea91-dc08-4054-b4e1-ba64fb13d330/WhatsAppImage2026-01-12at15.33.45.jpeg?expires_on=1772801601&signature=nY86LugKuJHwXy2%2F1LUjD222UjgEnPojt9k9Zi94kA8%3D,,PARA TRATOR NOVO 6075 CHASSI:5275,,,,,,,,,Peça,,
1280687988,MUDANÇA DE PESO,12/01/2026,Despesa- Concluida,Comercial,,,,,,,,,,,1280687988,Koba Parafusos,129,,https://app.pipefy.com/storage/v1/signed/uploads/fd8f7e09-3367-41a4-b245-78b4bc4ea043/a345cde5.ReqFotoNota.202708.jpg?expires_on=1772801601&signature=zFIqYbqLXnDNtk6dyWmh9FOjNmKYobm5HDwSlJykoBE%3D,NÃO,Parafuso peso de roda,,,,,,,,,Serviço de Terceiro,,
1281111169,SOLDAR 2 SUPORTE ALTERNADOR,13/01/2026,Despesa- Concluida,Consumo Oficina,,,,,,,,,,,1281111169,Rodrigo Torneiro,160,145,,,"REQUISIÇÃO CRIADA PELO PÓS-VENDAS
DADO COMO CORTESIA PARA CLIENTE
SEM O.S",,,,,,,,,Serviço de Terceiro,,
1281115116,"SERVIÇOS DE ADAPTAÇÃO EM CARRETA DE REBOQUE (SUPORTE DE TOMADA, CALÇO DE FREIO E CORTE DE CHAPA) CARRETA DO FERNANDO DIRETOR",13/01/2026,Despesa- Concluida,Comercial,,,,,,,,,,,1281115116,Rodrigo Torneiro,220,145,,,REQUISIÇÃO CRIADA PELO PÓS-VENDAS,,,,,,,,,Serviço de Terceiro,,
1281125444,FABRICAÇÃO DE SUPORTE PARA ENGATE NO HIDRÁULICO (RABICHO PARA EMBARCAÇÃO VENTURA)),13/01/2026,Despesa- Concluida,Comercial,,,,,,,,,,,1281125444,Rodrigo Torneiro,640,146,,,"REQUISIÇÃO CRIADA PELO PÓS-VENDAS
BONIFICAÇÃO COMERCIAL PARA A DOGNANI DADA PELO JOAQUIM FERNANDO ",,,,,,,,,Serviço de Terceiro,,
1281131592,REMOÇÃO DE 2 TERMINAIS DE DIREÇÃO COM MAÇARICO E INSTALAÇÃO DE TERMINAIS NOVOS,13/01/2026,Despesa- Concluida,Comercial,,,,,,,,,,,1281131592,Rodrigo Torneiro,120,146,,,REQUISIÇÃO CRIADA PELO PÓS-VENDAS,,,,,,,,,Serviço de Terceiro,,
1281160372,ABRAÇADEIRA PARA 9500 DO JUCA,13/01/2026,Despesa- Concluida,Comercial,,,,,,,,,,,1281160372,Flavio Wolf,"31,29",,https://app.pipefy.com/storage/v1/signed/uploads/4d1addda-ba23-480f-8224-d2d1f034d8b5/aded5580.ReqFotoNota.113351.jpg.pdf?expires_on=1772801601&signature=WD5ndl1n96zEVbpjp3DTVy0UyL0kI3Y%2BA9WvUqk3hG8%3D,,,,,,,,,,,Peça,,
1281224276,FAZER ROSCA PARA RECUPERAR PEÇA,13/01/2026,Despesa- Concluida,Comercial,,,,,,,,,,,1281224276,KMS Ferramentas,"66,16",,https://app.pipefy.com/storage/v1/signed/uploads/939fe4b6-c897-42ed-9fa0-b34d66ec71c3/7dd08ea7.ReqFotoNota.163409.jpg?expires_on=1772801601&signature=ttizcA8%2FfH%2B0OP3w1RQUnTIxvTJeHjAef6OYUuIiLao%3D,,,,,,,,,,,Peça,,
1281229956,LAMPADA QUEIMADA,13/01/2026,Despesa- Concluida,Comercial,,,,,,,,,,,1281229956,Lagarto Som,50,,https://app.pipefy.com/storage/v1/signed/uploads/3a1a37e8-04c3-41ad-8280-5c69e423b22f/1bb6163f.ReqFotoNota.181637.jpg?expires_on=1772801601&signature=dbTXDh93jyOiutIH31iLpKAKC%2FJCMLoQZ2qsM84AlLc%3D,,,,,,,,,,,Serviço de Terceiro,,
1281951253,TINTA PRETA PARA RETOCAR TRATOR,14/01/2026,Despesa- Concluida,Comercial,,,,,,,,,,,1281951253,União de Tintas,180,,https://app.pipefy.com/storage/v1/signed/uploads/ad8e7a63-ec39-4ecd-9694-40fc70b8c328/2ce5eda1.ReqFotoNota.202357.jpg?expires_on=1772801601&signature=9yAxOAxiPpftip7Sr3TH%2BMwNuMQ0FHcSGTcWiKOM7Ac%3D,,,,,,,,,,,Ferramenta,,
1281957288,TIRAR VAZAMENTO DO COMANDO DO OJA,14/01/2026,Despesa- Concluida,Comercial,,,,,,,,,,,1281957288,Koba Parafusos,"60,5",,https://app.pipefy.com/storage/v1/signed/uploads/4637d9ec-5bfe-4001-96b5-6c9fb4e69b35/a38644e5.ReqFotoNota.190322.jpg?expires_on=1772801601&signature=8RBsNUmJkLwxX9qjtxlFi%2F%2FXflvo5fthoulFeOvcoJ0%3D,NÃO,,,,,,,,,,Serviço de Terceiro,,
1282423261,TROCA DE PEÇA GARANTIA,15/01/2026,Despesa- Concluida,Consumo Oficina,,,,,,,,,,,1282423261,Rafael Pitoco,904,131,"https://app.pipefy.com/storage/v1/signed/uploads/e76b5fbb-e94d-44e7-93af-d7308881f8df/BOLETONF131.jpeg?expires_on=1772801601&signature=TNrVpNUGVAHiapvo5mrdT0nNQCvXm%2B8UYl9VtTlTENo%3D, https://app.pipefy.com/storage/v1/signed/uploads/c3e4f364-90cd-455a-ab8f-b2d1cfd64351/NF131.jpeg?expires_on=1772801601&signature=ZZMgKfvy4Rm6iVe8H1oJzc5AjzL2Agwuk%2Bq3O%2BekZZA%3D",,"Feito: troca da bomba de transmissão
Troca das ponteiras da barra
Deslocamento de 152 km
Cliente: Carlos Fernandes
*Empresa que arcará com os custos*",,,,,,,,,Peça,,
1282443262,TROCA PEÇAS GARANTIA,15/01/2026,Despesa- Concluida,Consumo Oficina,,,,,,,,,,,1282443262,Rafael Pitoco,"534,4",122,https://app.pipefy.com/storage/v1/signed/uploads/f93063ef-7d33-48e3-809e-b658afcb162c/NF122.jpeg?expires_on=1772801601&signature=nCtQAO3KDSeXm%2FFno6BAjaqMf5w35Hu0GWf%2FW%2BZkI%2BI%3D,,"Feito:Troca dos pistões de amortecedor do capô
Cliente: Carlos Fernandes
FÁBRICA KUHN PAGOU",,,,,,,,,Serviço de Terceiro,,
1282947915,BLOCO DE NOTAS,16/01/2026,Despesa- Concluida,Consumo Oficina,,,,,,,,,,,1282947915,GS papelaria,"20,71",42954,https://app.pipefy.com/storage/v1/signed/uploads/d6c860a7-fb5f-495a-8f4f-c2b7e8a6e124/7d524547.ReqFotoNota.180844.jpg?expires_on=1772801601&signature=pnyWD6KQp9YWJ1IE738zcanpasFJPHkzGvCcAXXQnT0%3D,,,,,,,,,,,Material Escritorio,,
1282954185,ALMOÇO TIO TOKO PAULO E NICOLAS,16/01/2026,Despesa- Concluida,Consumo Oficina,,,,,,,,,,,1282954185,Tio Toko,"81,8",,https://app.pipefy.com/storage/v1/signed/uploads/77fdd0a7-90bc-48cf-b717-8b3166f1443d/WhatsAppImage2026-01-16at15.21.39.jpeg?expires_on=1772801601&signature=j7Dri60XwJcM%2FGr3%2BF0QvRCTk4P%2FDivj%2BvXwxQ0OLow%3D,,,,,,,,,,,Alimentação,,
1282955336,ALMOÇO TIO TOKO,16/01/2026,Despesa- Concluida,Consumo Oficina,,,,,,,,,,,1282955336,Tio Toko,"111,7",,https://app.pipefy.com/storage/v1/signed/uploads/5522bd3a-3cd0-4443-920b-be9e479291db/WhatsAppImage2026-01-16at15.23.35.jpeg?expires_on=1772801601&signature=ovY4%2BiCHzH5F%2FyVPoQt4ghJJT3WmPEH9tRWXc8TSeug%3D,,"REFEIÇÃO TIO TOKO,  PAULO, IRMÃO DO PAULO E NICOLAS",,,,,,,,,Alimentação,,
1282991577,15L PARA TRATOR LOJA,16/01/2026,Despesa- Concluida,Comercial,,,,,,,,,,,1282991577,Auto Posto 2001,"86,98",,https://app.pipefy.com/storage/v1/signed/uploads/011c2334-35ae-4693-aedb-79e995ced5f3/92a1baa9.ReqFotoNota.190556.jpg?expires_on=1772801601&signature=Y2amkkZpIK%2BiO%2F6nuWAEoyneUIBnJ5tIHOXkumEcpY4%3D,,,,,,,,,,,Serviço de Terceiro,,
1283001275,SANGRAR BURRINHO DE EMBREAGEM,16/01/2026,Despesa- Concluida,Comercial,,,,,,,,,,,1283001275,Barrado,70,,https://app.pipefy.com/storage/v1/signed/uploads/bdcd3ba8-7455-4c8a-8b94-41ec02160abc/08b3bd10.ReqFotoNota.121115.jpg?expires_on=1772801601&signature=hrCDNNhxtEX1fRLxCmW9afcR5PRxkh7WKZDqxzCvOmU%3D,,,,,,,,,,,Serviço de Terceiro,,
1283014831,REFEIÇÃO LUIZ FERNANDO,16/01/2026,Despesa- Concluida,Comercial,,,,,,,,,,,1283014831,Lanchonete caverna,30,,https://app.pipefy.com/storage/v1/signed/uploads/621688b8-7070-4daa-a879-a71a0abdcf73/c9124265.ReqFotoNota.1500281.jpg?expires_on=1772801601&signature=HhW00OUw4avBtJai%2Bq%2BGMwyiA5UmK5I%2FwOYavzhwGSk%3D,,,,,,,,,,,Alimentação,,
1283024271,FUNILARIA DO CAPÔ E PARA LAMAS - TRATOR JUCA VENDIDO PRA GENTE,16/01/2026,Despesa- Concluida,Comercial,,,,,,,,,,,1283024271,Magic Tintas,"325,19",,https://app.pipefy.com/storage/v1/signed/uploads/503413e0-3e3f-44b0-a269-702afe2e9a8e/60e57b89.ReqFotoNota.191947.jpg?expires_on=1772801601&signature=cMrzJyea%2BPA93Y3EQ5cNUdRxHZV9Qmg2AX0pWB6Anlo%3D,NÃO,,,,,,,,,,Ferramenta,,
1283005178,ABASTECIMENTO FXM4G90,16/01/2026,Despesa- Concluida,Consumo Oficina,FXM4G90,29.193,Gasolina,,,,,,,,1283005178,Auto Posto 2001,"180,7",76434,https://app.pipefy.com/storage/v1/signed/uploads/44ad6d62-3567-4a94-9ebd-4bda576479f4/f2ea313d.ReqFotoNota.140238.jpg?expires_on=1772801601&signature=z4MH%2FALkvBByg9ynoiIt3EyF6qymbPquCIgB7S5u%2Bj8%3D,,,,,FXM4G90,247534,,,,,Veicular,Abastecimento,
1281954015,ABASTECIMENTO FHY8D25,14/01/2026,Despesa- Concluida,Consumo Oficina,FHY8D25,45.005,Gasolina,,,,,,,,1281954015,Auto Posto 2001,"278,58",75779,https://app.pipefy.com/storage/v1/signed/uploads/a9c5a8a2-43b0-4529-94bc-391ea0adfd16/11aa4fa5.ReqFotoNota.122804.jpg?expires_on=1772801601&signature=2qxma14dFYUHj5dJdMSB%2FpMyhcqt%2BKmj5QL2BmCIGHQ%3D,,,,,FHY8D25,162844,,,,,Veicular,Abastecimento,
1281948453,ABASTECIMENTO FXM4G90,14/01/2026,Despesa- Concluida,Consumo Oficina,FXM4G90,26.756,Gasolina,,,,,,,,1281948453,Auto Posto 2001,"215,52",758110,https://app.pipefy.com/storage/v1/signed/uploads/49b6d792-aae5-4b5b-ba78-81bc23d366ff/72db93dd.ReqFotoNota.194507.jpg?expires_on=1772801601&signature=V5QUUG5mG6JT%2FWuaHOxoNmgJqehPtNVD41GpQGPPdXA%3D,,,,,FXM4G90,247243,,,,,Veicular,Abastecimento,
1280496927,ABASTECIMENTO TKY6E68,12/01/2026,Despesa- Concluida,Consumo Oficina,TKY6E68,35,Gasolina,,,,,,,,1280496927,Auto Posto 2001,"223,65",74487,https://app.pipefy.com/storage/v1/signed/uploads/60d71633-d42a-429c-a703-3ef798c2e0a2/44f06efe.ReqFotoNota.162930.jpg?expires_on=1772801601&signature=hKxfTdpH%2B6XQBgGjWx3MyotWHlZwUOhadZJA1uKg4Qg%3D,,,,,TKY6E68,29990,,,,,Veicular,Abastecimento,
1283152661,ALINHAMENTO DIREÇÃO DLZ1967,17/01/2026,Despesa- Concluida,Consumo Oficina,DLZ1967,,,,,,,,,,1283152661,Parada Pneus,70,1462,"https://app.pipefy.com/storage/v1/signed/uploads/f036cb3e-fd07-4255-a824-cb6d88f5e64a/WhatsAppImage2026-01-17at08.51.21.jpeg?expires_on=1772801601&signature=1e7IR15BQeUZQL5VO%2FxROk%2BnCpO7mlMSzI3YKK4OxQs%3D, https://app.pipefy.com/storage/v1/signed/uploads/db52b515-43a1-42fe-802c-b4722cc9da78/WhatsAppImage2026-01-19at15.49.521.jpeg?expires_on=1772801601&signature=vqRVCdbRu%2BUh2A6eAaSV4xUDHxbcMQfe1U7Wgga4PE4%3D",,"VALOR QUE ESTÁ NO BOLETO É DOS DOIS SERVIÇOS QUE FORAM FEITO NOS CARROS
FXM4G90 E DLZ1967",,,DLZ1967,190033,,,,,Veicular,Manutenção,
1283156743,SERVIÇO FXM4G90,17/01/2026,Despesa- Concluida,Consumo Oficina,FXM4G90,,,,,,,,,,1283156743,Parada Pneus,250,1462,"https://app.pipefy.com/storage/v1/signed/uploads/b2ddfcec-cab5-4c91-b2ca-b793558493d8/WhatsAppImage2026-01-17at09.14.27.jpeg?expires_on=1772801601&signature=aijlRHN4SdOG0QxV84fJJKBSK8MiHyZOI8jmq5IRaqM%3D, https://app.pipefy.com/storage/v1/signed/uploads/008b37a8-aa43-4290-bdd6-80764a63cf57/WhatsAppImage2026-01-19at15.49.521.jpeg?expires_on=1772801601&signature=U%2BDsg3INhd7ZuO1DR5vN1UcOQXKYEB76I9aMBr187bI%3D",,"Feito: Balanceamento da roda
Alinhamento direção
Filtro de cabine
Limpeza sistema
Reparo de ar condicionado
VALOR QUE ESTÁ NO BOLETO É DOS DOIS SERVIÇOS QUE FORAM FEITO NOS CARROS
FXM4G90 E DLZ1967",,,FXM4G90,244720,,,,,Veicular,Manutenção,
1283184620,ABASTECIMENTO PARA MOTO,17/01/2026,Despesa- Concluida,Consumo Oficina,,,,,,,,,,,1283184620,Auto Posto 2001,"59,1",77884,https://app.pipefy.com/storage/v1/signed/uploads/33d03619-7c1c-4231-a123-ea9ae6695389/WhatsAppImage2026-01-19at15.02.15.jpeg?expires_on=1772801601&signature=UhpRQMzjlOY4GpXRHTr9rQjZEoFCg0Su1SKiEQDZnz4%3D,,Abastecimento para o Pedro,,,,0,,,,,Veicular,Abastecimento,
1284125319,ABASTECIMENTO TRATOR LOJA,19/01/2026,Despesa- Concluida,Comercial,,,,,,,,,,,1284125319,Auto Posto 2001,"232,74",,https://app.pipefy.com/storage/v1/signed/uploads/c8d7238a-83b2-49ad-b50f-977a222cb83a/618891bf.ReqFotoNota.194552.jpg?expires_on=1772801601&signature=PG0dSxnNoqp99F5s19JncTYJc7%2BUdB2utUvrPF%2FdAU4%3D,,"Qualidade da foto fraca, não dando para enxergar nota fiscal",,,,,,,,,Serviço de Terceiro,Abastecimento,
1284991867,MANGUEIRA 1 TRAMA 3/8 - H LEMMAN; OLHAL 3/4 X 1/4; CAPA 1 TRAMA 3/8 e MANGUEIRA 1 TRAMA 3/8 - H LEMMAN,21/01/2026,Despesa- Concluida,GARANTIA,,,,,,,,,,,1284991867,Landico,"147,37",DAV 2916,https://app.pipefy.com/storage/v1/signed/uploads/68b6af31-478e-4567-9952-cbf102caa83c/NOTALANDICO.pdf?expires_on=1772801601&signature=hyoRWSMS4wPXHxn1rRNEjtsF90%2F1w%2BQTk92%2BMGwlIlg%3D,,"Requisição feita pelo Pós Vendas
Garantia, fábrica pagou",,,,,,,,,Peça,,
1285248339,MANUTENÇÃO IMPRESSORA ZEZO,21/01/2026,Despesa- Concluida,Comercial,,,,,,,,,,,1285248339,Leandro Costa Corcovia,90,501,https://app.pipefy.com/storage/v1/signed/uploads/1c91a0b5-971f-432c-8076-15c8ad9c22ed/WhatsAppImage2026-01-21at16.05.09.jpeg?expires_on=1772801601&signature=5WaiT9tltNDapIjXPiW3IdWd9XVXQS7BqHfRWdYUxXc%3D,,,,,,,,,,,Serviço de Terceiro,,
1285261880,DESPESA CAMINHÃO MUCK,21/01/2026,Despesa- Concluida,Comercial,,,,,,,,,,,1285261880,Barrado,"489,39",9804,https://app.pipefy.com/storage/v1/signed/uploads/562daf66-ae26-4883-95e9-31dfe18aa294/DESPESAMUCK.jpeg?expires_on=1772801601&signature=qdlGSXHbrVGa5ihxS1IUUEqoSS0bJWjrkrogf8s5Wuc%3D,,,,,,,,,,,Peça,,
1285332407,REVISÃO CARRO TKY6E68,21/01/2026,Despesa- Concluida,Consumo Oficina,TKY6E68,,,,,,,,,,1285332407,Volkswagen,"1.000,00",16537,"https://app.pipefy.com/storage/v1/signed/uploads/02baca76-1bbe-4cf8-a80e-85731d40acc9/NF016537.jpeg?expires_on=1772801601&signature=ECdGOU%2FGWIHFwEbp30CS8hiDmW4C%2FSnHqS9TKK2gWXA%3D, https://app.pipefy.com/storage/v1/signed/uploads/e326c9cd-5430-47af-8143-659cc90985f0/BOLETOREVISOTKY6E68.jpeg?expires_on=1772801601&signature=7Eays2GQmL3nM%2FfXp2oCKbRY8Sfe3WqkPvLmNDvb4tA%3D",,,,,TKY6E68,31373,,,,,Veicular,Manutenção,
1285862877,ENDIREITAR COM AJUDA DA PRENSA E TORNO EIXO DA BOMBA,22/01/2026,Despesa- Concluida,Consumo Oficina,,,,,,,,,,,1285862877,Rodrigo Torneiro,120,145,https://app.pipefy.com/storage/v1/signed/uploads/f9ca6b52-587b-4583-a920-e9e6f46368db/WhatsAppImage2026-01-22at14.29.43.jpeg?expires_on=1772801601&signature=66dphiPt7VGcFGMc3CNoXT8vWwr1Lko9aumsezZiU4U%3D,,"GARANTIA PARA O ZI
PEÇAS PAGA PELA FABRICA ANDRADE, MÃO DE OBRA NÓS PAGAMOS
OS: 4364",,,,,,,,,Serviço de Terceiro,,
1285873647,SACAR 2 PARAFUSOS COLETOR DO CAMINHÃO MULK,22/01/2026,Despesa- Concluida,Comercial,,,,,,,,,,,1285873647,Rodrigo Torneiro,90,147,https://app.pipefy.com/storage/v1/signed/uploads/a84f1296-baac-4b6a-a1c9-40010381707d/WhatsAppImage2026-01-22at14.38.16.jpeg?expires_on=1772801601&signature=11HlxBMxPnOQbMK%2Bl8lLkmWm1AVIiF%2Fl9mMxbJwthVA%3D,,Requisição criada pelo pós-vendas,,,,,,,,,Serviço de Terceiro,,
1229492645,Serviço de fazer serviço no terminal de direção do 6075E,07/10/2025,Despesa- Concluida,Consumo Oficina,,,,,,,,,,,1229492645,Rodrigo Torneiro,180,130,https://app.pipefy.com/storage/v1/signed/uploads/9661ffc7-5d3c-407a-936e-a2678040e0e6/nf130.pdf?expires_on=1772801601&signature=xt%2BUhQ4QQuAV3bOpt9PCEPUnhgCDuQLtktJ0cg0OMsY%3D,,,,,,,,,,,Serviço de Terceiro,,
1285959580,BARRA ESTABILIZADORA PARA CONJUNTO FRONTAL,22/01/2026,Despesa- Concluida,Consumo Oficina,,,,,,,,,,,1285959580,Rodrigo Torneiro,320,130,https://app.pipefy.com/storage/v1/signed/uploads/604695e5-854a-44df-bfdc-9f12b0b1cb3c/nf130.pdf?expires_on=1772801601&signature=P9l37ZDcVmTSJ4ncO0Rzoae%2BUDhnGsH4zNAUKs%2BcV%2FA%3D,,,,,,,,,,,Serviço de Terceiro,,
1285989708,CORAL CORALIT FACHADA,22/01/2026,Despesa- Concluida,Comercial,,,,,,,,,,,1285989708,Magic Tintas,320,55014,https://app.pipefy.com/storage/v1/signed/uploads/7f76cd67-0922-4ad5-be51-1c9f79dea998/WhatsAppImage2026-01-22at16.22.14.jpeg?expires_on=1772801601&signature=oeb6gDANBiJlmuE%2BJ94kYp0hrFLtrPHRTeSbvDYvJkM%3D,,,,,,,,,,,Ferramenta,,
1285993566,PARA PINTAR FACHADA,22/01/2026,Despesa- Concluida,Comercial,,,,,,,,,,,1285993566,Magic Tintas,"357,7",55099,https://app.pipefy.com/storage/v1/signed/uploads/6c616483-d92a-4ec1-9abf-8481c69fad76/WhatsAppImage2026-01-22at16.22.141.jpeg?expires_on=1772801601&signature=RAmfjmT1azCqZU3Oz7xNqgSqmTV85lkjjlWdeM88nMI%3D,,,,,,,,,,,Ferramenta,,
1286036315,COMPRA DE MATERIAIS DE PINTURA E POLIMENTO,22/01/2026,Despesa- Concluida,Comercial,,,,,,,,,,,1286036315,Magic Tintas,"672,57",55145,https://app.pipefy.com/storage/v1/signed/uploads/632088f3-2130-4bfb-adcc-0375e8d032d3/WhatsAppImage2026-01-22at14.03.58.jpeg?expires_on=1772801601&signature=ISaTuG6m1NcpJmPXOrTL%2BHo%2Btl3P0yWYBPFLiaN9aUs%3D,,,,,,,,,,,Ferramenta,,
1286682927,"MANGUEIRA, TRATOR PEGANDO AR",23/01/2026,Despesa- Concluida,Consumo Oficina,,,,,,,,,,,1286682927,Alex,"148,6",,https://app.pipefy.com/storage/v1/signed/uploads/69049ac6-d979-4c6f-ab54-44ad113d734a/5cac3922.ReqFotoNota.204118.jpg?expires_on=1772801601&signature=vIDkP8rHiR3XpMrP%2B8ZwU7YlOB0qjA55ObgvaMKLyD4%3D,,,,,,,,,,,Peça,,
1286697240,ABASTECIMENTO CARRO JOSÉ ANGELO,23/01/2026,Despesa- Concluida,Comercial,,,,,,,,,,,1286697240,Auto Posto 2001,"152,64",81221,https://app.pipefy.com/storage/v1/signed/uploads/713ba9de-1fc9-4074-a793-14079adfd012/529b8657.ReqFotoNota.182156.jpg?expires_on=1772801601&signature=inYUd4pAfVnVz3bCEXf%2FsSUEMumh12ZRDuCXFV0lWsI%3D,,,,,,0,,,,,Veicular,Abastecimento,
1286804342,4 MONTAGEM DE PNEUS,23/01/2026,Despesa- Concluida,Comercial,,,,,,,,,,,1286804342,Favaro Pneus,80,490,https://app.pipefy.com/storage/v1/signed/uploads/f578a4b3-df03-4909-8e75-40b43a3155d4/NF490.jpeg?expires_on=1772801601&signature=SvJVU%2B6I%2BUjTpQQMrOY%2BceTgBAZ1ZgWwL47xFfPSLmI%3D,,,,,,,,,,,Serviço de Terceiro,,
1286805766,SERVIÇO EM CAMARA DE AR E MONTAGEM DE PNEU,23/01/2026,Despesa- Concluida,Consumo Oficina,,,,,,,,,,,1286805766,Favaro Pneus,100,489,https://app.pipefy.com/storage/v1/signed/uploads/6b14fe1e-9af5-428a-9d7f-877f77c14df7/NF489.jpeg?expires_on=1772801601&signature=WUIbCCnYcPujYOlIqfzFUNzb6VakttAv8q1QFICECVk%3D,NÃO,,,,DLZ1967,191256,,,,,Veicular,Manutenção,
1288848108,SERVIÇO TRATOR AR CONDICIONADO,27/01/2026,Despesa- Concluida,Comercial,,,,,,,,,,,1288848108,Jeferson Climatização,"1.840,00",33,"https://app.pipefy.com/storage/v1/signed/uploads/c97e52e3-9ea1-4ecd-9b71-37a7dde951f8/NF33.jpeg?expires_on=1772801601&signature=21A4nSRWvX0h9dSx4yS8PwJ8qZ4rVEqlFJljzrqYqdo%3D, https://app.pipefy.com/storage/v1/signed/uploads/c3e4c87b-763d-487c-8621-728892370e95/BOLETONF33.jpeg?expires_on=1772801601&signature=F9sTKdBy1bOj%2FHzvT43qHcyuGt49NltMbd72tyDw4JE%3D",,"Serviço no ar condicionado do Trator 9500S, 
Chassi: 1486
Trator era do Juca, passou ser da loja NT
Despesa",,,,,,,,,Serviço de Terceiro,,
1249616479,MANUTENÇÃO MUNK,04/11/2025,Despesa- Concluida,Comercial,,,,,,,,300,,,1249616479,Rodrigo Torneiro,300,129,https://app.pipefy.com/storage/v1/signed/uploads/dbcf9c78-37fa-4b87-a0ef-81f7af8e578c/NF129.jpeg?expires_on=1772801601&signature=Y%2Ff5zmu2fTxdm3cE5SQIyAgFwQK1%2B4KmHDDqS0RN26A%3D,,ENCHER E TORNEAR 4 BASES DE 2 EIXO S DO FREIO CAMINHÃO,,,,,,,,,Serviço de Terceiro,,
1249623487,MODIFICAÇÃO CONJUNTO FRONTAL,04/11/2025,Despesa- Concluida,Comercial,,,,,,,,"1.200,00",,,1249623487,Rodrigo Torneiro,"1.200,00",129,https://app.pipefy.com/storage/v1/signed/uploads/3a145097-8f86-47f9-830d-87f05ee22c17/NF129.jpeg?expires_on=1772801601&signature=Udy3Mo%2FBRTwkXZHBtv6iufRubK%2F3ed2BELguqjT784w%3D,,CORTESIA DADO PELO COMERCIAL,,,,,,,,,Serviço de Terceiro,,
1249625703,"TROCA DA PONTA DE NIPE, SOLDA COM METAL",04/11/2025,Despesa- Concluida,Comercial,,,,,,,,90,,,1249625703,Rodrigo Torneiro,90,129,https://app.pipefy.com/storage/v1/signed/uploads/770e9383-8fdd-4ab7-94fc-db3075258a2b/NF129.jpeg?expires_on=1772801601&signature=%2BfkEokaV15PjPeTfRMFBCQEuYPV2SZl7LZ1bZnigkn0%3D,,CORTESIA COMERCIAL,,,,,,,,,Serviço de Terceiro,,
1285907811,"INJETAR ROSCA PINÇA FREIO, FAZER PARAFUSO DE PSASAGEM ÓLEO DE FREIO MOTO ELÉTRICA",22/01/2026,Despesa- Concluida,Comercial,,,,,,,,,,,1285907811,Rodrigo Torneiro,120,129,https://app.pipefy.com/storage/v1/signed/uploads/47b3ce2a-3fa0-44ae-bdf6-69dafc5f0757/NF129.jpeg?expires_on=1772801601&signature=kCn%2BYTozu0sAULSJ3ovM0Cvmz2oGVEs5WLoDbjQr77I%3D,,"Requisição criada pelo pós-vendas
Bike elétrica azul, despesa empresa",,,,,,,,,Serviço de Terceiro,,
1289749983,ALMOÇO TIO TOKO PAULO E PEDRO,28/01/2026,Despesa- Concluida,Consumo Oficina,,,,,,,,,,,1289749983,Tio Toko,"111,7",,https://app.pipefy.com/storage/v1/signed/uploads/66ed6357-ece5-4e97-bf6e-f76efd6548a9/WhatsAppImage2026-01-28at16.27.58.jpeg?expires_on=1772801601&signature=UE6w23sJYZPS%2Fh5DBH7YNUwu2gm%2FjLvjYJ%2FrhakRC7c%3D,,,,,,,,,,,Alimentação,,
1290432502,SERVIÇO MONTANA FHY8D25,29/01/2026,Despesa- Concluida,Consumo Oficina,FHY8D25,,,,,,,,,,1290432502,Alê Soluções auto,600,676,https://app.pipefy.com/storage/v1/signed/uploads/811b21c8-7a70-4c54-9ee8-2589fbf552bf/WhatsAppImage2026-01-29at13.30.10.jpeg?expires_on=1772801601&signature=1aPWXN%2BYbryOyIK8dBmyY0dY3eznsv1CLpzyIbRUcIA%3D,,"Feito: Troca de amortecedores dianteiro, troca de kit amortecedor dianteiro, troca de suporte da barra tensora, troca de bucha de bandeja, troca de amortecedor traseiro.",,,FHY8D25,163760,,,,,Veicular,Manutenção,
1290555523,FEITO MANGUEIRA PRENSADA TRATOR LOJA,29/01/2026,Despesa- Concluida,Comercial,,,,,,,,,,,1290555523,Landico,"159,79",2918,https://app.pipefy.com/storage/v1/signed/uploads/9aab4295-3c92-426a-883e-daf8263173a8/WhatsAppImage2026-01-29at15.47.33.jpeg?expires_on=1772801601&signature=sE0F4IKQo2xHierM011Cgr0TjsfrA0xzVfX0Uq9VI4s%3D,,"Mangueira 1 trama - R$19,59
Olhal - R$27,20
Capa 1 trama - R$11,98
Mangueira 1 trama - R$14,86
SOS - R$24,18
Capa 1 trama - R$11,98
Serviços de solda - R$50,00",,,,,,,,,Serviço de Terceiro,,
1290575400,ALMOÇO LUIZ FERNANDO VIAGEM FARTURA,29/01/2026,Despesa- Concluida,Comercial,,,,,,,,,,,1290575400,Lanchonete caverna,28,20,https://app.pipefy.com/storage/v1/signed/uploads/258fc358-bc59-416e-812f-4cb0d32e9f7d/aef5e3ff.ReqFotoNota.155637.jpg?expires_on=1772801601&signature=4dwvgsD4DQp4Y%2BVWsiM%2FevFS%2BeIdQrvwSvVr5kqtpVg%3D,,,,,,,,,,,Alimentação,,
1290588769,PARAFUSO PARA CORTA CAPIM FRUTAP,29/01/2026,Despesa- Concluida,Comercial,,,,,,,,,,,1290588769,Koba Parafusos,"17,2",,https://app.pipefy.com/storage/v1/signed/uploads/bf7732af-9692-4520-85ab-9934a76a0405/13502805.ReqFotoNota.171559.jpg?expires_on=1772801601&signature=o0xtY5eTBo4wDozXhKRj4BAMjcNMrd35IPEXxlFONdY%3D,,Parafuso,,,,,,,,,Peça,,
1291011981,SPRAY PARA RETOQUE DE TRATOR OFICINA,30/01/2026,Despesa- Concluida,Consumo Oficina,,,,,,,,,,,1291011981,União de Tintas,162,18399,https://app.pipefy.com/storage/v1/signed/uploads/a5120407-9ba9-439e-9346-d44e461340d2/WhatsAppImage2026-01-30at13.51.56.jpeg?expires_on=1772801601&signature=DmEUQcBcyYLADsi3Fg%2FVkrAtga0ujgNblegQ7S9j4Aw%3D,,"Produto comprado: Colorgin U.G Preto Semi Brilho 
Valor: R$180,00, dado R$18,00 de desconto.",,,,,,,,,Ferramenta,,
1291033141,PEÇAS HILUX FERNANDO CAMINHONETE,30/01/2026,Despesa- Concluida,Comercial,,,,,,,,,,,1291033141,Barrado,122,90050,https://app.pipefy.com/storage/v1/signed/uploads/4e2fb10f-b3bc-4e24-a2e1-fe5e7a05e591/79117152.ReqFotoNota.2007131.jpg?expires_on=1772801601&signature=s2P4%2BoxJ2i%2BOaRgAmVVT%2BSGPzqkW15QCkW1odjEKUWg%3D,,"Filtro Lubrificante
Filtro combustivel",,,,,,,,,Peça,,
1292177847,VASSOURA PARA OFICINA,02/02/2026,Despesa- Concluida,Consumo Oficina,,,,,,,,,,,1292177847,Adriana Ines,"79,8",52,,,,,,,,,,,,Ferramenta,,
1292546854,REFEIÇÃO TIO TOKO,03/02/2026,Despesa- Concluida,Consumo Oficina,,,,,,,,,,,1292546854,Tio Toko,"81,8",,https://app.pipefy.com/storage/v1/signed/uploads/3496df99-2dd3-494d-8c10-636df30e7a26/221adf85.ReqFotoNota.125255.jpg?expires_on=1772801601&signature=8yn25A0dpn726Ko2rpaxpPWCW0awQtgQv48dXkYdvMA%3D,,"ALMOÇO PARA NICOLAS, PAULO E PEDRO",,,,,,,,,Alimentação,,
1292736468,BOTA PARA GABRIEL,03/02/2026,Despesa- Concluida,Consumo Oficina,,,,,,,,,,,1292736468,KMS Ferramentas,98,38342,https://app.pipefy.com/storage/v1/signed/uploads/4b77e27c-0b30-4e3d-9c1e-e5e9234cb5ae/f85748f7.ReqFotoNota.195254.jpg?expires_on=1772801601&signature=2Rp8ItA4Aoje%2F%2BoBbwy98FN1VHQ%2BePT2%2FXCxSeOUYfI%3D,,BOTA BICO AÇO,,,,,,,,,Ferramenta,,
1293228304,CINTA AMARRAÇÃO,04/02/2026,Despesa- Concluida,Comercial,,,,,,,,,,,1293228304,KMS Ferramentas,96,38274,https://app.pipefy.com/storage/v1/signed/uploads/e9ec1430-213c-41a8-9b82-1f40691d8f66/WhatsAppImage2026-02-04at14.04.13.jpeg?expires_on=1772801601&signature=%2FyrFn3qgPABPHtRcLUbzmERM6Cevje%2Bd%2FPfxIxPLj4c%3D,NÃO,"Técnico não seguiu protocolo
Pego 4 cintas",,,,,,,,,Ferramenta,,
1293341373,TROCA BUCHA ATJ6211,04/02/2026,Despesa- Concluida,Consumo Oficina,ATJ6211,,,,,,,,,,1293341373,Alê Soluções auto,100,123,https://app.pipefy.com/storage/v1/signed/uploads/ce679f9d-e337-4238-a474-b05a36b0880e/WhatsAppImage2026-02-04at16.11.35.jpeg?expires_on=1772801601&signature=X%2F511THt%2BhpP4yXMj8dKmPf2suRSAEvTfoUH0zvygMM%3D,,Feito troca de bucha cabo seletor,,,ATJ6211,0,,,,,Veicular,Manutenção,
1293360272,ALMOÇO TIO TOKO NICOLAS,04/02/2026,Despesa- Concluida,Consumo Oficina,,,,,,,,,,,1293360272,Tio Toko,"75,8",,https://app.pipefy.com/storage/v1/signed/uploads/aab9c6f3-e6ca-4911-853f-7eb13ed0867d/WhatsAppImage2026-02-04at16.35.20.jpeg?expires_on=1772801601&signature=aiFMAEAkO0%2FuVYDVEzEKTBp3sYXBRIJkpT37TI6%2BErA%3D,,Técnico não seguiu protocolo,,,,,,,,,Alimentação,,
1293378119,ALMOÇO TIO TOKO NICOLAS DARIO,04/02/2026,Despesa- Concluida,Consumo Oficina,,,,,,,,,,,1293378119,Tio Toko,"39,9",,https://app.pipefy.com/storage/v1/signed/uploads/20dea3ba-5588-47ee-8ffd-2ce460c1df28/WhatsAppImage2026-02-04at16.56.37.jpeg?expires_on=1772801601&signature=mbd9UIJTSabxVdbLPhAixCNgtjsBhEysGkzSEU9KlhM%3D,,Técnico não seguiu protocolo,,,,,,,,,Alimentação,,
1293383147,ALMOÇO TIO TOKO VENDEDOR LEONARDO,04/02/2026,Despesa- Concluida,Comercial,,,,,,,,,,,1293383147,Tio Toko,"105,7",,https://app.pipefy.com/storage/v1/signed/uploads/11520e64-db69-451d-8e2e-480265086758/WhatsAppImage2026-02-04at17.02.09.jpeg?expires_on=1772801601&signature=hIkj%2FB9dyuuYffXBzOewV6N4gTzwh36aEhy8iCcOVIY%3D,,,,,,,,,,,Alimentação,,
1293390781,ALMOÇO TIO TOKO PAULO,04/02/2026,Despesa- Concluida,Consumo Oficina,,,,,,,,,,,1293390781,Tio Toko,"45,9",,https://app.pipefy.com/storage/v1/signed/uploads/04134041-9708-4d7d-9846-de1f9c57b59f/WhatsAppImage2026-02-04at17.11.27.jpeg?expires_on=1772801601&signature=%2FxBk1OPILXsFB0mwNSceOYt%2BsbmZz3hbw1uKQ5E7MF0%3D,,Técnico não seguiu protocolo,,,,,,,,,Alimentação,,
1293398804,ALMOÇO TIO TOKO,04/02/2026,Despesa- Concluida,Consumo Oficina,,,,,,,,,,,1293398804,Tio Toko,"79,9",,https://app.pipefy.com/storage/v1/signed/uploads/94e20fa4-1ced-4d8c-bff3-5f6e12ebb2e2/WhatsAppImage2026-02-04at17.22.32.jpeg?expires_on=1772801601&signature=K2B%2FCMhPZeVwxikROrh5OX7kUAWOrdA1tgRrQ8hwUmU%3D,,Técnico não seguiu protocolo,,,,,,,,,Alimentação,,
1293405827,SERVIÇO EIXO CARRETA,04/02/2026,Despesa- Concluida,Comercial,,,,,,,,,,,1293405827,Mecanica Martinelli,"1.400,00",793,"https://app.pipefy.com/storage/v1/signed/uploads/acbbd594-343d-45c9-8b53-65428fc018bf/WhatsAppImage2026-02-04at17.39.05.jpeg?expires_on=1772801601&signature=BMkP96Fj1LCHcBgaGjVYi2QOJndwiMGB%2B%2Fsaz0I7pZk%3D, https://app.pipefy.com/storage/v1/signed/uploads/db4398df-1c18-4a54-9dcc-cf34f7796e49/WhatsAppImage2026-02-04at17.33.09.jpeg?expires_on=1772801601&signature=xPnx8FRL3WBetmG9xTDiqNBJyp%2FhGPhMCsS2u9elHU8%3D",,"Serviço feito em carreta do Bidu
Solicitado por Fernando
Feito eixo Carreta",,,,,,,,,Serviço de Terceiro,,
1293816399,ANEL ORING ,05/02/2026,Despesa- Concluida,Consumo Oficina,,,,,,,,,,,1293816399,Landico,12,3021,https://app.pipefy.com/storage/v1/signed/uploads/6ff8c1a6-eab9-4a68-82ab-924e42112de7/WhatsAppImage2026-02-05at14.09.41.jpeg?expires_on=1772801601&signature=WehPmYc0DYepbCXu4Wy4OjF%2BKHiliXo2atH7O8w8yp8%3D,,"ANEL ORING NBR 70 SHORE
ANEL ORING 2205",,,,,,,,,Peça,,
1294425799,BLOCOS DE RELATÓRIOS,06/02/2026,Despesa- Concluida,Consumo Oficina,,,,,,,,,,,1294425799,Resillience Print Editora e Grafica LTDA,690,3941,"https://app.pipefy.com/storage/v1/signed/uploads/0e1c88a5-4484-4362-a6a6-f48ed98f71f1/WhatsAppImage2026-02-06at14.49.15.jpeg?expires_on=1772801601&signature=yxtMtNUbJ6ACOT013SKC9KK4I8i9Rpjt%2B48L0gXk0z8%3D, https://app.pipefy.com/storage/v1/signed/uploads/853c0121-155b-4a34-bac0-ebf98eee5f04/WhatsAppImage2026-02-06at14.49.14.jpeg?expires_on=1772801601&signature=yL2oOVEYDFvF1ijAPzGBcXDeaUM%2FPKrJHD%2FOHPcujJk%3D",,Comprado 10 blocos de relatórios,,,,,,,,,Material Escritorio,,
1282400449,REPARO DE BICICLETA OFICINA,15/01/2026,Despesa- Concluida,Consumo Oficina,,,,,,,,,,,1282400449,Paraiba Brinquedos,580,9851,https://app.pipefy.com/storage/v1/signed/uploads/9cebe423-7c33-423a-894d-63f7d67d4532/35260211009692000155550010000098511010133686-nfe.pdf?expires_on=1772801601&signature=ekX7Oez7qipJyyS6gqV2GN7mc2IfBhyjnrZoJ%2Bdxue8%3D,,"Autorizado por Henri
Serviço: 
CABO FREIO TRAS R$3,00
RODA MT AERO 26X1.9 GROSSA QNT 2 R$300,00
CABO MARCHA TRAS R$3,00
SERVIÇO R$120,00
CAMARA KENDA QNT 2 R$40,00
PEDEVELA R$80,00
SAPATA MTB QNT 2 R$14,00",,,,,,,,,Serviço de Terceiro,,
1294549357,ABASTECIMENTO MOTO PEDRO,06/02/2026,Despesa- Concluida,Consumo Oficina,,,,,,,,,,,1294549357,Auto Posto 2001,"51,2",91250,https://app.pipefy.com/storage/v1/signed/uploads/2a105495-bd0f-4d1d-a649-b001b797e210/WhatsAppImage2026-02-07at11.46.12.jpeg?expires_on=1772801601&signature=sUDdZYSNL3ln1w%2BymRTDibWJ%2BdkcRPTN2tyCGXjiX%2FI%3D,,,,,,0,,,,,Veicular,Abastecimento,
1295399938,TROCA DE PNEU DIANTEIRO TRATOR LOJA,09/02/2026,Despesa- Concluida,Comercial,,,,,,,,,,,1295399938,Paulo José de Lima,200,190,https://app.pipefy.com/storage/v1/signed/uploads/8722e9d8-d2fd-45ac-a3a2-5e98854a2e72/WhatsAppImage2026-02-09at16.38.45.jpeg?expires_on=1772801601&signature=%2BDauXP8mIvtlAHhx2dLZ8z7IhWrLDi0kAyok6eZVyUs%3D,,"2 trocas de pneu dianteiro trator loja
9500 - MDI09501AM0001446",,,,,,,,,Serviço de Terceiro,,
1295922507,ABASTECIMENTO PARA POLO ZÉ ANGELO,10/02/2026,Despesa- Concluida,Comercial,,,,,,,,,,,1295922507,Auto Posto 2001,"110,2",90790,https://app.pipefy.com/storage/v1/signed/uploads/926a2c0a-0e42-4d31-8e30-d60fdfe68ec9/ca4d87e2.ReqFotoNota.112329.jpg?expires_on=1772801601&signature=Lb8jOUeiTjvIwn%2F%2Fi6mPHv8gLrdYh2JgxIabCLdMqWI%3D,,,,,,0,,,,,Veicular,Abastecimento,
1295925644,REFEIÇÃO LUIZ FERNANDO,10/02/2026,Despesa- Concluida,Comercial,,,,,,,,,,,1295925644,Lanchonete caverna,65,26,https://app.pipefy.com/storage/v1/signed/uploads/7ebbbb65-e77a-447d-b15a-375389ec0fcb/cca3763c.ReqFotoNota.153557.jpg?expires_on=1772801601&signature=tFfq6yozxnzockI6D%2F0%2FSQdNUQF6EZAsZQDiSO%2F2DFA%3D,,almoço para ir stand loja e Sicredi,,,,,,,,,Alimentação,,
1295931820,TROCAR PARAFUSO JIVO,10/02/2026,Despesa- Concluida,Consumo Oficina,,,,,,,,,,,1295931820,Koba Parafusos,"4,4",Comprovante sem numero da NF,https://app.pipefy.com/storage/v1/signed/uploads/708b093a-48aa-4875-8c3c-faf2173ce178/23cac734.ReqFotoNota.173425.jpg?expires_on=1772801601&signature=Sql5EQqMOfhNzE9HN9qEkbKui1ZIXXzFrsxqHIwgfwo%3D,,,,,,,,,,,Peça,,
1295939255,SERVIÇO PNEU ATJ6211,10/02/2026,Despesa- Concluida,Comercial,ATJ6211,,,,,,,,,,1295939255,,120,7878,https://app.pipefy.com/storage/v1/signed/uploads/89f6cc9c-235b-4d5f-9ba1-ab7e6444d87b/e86b25d7.ReqFotoNota.1810291.jpg?expires_on=1772801601&signature=NH4ZqwYwRfwmKXipb%2Fh9ee5TM29Aq94wtZTj7nuJqdU%3D,,"Montagens
Balanceamento Passeio
Alinhamento ",,,ATJ6211,565394,,,,,Veicular,Manutenção,
1295955441,RETOQUE NAS RODAS DOS TRATORES DO ESTOQUE,10/02/2026,Despesa- Concluida,Comercial,,,,,,,,,,,1295955441,Magic Tintas,215,55424,https://app.pipefy.com/storage/v1/signed/uploads/364618a9-d402-416c-af4b-20d5cdf585d5/ad26cade.ReqFotoNota.172411.jpg?expires_on=1772801601&signature=mVXQDn83jkh4dGTwG%2BMmHPwhycxfrXibnd9JXbfp%2FdM%3D,,"produtos:
Lazz endurecedor rapido 
laz lazzudur
laz verniz
norton hookit
norton hookit",,,,,,,,,Peça,,
1296008169,Macho Para fazer a Rosca Chassis da S10,10/02/2026,Despesa- Concluida,Comercial,,,,,,,,,,,1296008169,KMS Ferramentas,"77,5",38672,https://app.pipefy.com/storage/v1/signed/uploads/a59de4ae-9f27-4b62-9b13-20095604ec68/WhatsAppImage2026-02-10at17.06.47.jpeg?expires_on=1772801601&signature=C1Oj8oKzZSGy0OeMEzqX5oZe0JNeNBCxJg%2BNmInjAuM%3D,,1 macho manual HSS,,,,,,,,,Ferramenta,,
1296042722,PARAFUSO S10 FERNANDO,10/02/2026,Despesa- Concluida,Comercial,,,,,,,,,,,1296042722,Koba Parafusos,"6,5",FOLHA SEM N° DA NF,https://app.pipefy.com/storage/v1/signed/uploads/9dabb216-90ed-4186-b7bf-5237884526d3/WhatsAppImage2026-02-10at17.06.471.jpeg?expires_on=1772801601&signature=iTUeoPfOO3ZiTxcbAz7iYOnm9NwlpswPnZKkOj4RYRE%3D,,,,,,,,,,,Peça,,
1296048162,TROCAS DE PNEU EVG1E67,10/02/2026,Despesa- Concluida,Comercial,EVG1E67,,,,,,,,,,1296048162,Borracharia Móvel,100,1324,https://app.pipefy.com/storage/v1/signed/uploads/ca2849eb-73fd-4cd5-9819-c6ef3dde14ad/WhatsAppImage2026-02-10at17.30.30.jpeg?expires_on=1772801601&signature=RN%2FcqIAtmm74SuHysbAdlcIJ7GONmyABng5X2O2izoM%3D,,,,,EVG1E67,0,,,,,Veicular,Manutenção,
1278350675,VEDAÇÃO,07/01/2026,Despesa- Concluida,Comercial,,,,MARCIO FÁVARO,1,,,50,,50,1278350675,Koba Parafusos,50,,https://app.pipefy.com/storage/v1/signed/uploads/2516e19e-bd1f-42ec-9ff3-25a98c10761c/1a098ae7.ReqFotoNota.153812.jpg?expires_on=1772801601&signature=f4TBA52b66MfRpSJGHM3lTwYy3aVT0Auy%2FdILEgfxss%3D,,USADO NO COMANDO DO MÁRCIO FÁVARO OJA,,,,,,,,,Peça,,
1297074676,MANUTENÇÃO ROÇADEIRA LOJA,12/02/2026,Despesa- Concluida,Comercial,,,,,,,,,,,1297074676,NR FERRAMENTAS,"177,55",85060,https://app.pipefy.com/storage/v1/signed/uploads/9fec2340-6013-455e-8a53-66deb41d40cc/12969623923.pdf?expires_on=1772801601&signature=ixp3kcEDSdbnZFBQD%2B09J3keqZcZ0L9dddLXcCme2EU%3D,NÃO,"Manutenção Roçadeira do José Angelo
Carburador intertec Briggs",,,,,,,,,Serviço de Terceiro,,
1297091896,TINTA PARA CARRO DO PAULO - USO PESSOAL,12/02/2026,Despesa- Concluida,Consumo Oficina,,,,,,,,,,,1297091896,Magic Tintas,"250,39",,https://app.pipefy.com/storage/v1/signed/uploads/f898b421-d470-4c0b-8659-5e87fed1b86d/Image_20260212_0002.pdf?expires_on=1772801601&signature=5Lz9kUcJwJLebJooUJIbvO65JqzrURYb0YGnRJOYZHE%3D,NÃO,USO PESSOAL DO PAULO,,,,0,,,,,Veicular,Manutenção,
1297555493,ALMOÇO GABRIEL,13/02/2026,Despesa- Concluida,Consumo Oficina,,,,,,,,,,,1297555493,Restaurante e Marmitaria Bom Gosto,39,RECIBO SEM N° NF,https://app.pipefy.com/storage/v1/signed/uploads/8bc3a99d-c178-4ebc-a545-152dd863de00/WhatsAppImage2026-02-13at13.43.30.jpeg?expires_on=1772801601&signature=vw%2FbFwKzL3Oj%2FmXtkp7Da%2BeX9j5f8yFP2yE3oJ%2FMp68%3D,NÃO,"Refeição
Técnico não seguiu protocolo",,,,,,,,,Alimentação,,
1297626346,CONECTOR S10 FERNANDO,13/02/2026,Despesa- Concluida,Comercial,,,,,,,,,,,1297626346,Gerson Auto Peças,28,5080,https://app.pipefy.com/storage/v1/signed/uploads/4704dfc4-521c-4db0-b7d7-dc1f4a01422f/WhatsAppImage2026-02-13at15.14.36.jpeg?expires_on=1772801601&signature=S3GAO9HhyecTaFcL%2Boaan4tDoCHc0syC43CJprgK5fc%3D,NÃO,"comprado conector 5/16X/5/16
Técnico não seguiu protocolo",,,,,,,,,Peça,,
1297698899,1 VARETA LATAO PARA SOLDA DE CONEXÃO,13/02/2026,Despesa- Concluida,Comercial,,,,,,,,,,,1297698899,KMS Ferramentas,"21,17",38661,https://app.pipefy.com/storage/v1/signed/uploads/ba499611-34a1-4dd1-9a85-1b6a25b6f379/WhatsAppImage2026-02-13at16.16.27.jpeg?expires_on=1772801601&signature=DwwazVxAWDTtkvNVaXgI%2FxngEXTybBcc8wiwGGg4tAY%3D,NÃO,"USADO SOLDA DE CONEXÃO NO NIPE DO TRATOR LOJA 6075 - 6263
e uso oficina",,,,,,,,,Ferramenta,,
1297736332,MANGUEIRA DIESEL LOJA,13/02/2026,Despesa- Concluida,Comercial,,,,,,,,,,,1297736332,Landico,"59,92",2891,https://app.pipefy.com/storage/v1/signed/uploads/5541313f-7b2a-4e09-bf92-e3e3988e6bb3/WhatsAppImage2026-02-13at17.14.43.jpeg?expires_on=1772801601&signature=XAPysCuz32E7xy1P%2Bfw5zO0hRJR3PeLUSSFhKjzOPR4%3D,NÃO,"CAPA TERMOPLÁSTICA
técnico não seguiu protocolo
",,,,,,,,,Serviço de Terceiro,,
1297739860,TUBO NYLON S10,13/02/2026,Despesa- Concluida,Comercial,,,,,,,,,,,1297739860,Barrado,15,90386,,NÃO,"tubo nylon
S10 Fernando
técnico não seguiu protocolo",,,,,,,,,Peça,,
1297743598,SERVIÇO DE ADAPTAÇÃO INJETOR,13/02/2026,Despesa- Concluida,Comercial,,,,,,,,,,,1297743598,Alex,"20,7",SEM N°  NF,https://app.pipefy.com/storage/v1/signed/uploads/38504f4f-fec4-4d9b-b4fe-744f7d6339ea/WhatsAppImage2026-02-13at17.23.23.jpeg?expires_on=1772801601&signature=BaU1mQZIdLu2JRl877RCWW%2FBEdBOLLSBJ9SiXtNKkUg%3D,NÃO,"Trator loja, serviço de adaptação injetor, engate
técnico não seguiu protocolo",,,,,,,,,Serviço de Terceiro,,
1297745959,TINTA LAZZUDUR - PESSOAL PAULO,13/02/2026,Despesa- Concluida,Consumo Oficina,,,,,,,,,,,1297745959,Magic Tintas,122,55503,https://app.pipefy.com/storage/v1/signed/uploads/264914ce-3355-4efc-b4f3-b3bf704e9456/WhatsAppImage2026-02-13at17.28.12.jpeg?expires_on=1772801601&signature=fqZH4%2B1zaKknEu80N0Qpo5RUpgPnrmc9Fx%2FnzppR7Ls%3D,NÃO,"Lazz Lazzudur Poliester prata, pessoal do PAULO",,,,,,,,,Ferramenta,,
1297121005,ABASTECIMENTO MOTO PEDRO,12/02/2026,Despesa- Concluida,Consumo Oficina,,,,,,,,,,,1297121005,Auto Posto 2001,"63,01",95300,https://app.pipefy.com/storage/v1/signed/uploads/3c4b7f61-d1bf-4010-9740-baa38bf3249f/WhatsAppImage2026-02-14at09.44.50.jpeg?expires_on=1772801601&signature=aypRhieJzwdci2GlwAcsSdj6G4CyjUbvvO0o0A01TW8%3D,NÃO,Abastecimento Moto,,,,0,,,,,Veicular,Abastecimento,
1298333008,REQUISIÇÃO ALMOÇO PARA ENTREGA,16/02/2026,Despesa- Concluida,Comercial,,,,,,,,,,,1298333008,Lanchonete Caverna,28,,https://app.pipefy.com/storage/v1/signed/uploads/c8fc8576-251a-46bb-906a-ef31337e2b5b/WhatsAppImage2026-02-16at13.42.54.jpeg?expires_on=1772801601&signature=%2F5Vg04ysUNBHHn2dRQyCsyMXZF5ldqvJkSK6L%2BRExFI%3D,NÃO,,,,,,,,,,Alimentação,,
1298964890,PRENSA DE MANGUEIRA TRATOR ESTOQUE,18/02/2026,Despesa- Concluida,Comercial,,,,,,,,,,,1298964890,Landico,"114,7",3080,https://app.pipefy.com/storage/v1/signed/uploads/13891b91-8313-4abf-b571-efb42b8ba67c/WhatsAppImage2026-02-18at14.23.38.jpeg?expires_on=1772801601&signature=B71lE1ptUaIjaEqnoL9kNo7ys0qwfLA%2BR3t2KZ3A2Fk%3D,NÃO,"PRENSA DE MAGUEIRA PARA TRATOR ESTOQUE
MANGUEIRA ÓLEO E GRAXA R$ 12,39
MANGUEIRA ÓLEO E GRAXA R$ 12,39
CAPA TERMOPLASTICA R$ 39,92
SERVIÇO DE MÃO DE OBRA R$ 50,00
",,,,,,,,,Serviço de Terceiro,,
1298982486,PRENSA DE MANGUEIRA TRATOR LOJA,18/02/2026,Despesa- Concluida,Comercial,,,,,,,,,,,1298982486,Landico,"114,7",3073,https://app.pipefy.com/storage/v1/signed/uploads/8904413f-e429-4bb0-a31c-52f64fa6440c/WhatsAppImage2026-02-18at14.42.58.jpeg?expires_on=1772801601&signature=xQSOlLARf%2BbM%2FyZkVHH5ae9I645EqBTkjJVnSVX8lsg%3D,NÃO,"PRENSA DE MAGUEIRA PARA TRATOR LOJA
MANGUEIRA ÓLEO E GRAXA R$ 12,39
MANGUEIRA ÓLEO E GRAXA R$ 12,39
CAPA TERMOPLASTICA R$ 39,92
SERVIÇO DE MÃO DE OBRA R$ 50,00
",,,,,,,,,Serviço de Terceiro,,
1283006509,MANGUEIRA DIESEL TRATOR CLIENTE,16/01/2026,Despesa- Concluida,GARANTIA,,,,0,0,,,"0,01",,"0,01",1283006509,Landico,"59,92",2891,https://app.pipefy.com/storage/v1/signed/uploads/01d07caa-b7f7-4f23-bfa5-5f1e80b8dc61/b310c9b1.ReqFotoNota.173019.jpg?expires_on=1772801601&signature=zGrlviCjPYpEFWnox%2FY45hyx5D8QVGyc%2B3AgeDAKpsE%3D,NÃO,"MANGUEIRA DIESEL - TRATOR JOSE ADILSON
FABRICA PAGOU",,,,,,,,,Serviço de Terceiro,,
1283012932,SERVIÇO PARA MELHORIA E NÃO OCASIONAR VAZAMENTO,16/01/2026,Despesa- Concluida,GARANTIA,,,,0,0,,,"0,01",,0,1283012932,Landico,"93,33",2893,https://app.pipefy.com/storage/v1/signed/uploads/5aff7248-0009-4321-8339-e6302983d89c/WhatsAppImage2026-02-18at14.59.46.jpeg?expires_on=1772801601&signature=A3%2B96yxVPl0F95XjHz%2BJFSwqwKPfUpA9YS1UsPJ6j2Q%3D,NÃO,"Garantia trator loja
Mangueira òleo graxa
Capa termoplastica
Serviço mão de obra",,,,,,,,,Serviço de Terceiro,,
1299092620,TINTA CORAL PARA BARRCÃO,18/02/2026,Despesa- Concluida,Comercial,,,,,,,,,,,1299092620,Auto Tintas Piraju LTDA,"1.135,95",50033,https://app.pipefy.com/storage/v1/signed/uploads/1d1f6442-9c96-48df-bf1b-6a4b47e86c05/WhatsAppImage2026-02-18at17.08.32.jpeg?expires_on=1772801602&signature=1EHc4ESEG%2FQ%2FcnhyQ%2BYGpSTLbjowpSHvD%2FzLqV6I3IY%3D,NÃO,TINTA CINZA ESCULO 18L PARA PINTAR BARRACÃO,,,,,,,,,Ferramenta,,
1297353701,Abastecimento Polo,13/02/2026,Despesa- Concluida,Comercial,,,,,,,,,,,1297353701,Auto Posto 2001,"261,57",37415,https://app.pipefy.com/storage/v1/signed/uploads/8524d950-22df-484f-9e10-0ae4821b572e/Image_20260219_0001.pdf?expires_on=1772801602&signature=HKzRZCnJAvfq%2BtKl9ioa%2FQ0LGMRl69%2ByPmHGNjtHUU0%3D,NÃO,,,,,0,,,,,Veicular,Abastecimento,
1300756344,MANUTENÇÃO TRATOR ESTOQUE,21/02/2026,Despesa- Concluida,Comercial,,,,,,,,,,,1300756344,Flavio Wolf,30,982,https://app.pipefy.com/storage/v1/signed/uploads/600cbb5d-3170-4b1e-ad15-3466463bd5d0/WhatsAppImage2026-02-21at08.41.25.jpeg?expires_on=1772801602&signature=v1e38tsv%2B3NGzHg%2BQIezjwDEnfeUl4hDPv5kHhubgfY%3D,NÃO,"Pego:
Parafuso oco 14MM 4 FUROS R$ 30,60
Arruela aluminio R$ 2,40

Desconto: R$ 3,00
9500s que veio do Juca",,,,,,,,,Peça,,
1300759860,MANUTENÇÃO S10,21/02/2026,Despesa- Concluida,Comercial,GIH0I50,,,,,,,,,,1300759860,Auto Center Eliseu,27,4391,https://app.pipefy.com/storage/v1/signed/uploads/260023fb-3c0f-4e39-a67b-0033f368ebca/WhatsAppImage2026-02-21at09.03.59.jpeg?expires_on=1772801602&signature=sE6Y7KWC2H56Dib5jCOOMLRjx0j8j3HNxZd4RTF2Cnk%3D,NÃO,"Conexão R$ 30,00
Desconto R$3,00",,,GIH0I50,0,,,,,Veicular,Manutenção,
1298747771,Abastecimento polo,18/02/2026,Despesa- Concluida,Comercial,,,,,,,,,,,1298747771,Auto Posto 2001,"116,89",101377,https://app.pipefy.com/storage/v1/signed/uploads/3e1c179a-8a29-4044-b7f1-99d48dac2fd8/WhatsAppImage2026-02-21at09.14.17.jpeg?expires_on=1772801602&signature=37KKu%2BAduh%2F%2F5hkeLNnMkqPhEmmfoLsw0yH0%2BXClICk%3D,NÃO,"Abastecimento Polo
Etanol Comum 25L",,,,0,,,,,Veicular,Abastecimento,
1301564132,PARAFUSO PARA FIXAÇÃO DO RABICHO SW4,23/02/2026,Despesa- Concluida,Comercial,,,,,,,,,,,1301564132,Koba Parafusos,48,FOLHA SEM N° DA NF,https://app.pipefy.com/storage/v1/signed/uploads/950f6338-38cc-4a80-b89f-3e5a84fcc2bc/WhatsAppImage2026-02-23at13.37.17.jpeg?expires_on=1772801602&signature=4qcIzEv7UV5PXDNQHEQ6P3mpZOpxVjBBTXs89O4p%2FKo%3D,NÃO,"Para fixação do rabicho
SW4 diretor geral",,,,,,,,,Peça,,
1301724155,RAÇÃO PANDORA SPECIAL DOG,23/02/2026,Despesa- Concluida,Comercial,,,,,,,,,,,1301724155,Pet Shop Animal Feliz,"176,9",49,https://app.pipefy.com/storage/v1/signed/uploads/c5031d93-5a17-4ce6-9238-20f57e1736bf/WhatsAppImage2026-02-23at15.48.031.jpeg?expires_on=1772801602&signature=iJ24Sj7eGyno1xiD%2FSZ%2BCvMo%2Fblou0Mw2SDwdfMM8EY%3D,NÃO,"Ração Special Dog ultra life raças medias e grandes 15kg
para Pandora",,,,,,,,,Alimentação,,
1301948059,MATERIAL PINTURA FACHADA LOJA,23/02/2026,Despesa- Concluida,Infraestrutura,,,,,,,,,,,1301948059,Magic Tintas,462,055099 E 049363,"https://app.pipefy.com/storage/v1/signed/uploads/e6dcfeba-85ce-4856-98e2-2de2da8a0625/WhatsAppImage2026-02-23at17.47.131.jpeg?expires_on=1772801602&signature=D42pPvWnICG6FRxbNtZVeiVMvPAKXsDIJ0giC%2F5aYnA%3D, https://app.pipefy.com/storage/v1/signed/uploads/df4747d2-c297-4f9d-b998-be7c27540674/WhatsAppImage2026-02-23at17.47.13.jpeg?expires_on=1772801602&signature=7zng1NAEz%2FUyC7YdjB4gEY%2FA5p0gNhvxiMWKCBeVHjQ%3D",NÃO,"Pego:
Adelbras fita crepe R$6,90
Adelbras fita crepe R$12,90
Cim - Amor Coral Coralit R$315,00
Rhai Catalisador R$22,90
Condor Pincel Artístico 456 Nº6 R$6,90
Condor Rolo de Lã Finox 964 C/S 5cm R$8,90
Condor Rolo de Lã Finox 964 S/S 23cm R$30,00
Condor Trincha P/ Pintura Recort 727-1 R$4,90
Condor Trincha P/ Pintura Recort 727-1 1/2 R$6,90
Condor Trincha P/ Pintura Recort 727-2 R$6,90
Condor Trincha P/ Pintura Recort 727-3 R$8,90
Itaqua Thinner 37 900ml R$18,90 (cada) — 2un = R$37,80",,,,,,,,,Ferramenta,,
1303022992,MATERIAL PINTURA PARA BARRACÃO,24/02/2026,Despesa- Concluida,Infraestrutura,,,,,,,,,,,1303022992,Magic Tintas,"589,7","055209, 055014 e 055188","https://app.pipefy.com/storage/v1/signed/uploads/9fcd7eaf-ce20-41ff-8aea-cc0cab34d235/WhatsAppImage2026-02-24at14.04.18.jpeg?expires_on=1772801602&signature=BxYhwKd6tq1XSn16sPBgcQHzvR1K%2B%2FB0xJ0idx7P4x4%3D, https://app.pipefy.com/storage/v1/signed/uploads/ae73485d-12f5-43ea-8069-d4a4445717f6/WhatsAppImage2026-02-24at14.00.10.jpeg?expires_on=1772801602&signature=APe3%2FjFERp%2FWJZSvrfwGNZAkhvVRknvHMozr6phkRbI%3D, https://app.pipefy.com/storage/v1/signed/uploads/29a31fd1-98eb-4da4-b752-6e285b0c7b37/WhatsAppImage2026-02-24at14.00.101.jpeg?expires_on=1772801602&signature=1urG03bi4J4kYhjcRyQM5bZcFnImi6AGohnK7PHT3aQ%3D",NÃO,"Pego:
Magnum L.A 200 R$89,90
Coral Coralit R$ 320,00
Itaqua Thinner R$ 179,80",,,,,,,,,Ferramenta,,
1303273158,CHUMBINHO SNIPER ,24/02/2026,Despesa- Concluida,Consumo Oficina,,,,,,,,,,,1303273158,Agrofertil,"43,8",153541,,NÃO,Chumbinho Sniper Diabolo,,,,,,,,,Peça,,
1301691841,Aroela do bujão do carter- para trocar o oleo de caminhao,23/02/2026,Despesa- Concluida,Comercial,EVG1E67,,,,,,,,,,1301691841,Barrado,"8,6",90711,https://app.pipefy.com/storage/v1/signed/uploads/df1e0dd7-f7f0-4d92-921a-199d865bbb2c/Image_20260226_0001.pdf?expires_on=1772801602&signature=xDQHSkekiO328zcyrybC5aYFb7Gkl5iiEljaiLoALqE%3D,,PARA REVISÃO DO CAMINHÃO,,,EVG1E67,246275,,,,,Veicular,Manutenção,
1304731467,KIT EMBREAGEM DLZ1967,26/02/2026,Despesa- Concluida,Consumo Oficina,DLZ1967,,,,,,,,,,1304731467,Cobra rolamentos e Autopeças,"427,77",6392,https://app.pipefy.com/storage/v1/signed/uploads/3be2f0c5-4285-4039-9c42-0d000d719d5e/WhatsAppImage2026-02-26at15.22.27.jpeg?expires_on=1772801602&signature=eQ1HuwvGXgyoHNzFDZlVHg3ptF6Es1SzadZWkOnGHEw%3D,NÃO,Pego kit embreagem para Saveiro,,,DLZ1967,190356,,,,,Veicular,Manutenção,
1304830543,CONSERTO PNEU AQJ3H59,26/02/2026,Despesa- Concluida,Comercial,,,,,,,,,,,1304830543,Borracharia Móvel,80,1345,https://app.pipefy.com/storage/v1/signed/uploads/0115a9ea-a395-4f44-9cd1-4033bd20d142/WhatsAppImage2026-02-26at17.35.08.jpeg?expires_on=1772801602&signature=JQnuA0tXT%2Fr8fwktRaGuiXX6JrptPk0fIJ%2FlImbUtts%3D,NÃO,Conserto de Pneu caminhão AQJ3H59,,,,,,,,,Serviço de Terceiro,,
1303990953,Abastimento para saveiro do Douglas Vendedor,25/02/2026,Despesa- Concluida,Comercial,,,,,,,,,,,1303990953,Auto Posto 2001,"244,28",104238,https://app.pipefy.com/storage/v1/signed/uploads/c67e3e79-e696-48c2-8767-32e7c9fb0bb4/abastecimentodouglas.jpeg?expires_on=1772801602&signature=%2B9C6b%2Fj5Gh6h1A9GAFQ92oXwJGkvw6VCKg9eReelDsE%3D,NÃO,"Abastecimento Douglas Vendedor 
Placa: FSR9H70",,,,0,,,,,Veicular,Abastecimento,
1304788559,Abastecimento para o Dougras,26/02/2026,Despesa- Concluida,Comercial,,,,,,,,,,,1304788559,Auto Posto 2001,"264,81",105196,https://app.pipefy.com/storage/v1/signed/uploads/f62c80f8-84df-4da6-a403-d4214d4f7512/WhatsAppImage2026-02-27at07.53.14.jpeg?expires_on=1772801602&signature=xH3IGvSsjAJo2EqfJTyRDEMTRAC1XesG%2FJu8o5qL3FE%3D,NÃO,"Abastecimento Vendedor Douglas
FSR9H70",,,,0,,,,,Veicular,Abastecimento,
1297000372,REBITE PRA FIXAÇÃO DA CHAVE DO TUMTUM,12/02/2026,Despesa- Concluida,Comercial,,,,,,,,,,,1297000372,KMS Ferramentas,192,24550,https://app.pipefy.com/storage/v1/signed/uploads/d6f4bc71-4193-4cd9-aa70-c6be6b4a7569/WhatsAppImage2026-02-27at15.50.31.jpeg?expires_on=1772801602&signature=LZU6dsx%2BH9OqOj%2BEXValKA2jCsnLR%2FpirWyPZfDx2p8%3D,NÃO,"REBITE
Solicitado por: Fernando Diretor
Garantia Ventura",,,,,,,,,Peça,,
1305558876,MANUTENÇÃO S10 DIRETOR,27/02/2026,Despesa- Concluida,Comercial,GIH0I50,,,,,,,,,,1305558876,CTM AUTRONICA,"1.079,00",1027,"https://app.pipefy.com/storage/v1/signed/uploads/2766cf5d-8416-48b9-a51d-f640335c931f/WhatsAppImage2026-02-27at17.09.47.jpeg?expires_on=1772801602&signature=Zl8TME2PSi%2Fdx46ktgyN8KnrvQkHAgj6mWETgMif%2Bbg%3D, https://app.pipefy.com/storage/v1/signed/uploads/435ede05-ad2d-4988-8395-946b80372184/WhatsAppImage2026-02-27at17.09.35.jpeg?expires_on=1772801602&signature=OnfbDl%2FIa%2BEStE7TZBVlS%2F4rJHTVasv7Sqt%2BSieZKGA%3D",NÃO,"MANN WK58 R$ 25,00
MANN C16010 1 FILTRO DE AR R$ 70,00
MANNW7561 R$60,00
MANN CU2141 2 FILTRO DE AR R$40,00
CONECTOR BOMBA COMBUSTIVEL R$ 52,00
VALVOLINE ADVANCED R$340,00
TUBO NYLON R$ 12,00
SERVIÇO DE TORNO
RETIRADA DE TANQUE DE COMBUSTIVEL PARA REPAROS",,,GIH0I50,167416,,,,,Veicular,Manutenção,
1307193275,MANUTENÇÃO CAMBIO DLZ1967,02/03/2026,Despesa- Concluida,Consumo Oficina,DLZ1967,,,,,,,,,,1307193275,Koba Parafusos,"1.700,00",48,https://app.pipefy.com/storage/v1/signed/uploads/8e945dea-080c-44b5-bec3-ec47b23b0da4/a03rky.jpeg?expires_on=1772801602&signature=kxn%2FBy1rsg8UOh3RQXr9XYVQNmqnxlneYKU9JuxI2Rw%3D,NÃO,Feito serviço manutenção de cambio saveiro DLZ1967,,,DLZ1967,190452,,,,,Veicular,Manutenção,
1306929555,ABASTECIMENTO POLO,02/03/2026,Despesa- Concluida,Comercial,,,,,,,,,,,1306929555,Auto Posto 2001,"198,06",107380,https://app.pipefy.com/storage/v1/signed/uploads/97832254-66b8-4fe4-88e2-b6655aa8157f/itn7t.jpeg?expires_on=1772801602&signature=XnVFvj6lDzq6%2BxmS1zQgGg5ZzVZrofaqE%2BV9Sx93Quw%3D,NÃO,Abastecimento Polo Diretor Geral,,,,0,,,,,Veicular,Abastecimento,
1307227580,MATERIAL PARA PINTURA FACHADA LOJA,02/03/2026,Despesa- Concluida,Comercial,,,,,,,,,,,1307227580,Mabraco,"55,67",1052770,https://app.pipefy.com/storage/v1/signed/uploads/e75ea3e1-09ae-45fb-baab-58ed002a888c/zzvpm.jpeg?expires_on=1772801602&signature=zKXPCxQWoWWi7gfRS1MrqtQCjE3H0t4%2ByA0NQvq%2BNCY%3D,NÃO,"Pego:
Pincel chato R$: 10,10
Coralit 0,9L branco Brilh R$ 45,57
para pintura da fachada da loja.",,,,,,,,,Ferramenta,,
1307305965,MANUTENÇÃO CAMINHÃO EVG,02/03/2026,Despesa- Concluida,Comercial,EVG1E67,,,,,,,,,,1307305965,Odapel auto peças,"375,66",5952,https://app.pipefy.com/storage/v1/signed/uploads/1dcbbf8d-b9b4-457d-8b63-da6a525974c6/408p47.jpeg?expires_on=1772801602&signature=9UhDurHXjjwtb26hrNjmiZxxTS4t0vaZl5tar%2Bemcso%3D,NÃO,"Filtro de combustivel
Filtro Lubrificante
Elemento F. De ar
Elemento separador d'água",,,EVG1E67,0,,,,,Veicular,Manutenção,
1307325700,GASOLINA QUADRICICLO,02/03/2026,Despesa- Concluida,Comercial,,,,,,,,,,,1307325700,Auto Posto 2001,"28,16",106093,https://app.pipefy.com/storage/v1/signed/uploads/9a55fdc2-7307-43d4-94d5-492686c3d719/h4gwl.jpeg?expires_on=1772801602&signature=VmttOY4Gt7SshfjS5c3WeI1bGGNKXXceSINfE%2FFHVug%3D,NÃO,Gasolina para quadriciclo Maria Claudia,,,,,,,,,Serviço de Terceiro,,
1308301188,PARAFUSO SAVEIRO CÂMBIO,03/03/2026,Despesa- Concluida,Consumo Oficina,DLZ1967,,,,,,,,,,1308301188,Koba Parafusos,"3,3",FOLHA SEM N° DA NF,https://app.pipefy.com/storage/v1/signed/uploads/300b4383-a96f-4380-9515-9c15d7f38c90/kqpjlt.jpeg?expires_on=1772801602&signature=KnRuGZ5ODOEaaDeDNo1I4oOABm1d7%2FRbXb8rXN%2F82%2Fo%3D,NÃO,Parafuso pego para saveiro Oficina,,,DLZ1967,191100,,,,,Veicular,Manutenção,
1308337919,MANUTENÇÃO DLZ1967 COXIM,03/03/2026,Despesa- Concluida,Consumo Oficina,DLZ1967,,,,,,,,,,1308337919,Cobra Rolamentos e Auto Peças,"414,09",7278,https://app.pipefy.com/storage/v1/signed/uploads/960479b5-3b6b-4353-a2c7-d8c1b86807e2/zne2a.jpeg?expires_on=1772801602&signature=M2t9VyjLJEQiuaxOCHVjeUsvuTSfktNTnndckbnwHc0%3D,NÃO,"Descrição dos produtos/serviços:
Coxim do cambio
Coxim do motor",,,DLZ1967,190452,,,,,Veicular,Manutenção,
1308348842,ALMOÇO SILVANA,03/03/2026,Despesa- Concluida,Consumo Oficina,,,,,,,,,,,1308348842,Restaurante e Marmitaria Bom Gosto,30,FOLHA SEM N° DA NF,https://app.pipefy.com/storage/v1/signed/uploads/4bc69100-a83b-49cf-8231-bbfebd3c12bb/v73x9a.jpeg?expires_on=1772801602&signature=kWMVHyu4CW%2FPl06gTnymMSLAFS6Ge%2Bk0FFGJblJXogs%3D,NÃO,Técnico não seguiu protocolo,,,,,,,,,Alimentação,,
1308353414,ALMOÇO SILVANA PEDRO,03/03/2026,Despesa- Concluida,Consumo Oficina,,,,,,,,,,,1308353414,Restaurante e Marmitaria Bom Gosto,35,FOLHA SEM N° DA NF,https://app.pipefy.com/storage/v1/signed/uploads/941af5b3-74ec-4518-a8a5-01a08357d426/v0sanr.jpeg?expires_on=1772801602&signature=n7Zh7Mfe9ULvw3MxVphMeAJmq%2BXwDNTMIE7g8iZVxgA%3D,NÃO,Técnico não seguiu protocolo,,,,,,,,,Alimentação,,
1308356807,ALMOÇO SILVANA ,03/03/2026,Despesa- Concluida,Consumo Oficina,,,,,,,,,,,1308356807,Restaurante e Marmitaria Bom Gosto,35,FOLHA SEM N° DA NF,https://app.pipefy.com/storage/v1/signed/uploads/14d24570-9601-447a-aa4f-9ef5c72adc49/by5jts.jpeg?expires_on=1772801602&signature=8%2B0TrGYcQuTybVcTjTtQ063VxK8apKEPI9Qk4QhU%2BTY%3D,NÃO,Técnico não seguiu protocolo,,,,,,,,,Alimentação,,
1308471394,5 Litros de Gasolina (Pessoal Fernandinho),03/03/2026,Despesa- Concluida,Consumo Oficina,,,,,,,,,,,1308471394,Auto Posto 2001,"31,8",108402,https://app.pipefy.com/storage/v1/signed/uploads/112e0c30-fb0b-4390-a8b9-642727079f56/dwbxf.jpeg?expires_on=1772801602&signature=8Ukqka%2BVdnYmQvpFcxGomiorahpC3EkzZga8Knfid1I%3D,NÃO,,,,,,,,,,Serviço de Terceiro,,
1309208871,ABASTECIMENTO DOUGLAS EPX5402,04/03/2026,Despesa- Concluida,Comercial,EPX5402,,,,,,,,,,1309208871,Auto Posto 2001,"244,28",37812,https://app.pipefy.com/storage/v1/signed/uploads/92a7ae12-b6be-4a48-be75-41906751ebdb/6we1al.jpeg?expires_on=1772801602&signature=ovYSJGrkYIVKNPgm%2FowVVBloTts8XYAwoRNjODLeoAQ%3D,NÃO,ABASTECIMENTO,,,EPX5402,178600,,,,,Veicular,Abastecimento,
1309211638,ABASTECIMENTO DOUGRAS EPX5402,04/03/2026,Despesa- Concluida,Comercial,EPX5402,,,,,,,,,,1309211638,Auto Posto 2001,"264,81",37812,https://app.pipefy.com/storage/v1/signed/uploads/41f3a65c-ec52-444b-90c0-461052c96b6f/4xw1l.jpeg?expires_on=1772801602&signature=uHVqN0yPnvlbeAzwaY5xor3BiPdcb7YMRUZcSxJ%2Fq%2FU%3D,NÃO,,,,EPX5402,179000,,,,,Veicular,Abastecimento,
1150218466,Parafusadeira de impacto 1/2 ,27/05/2025,FERRAMENTAS ESTOQUE,Infraestrutura,,,,,,,,,,,,,,,,,,,,,,,,,,Ferramenta,,
1149730034,CANETA PARA REPARO DE PINTURA ,27/05/2025,FERRAMENTAS ESTOQUE,Consumo Oficina,,,,,,,,,,,,,,,,,,Técnico: Fernando Leonel,,,,,,,,Ferramenta,,
1150220934,Furadeira Dewalt 110,27/05/2025,FERRAMENTAS ESTOQUE,Infraestrutura,,,,,,,,,,,,,,,,,,,,,,,,,,Ferramenta,,
1150222159,Lixadeira Dewalt ,27/05/2025,FERRAMENTAS ESTOQUE,Infraestrutura,,,,,,,,,,,,,,,,,,,,,,,,,,Ferramenta,,
1150223246,Furadeira á Bateria ,27/05/2025,FERRAMENTAS ESTOQUE,Infraestrutura,,,,,,,,,,,,,,,,,,,,,,,,,,Ferramenta,,
1150224846,Revolver de pintura de 300ml/baixa pressão,27/05/2025,FERRAMENTAS ESTOQUE,Infraestrutura,,,,,,,,,,,,,,,,,,,,,,,,,,Ferramenta,,
1150225721,Revolver de pintura de 300ml/alta pressão,27/05/2025,FERRAMENTAS ESTOQUE,Infraestrutura,,,,,,,,,,,,,,,,,,,,,,,,,,Ferramenta,,
1150226806,Revolver de pintura de 500ml/alta pressão,27/05/2025,FERRAMENTAS ESTOQUE,Infraestrutura,,,,,,,,,,,,,,,,,,,,,,,,,,Ferramenta,,
1150227823,Lixadeira Rokit ,27/05/2025,FERRAMENTAS ESTOQUE,Infraestrutura,,,,,,,,,,,,,,,,,,,,,,,,,,Ferramenta,,
1150228672,Politriz Dewalt,27/05/2025,FERRAMENTAS ESTOQUE,Infraestrutura,,,,,,,,,,,,,,,,,,,,,,,,,,Ferramenta,,
1150230179,3 macacos pequenos,27/05/2025,FERRAMENTAS ESTOQUE,Infraestrutura,,,,,,,,,,,,,,,,,,,,,,,,,,Ferramenta,,
1150230888,3 macacos grandes,27/05/2025,FERRAMENTAS ESTOQUE,Infraestrutura,,,,,,,,,,,,,,,,,,,,,,,,,,Ferramenta,,
1150232011,Macaco á Jacaré,27/05/2025,FERRAMENTAS ESTOQUE,Infraestrutura,,,,,,,,,,,,,,,,,,,,,,,,,,Ferramenta,,
1150233385,Máquina Pneumatica 3 Quartos,27/05/2025,FERRAMENTAS ESTOQUE,Infraestrutura,,,,,,,,,,,,,,,,,,,,,,,,,,Ferramenta,,
1150234472,Máquina Pneumatica De Meia ,27/05/2025,FERRAMENTAS ESTOQUE,Infraestrutura,,,,,,,,,,,,,,,,,,,,,,,,,,Ferramenta,,
1150235431,Pistola Aerográfica,27/05/2025,FERRAMENTAS ESTOQUE,Infraestrutura,,,,,,,,,,,,,,,,,,,,,,,,,,Ferramenta,,
1153555457,REVOLVER PARA LAVADOR,02/06/2025,FERRAMENTAS ESTOQUE,Consumo Oficina,,,,,,,,,,,,,,,,,,,,,,,,,,Ferramenta,,
1089538753,MANDRIL DE FURADEIRA ,05/03/2025,FERRAMENTAS ESTOQUE,Consumo Oficina,,,,,,,,,,,,,,,,,,,,,,,,,,Peça,,
1288948287,LIMA PARA DESBASTAR ENGRENAGEM,27/01/2026,FERRAMENTAS ESTOQUE,Consumo Oficina,,,,A,1,KMS Ferramentas,,"39,5",https://app.pipefy.com/storage/v1/signed/uploads/de9a161b-276f-4628-9f90-946054c34783/d5cd8f51.ReqFotoNota.132334.jpg?expires_on=1772801602&signature=5TozTgchuDaV27%2BKbRQopXhNAsPzbi74HK61eE1WgfI%3D,60,1288948287,KMS Ferramentas,"39,5",,https://app.pipefy.com/storage/v1/signed/uploads/af6c7026-132a-4593-a5a2-75771607b87c/d5cd8f51.ReqFotoNota.132334.jpg?expires_on=1772801602&signature=nQh3VYf5%2Feqwys5lf%2B0rbBcViLYN2xhgmZadQpszH8U%3D,,"Produtos: Lima enxada 8 chata
Uso geral oficina",Técnico: Fernando Leonel,,,,,,,,Ferramenta,,
1286690492,KIT ELÉTRICO ,23/01/2026,FERRAMENTAS ESTOQUE,Consumo Oficina,,,,,,,,,,,1286690492,Walter Auto Elétrica,"94,9",,https://app.pipefy.com/storage/v1/signed/uploads/f30bd7f3-d2ac-4107-9413-484fcd6261b9/41d347f2.ReqFotoNota.105502.jpg?expires_on=1772801602&signature=zn82VHzGk9S1F6otzbqHXHB3Kb5qKIFU0SnDRZLtmvc%3D,,,,,,,,,,,Ferramenta,,
1280680603,MARCADOR TRAÇO FORTE PARA DESMONTAR MOTOR QUADRICICLO,12/01/2026,FERRAMENTAS ESTOQUE,Consumo Oficina,,,,,,,,,,,1280680603,KMS Ferramentas,18,,https://app.pipefy.com/storage/v1/signed/uploads/cde7a76b-69e1-4c64-a88d-7b710310da69/9e6405c0.ReqFotoNota.201930.jpg?expires_on=1772801602&signature=V%2B0fS7bRdqtzMEgZbazvM%2F3LfAy8vp0pqQoAxiiMqBA%3D,NÃO,,,,,,,,,,Ferramenta,,
1291372832,KIT LIMPEZA CARROS OFICINA,31/01/2026,FERRAMENTAS ESTOQUE,Consumo Oficina,,,,,,,,,,,1291372832,Magic Tintas,212,NOTA FISCAL INELEGIVEL NA FOTO,https://app.pipefy.com/storage/v1/signed/uploads/cbb17fbb-74f0-4d14-8cd7-f5f868b0ba0c/WhatsAppImage2026-01-31at11.41.37.jpeg?expires_on=1772801602&signature=3dAR%2FlCumWCc59iPPjYSaaHuj%2FmL4%2FD%2B%2BkGhugqX%2BMo%3D,SIM,"Produtos:
LIMPA AR CONDICIONADO VINTAGE R$ 80,00
EVOX DUOPLASTIC R$ 49,00
VONIXX HI GICOURO R$  25,00
VONIXX LIMPA VIDROS R$ 18,00
VONIXX SHINY R$40,00",,,,,,,,,Ferramenta,,
1286693409,FIO DE ENERGIA PP,23/01/2026,FERRAMENTAS ESTOQUE,Consumo Oficina,,,,,,,,,,,1286693409,Eletro Service,141,251159,https://app.pipefy.com/storage/v1/signed/uploads/e3acf895-adb0-477a-a685-3963095f6045/5f231412.ReqFotoNota.120544.jpg?expires_on=1772801602&signature=NdDmmh4SWsNXdLL%2F%2BF9j0vHYH6MUfD1%2FLR6%2Br7IsSyE%3D,SIM,,,,,,,,,,Ferramenta,,
1284142079,ENGATE DE ÁGUA PARA WAP OFICINA,19/01/2026,FERRAMENTAS ESTOQUE,Consumo Oficina,,,,,,,,,,,1284142079,Uniparts,10,11831,https://app.pipefy.com/storage/v1/signed/uploads/eae89649-ff28-4b34-af50-d7607fde1a63/nicolasrequisio.pdf?expires_on=1772801602&signature=ilVafS8o37UyKunVc8BF%2FJQDLbueJ8IFljHuCHWxELM%3D,SIM,,,,,,,,,,Peça,,
1283025682,BICO OFICINA QUEBROU,16/01/2026,FERRAMENTAS ESTOQUE,Consumo Oficina,,,,,,,,,,,1283025682,Barrado,43,,https://app.pipefy.com/storage/v1/signed/uploads/f7d36677-d407-402d-b7ec-5b5dc1104363/4d31aad1.ReqFotoNota.193549.jpg?expires_on=1772801602&signature=3DS0Mdd6EmrmGIX1rnp63FNqawJ24eippfCL2zHMhl8%3D,SIM,,,,,,,,,,Peça,,
1295901582,TINTAS PARA FAIXAS OFICINA,10/02/2026,FERRAMENTAS ESTOQUE,Consumo Oficina,,,,,,,,,,,1295901582,Magic Tintas,212,55367,https://app.pipefy.com/storage/v1/signed/uploads/b14758bf-e86f-418e-b787-269a0401d9d0/9629e2eb.ReqFotoNota.1322421.jpg?expires_on=1772801602&signature=QGY9g%2FZE3ZE8rZUGgIKGCBf5MBopL7nbHrY%2BJmmXyRA%3D,SIM,"TINTAS PARA PINTURA NAS FAIXAS DA OFICINA
MAZA DEMARCAÇÃO
CONDOR",,,,,,,,,Ferramenta,,
1295877668,CHAVE ALLEN,10/02/2026,FERRAMENTAS ESTOQUE,Consumo Oficina,,,,,,,,,,,1295877668,KMS Ferramentas,"157,4",38459,https://app.pipefy.com/storage/v1/signed/uploads/2bab6baa-3e33-45c6-b31f-5bbc8f2ce8b2/df5acd53.ReqFotoNota.190224.jpg?expires_on=1772801602&signature=QITrJFZGQ4vSN5NUqC5%2BbxQZMcpfYTiMXrSxobqfbuk%3D,SIM,"Para soltar suporte da alavanca da tração
Chave allen 30 peças
CH combinada/catraca
Uso geral oficina",Técnico: Paulo Motta,,,,,,,,Ferramenta,,
1295949958,THINNER PARA LIMPEZA DO TANQUE E SISTEMA DE ALIMENTAÇÃO,10/02/2026,FERRAMENTAS ESTOQUE,Consumo Oficina,,,,,,,,,,,1295949958,Magic Tintas,204,55419,https://app.pipefy.com/storage/v1/signed/uploads/00f0bdaa-9294-4697-8523-db3ca00b21ca/e9fae9e9.ReqFotoNota.135447.jpg?expires_on=1772801602&signature=cM%2Bt9MNOYu2poTsQpzUZQvqKPShXi3VNW%2FDRSHFKeAA%3D,SIM,ITAQUA THINNER,,,,,,,,,Peça,,
1295908063,PARAFUSO ALTO BROCANTE,10/02/2026,FERRAMENTAS ESTOQUE,Cobrado do Cliente,,,,,,,,,,,1295908063,Arcofel,"137,6",24243,https://app.pipefy.com/storage/v1/signed/uploads/9a126474-9dd1-4605-837e-49c7370816bb/fbc5c6af.ReqFotoNota.173501.jpg?expires_on=1772801602&signature=%2Fa%2BHsHS2IkGTrnzjcm0HAhxixnU407IfwWuwUBZfd6k%3D,SIM,"200 parafusos brocante sextavado
Para serviços em oficina e para serviços clientes(cobrado)",,,,,,,,,Peça,,
1295915016,MANGUEIRA DE AR,10/02/2026,FERRAMENTAS ESTOQUE,Consumo Oficina,,,,,,,,,,,1295915016,Arcofel,"237,5",24243,https://app.pipefy.com/storage/v1/signed/uploads/d999acd8-7393-4114-a6c6-520511048694/fbc5c6af.ReqFotoNota.1735011.jpg?expires_on=1772801602&signature=u9MWbkTUFZigccsPTHrAyi7Xh4Fn9e4lvIwaMmZds%2BQ%3D,SIM,"1 Mangueira Agricola
Para uso da oficina e empresa",,,,,,,,,Peça,,
1292543490,BROCA JOGO,03/02/2026,FERRAMENTAS ESTOQUE,Consumo Oficina,,,,,,,,,,,1292543490,KMS Ferramentas,283,38303,https://app.pipefy.com/storage/v1/signed/uploads/990c1bde-730f-44e5-a8a1-0393dfbc2c91/5f4d6223.ReqFotoNota.124953.jpg?expires_on=1772801602&signature=QGEeSwGVUGOClQ%2Fftrq0LAqEcvRBCowjkUnEL%2B8hYn0%3D,SIM,"Broca para Serviços que sao realizados na Oficina Ou Na Fazenda
BROCA JOGO 19 PEÇAS",,,,,,,,,Ferramenta,,
1292573343,MACACO GARRAFA,03/02/2026,FERRAMENTAS ESTOQUE,Consumo Oficina,,,,,,,,,,,1292573343,KMS Ferramentas,860,5372,https://app.pipefy.com/storage/v1/signed/uploads/2a6b4e52-3798-4bf8-809f-add87ec08166/WhatsAppImage2026-02-03at14.06.30.jpeg?expires_on=1772801602&signature=pXQ71rrjk1nli7rzJF1IWMfKQI4FOhn%2FYpogGVpUkDk%3D,SIM,"Macaco Garrafa 16T
Desconto de 6,21% R$917 -> R$860
autorizado pelo Fernando a pegar
",,,,,,,,,Ferramenta,,
1296774765,2 Chaves philips; 1 Jogo de Chave torque e um pito 3/4 28 (Para a Oficina),12/02/2026,FERRAMENTAS ESTOQUE,Consumo Oficina,,,,,,,,,,,1296774765,KMS Ferramentas,"296,8",38734,https://app.pipefy.com/storage/v1/signed/uploads/d7df965c-ebe1-403a-aa6f-30ded1419635/Image_20260212_0001.pdf?expires_on=1772801602&signature=acQ2fuFKWXWgUEJ0Vd%2B9dISE%2BVHjqk%2FK8y31FyKpHOI%3D,NÃO,"FERRAMENTAS FERNANDINHO:
CHAVE TORX LONGA - 1 JG - R$235
CHAVE PHILLIPS 3/16X4 - 1 UN - R$8,50
CHAVE PHILLIPS 3/16X6 - 1 UN - R$9,90
CHAVE PHILLIPS 1/4X6 - 1 UN - R$12,90
CHAVE FENDA 1/4X10 - 1 UN - R$14,00
CHAVE FENDA 5/16X10 - 1 IN - R$16,50",,,,,,,,,Ferramenta,,
1296795267,SOQ SEXTAVADO LONGO,12/02/2026,FERRAMENTAS ESTOQUE,Consumo Oficina,,,,,,,,,,,1296795267,KMS Ferramentas,177,38734,https://app.pipefy.com/storage/v1/signed/uploads/5ade2fe4-5862-4aab-9fa5-089b464be851/Image_20260212_0001.pdf?expires_on=1772801602&signature=MPGiZDCmv5eqTZ0FfjB5tgCR3BWvZhsZkKoH3eTs%2BoU%3D,SIM,1 SÓQ SEXTAVADO PARA USO GERAL DA OFICINA,,,,,,,,,Ferramenta,,
1296962392,MANGUEIRA OFICINA,12/02/2026,FERRAMENTAS ESTOQUE,Consumo Oficina,,,,,,,,,,,1296962392,KMS Ferramentas,"89,6",5415,https://app.pipefy.com/storage/v1/signed/uploads/7be4c175-7351-4dda-b293-f0322fc376c8/WhatsAppImage2026-02-12at14.22.10.jpeg?expires_on=1772801602&signature=nhiZCjhSaes%2BPfCfEIY0m94g3W80Sc8GFt3WHxQjMQs%3D,SIM,"mangueira para oficina
Pino engate 
Engate rap. rolete
Espig. Fixo Macho Rosca
Uso geral oficina",Técnico: Nicolas Dario,,,,,,,,Ferramenta,,
1297572875,PILHA ALCALINA,13/02/2026,FERRAMENTAS ESTOQUE,Consumo Oficina,,,,,,,,,,,1297572875,Papelaria Cgc,"33,8",5842,https://app.pipefy.com/storage/v1/signed/uploads/c23c0291-ff17-4d0a-ae9c-97fd6531abb6/WhatsAppImage2026-02-13at13.55.351.jpeg?expires_on=1772801602&signature=tEIvUROMa6gAj%2B8yrJF0WR%2BuIHyMV2XhvZ2vwP5EUwY%3D,NÃO,Pilha AAA Palito Alcalina C/04 Und Elgin,,,,,,,,,Ferramenta,,
1298947797,PRENSA DE NIPPE MANGUEIRA DE AR OFICINA,18/02/2026,FERRAMENTAS ESTOQUE,Consumo Oficina,,,,,,,,,,,1298947797,Landico,"59,94",3056,https://app.pipefy.com/storage/v1/signed/uploads/7fb70c77-e6b6-49f3-a426-6f4c06bc4814/WhatsAppImage2026-02-18at14.10.02.jpeg?expires_on=1772801602&signature=nU38dtCytZLZYKzAeMUk1TD%2BZLQau2LVD5ODBLh8pT4%3D,SIM,"CAPA TERMOPLASTICA
SERVIÇO MÃO DE OBRA
Prensado 2 nippes machos e 2 nippes femeas na magueira de ar da oficina",Técnico: Nicolas Dario,,,,,,,,Serviço de Terceiro,,
1298342063,6 LIXA E 1 PRIMMER USO OFICINA,16/02/2026,FERRAMENTAS ESTOQUE,Consumo Oficina,,,,,,,,,,,1298342063,Auto Tintas Piraju LTDA,138,50061,https://app.pipefy.com/storage/v1/signed/uploads/c438f1ca-8803-4ef3-85c3-5a4b6b7c69f7/Image_20260216_0001.pdf?expires_on=1772801602&signature=DF8NJm95jsTPqHLEfdMHzfAI0D6cy83KwjZUw6yEkqo%3D,SIM,,,,,,,,,,Peça,,
1185303401,CAIXA CAMINHONETE NICOLAS,29/07/2025,Negadas,Consumo Oficina,,,,,,,,,,,,,,,,,,,,,,,,,,Ferramenta,,
1185305630,CAIXA DE FERRAMENTA NICOLAS,29/07/2025,Negadas,Consumo Oficina,,,,,,,,,,,,,,,,,,,,,,,,,,Ferramenta,,