ID,Título,Criado em,Fase,Etiquetas,Tipo de requisição,Solicitante,Veículo,Tipo Veicular,Litros Usados,Veiculos,Hodometro,Autorizado Por,Valor (R$),Nº DA NOTA,FORNECEDOR,VALOR DA NOTA,O que está sendo aguardado ou o que estava ?,Categoria
1309681584,"MANUTENÇÃO DOUGRAS EPX5402 - PNEUS, ALINHAMENTO E BALANCEAMENTO",05/03/2026,Aguardando- NF ou Aprovar,Comercial,Veicular,,,Manutenção,,EPX5402,179.628,,,,,,,
1309245964,TROCA DE PNEU DIANTEIRO TT75F,04/03/2026,Custo-Cobrado Cliente,Cobrado do Cliente,Serviço de Terceiro,,,,,,,,,,,,,
1309223905,PRENSA DE MANGUEIRA E PARAFUSOS,04/03/2026,Custo-Cobrado Cliente,Cobrado do Cliente,Serviço de Terceiro,,,,,,,,,,,,,
1309211638,ABASTECIMENTO DOUGRAS EPX5402,04/03/2026,Despesa- Concluida,Comercial,Veicular,,,Abastecimento,,EPX5402,179.000,,,,,,,
1309208871,ABASTECIMENTO DOUGLAS EPX5402,04/03/2026,Despesa- Concluida,Comercial,Veicular,,,Abastecimento,,EPX5402,178.600,,,,,,,
1308515239,ABASTECIMENTO PEDRO PESSOAL,03/03/2026,Aguardando- NF ou Aprovar,Consumo Oficina,Veicular,,,Abastecimento,,,0,,,,,,,
1308471394,5 Litros de Gasolina (Pessoal Fernandinho),03/03/2026,Despesa- Concluida,Consumo Oficina,Serviço de Terceiro,,,,,,,,,,,,,
1308356807,ALMOÇO SILVANA ,03/03/2026,Despesa- Concluida,Consumo Oficina,Alimentação,,,,,,,,,,,,,
1308353414,ALMOÇO SILVANA PEDRO,03/03/2026,Despesa- Concluida,Consumo Oficina,Alimentação,,,,,,,,,,,,,
1308348842,ALMOÇO SILVANA,03/03/2026,Despesa- Concluida,Consumo Oficina,Alimentação,,,,,,,,,,,,,
1308337919,MANUTENÇÃO DLZ1967 COXIM,03/03/2026,Despesa- Concluida,Consumo Oficina,Veicular,,,Manutenção,,DLZ1967,190.452,,,,,,,
1308301188,PARAFUSO SAVEIRO CÂMBIO,03/03/2026,Despesa- Concluida,Consumo Oficina,Veicular,,,Manutenção,,DLZ1967,191.100,,,,,,,
1308123547,Almoço Silvana,03/03/2026,Aguardando- NF ou Aprovar,Consumo Oficina,Alimentação,,,,,,,,,,,,,
1307931486,Folha de Serra- Para uso geral da Oficina,03/03/2026,Aguardando- NF ou Aprovar,Consumo Oficina,Ferramenta,,,,,,,,,,,,,
1307389368,4 PNEUS PARA VOYAGE,02/03/2026,Aguardando- NF ou Aprovar,Comercial,Veicular,,,Manutenção,,SEB9J47,0,,,,,,,
1307325700,GASOLINA QUADRICICLO,02/03/2026,Despesa- Concluida,Comercial,Serviço de Terceiro,,,,,,,,,,,,,
1307305965,MANUTENÇÃO CAMINHÃO EVG,02/03/2026,Despesa- Concluida,Comercial,Veicular,,,Manutenção,,EVG1E67,0,,,,,,,
1307227580,MATERIAL PARA PINTURA FACHADA LOJA,02/03/2026,Despesa- Concluida,Comercial,Ferramenta,,,,,,,,,,,,,
1307193275,MANUTENÇÃO CAMBIO DLZ1967,02/03/2026,Despesa- Concluida,Consumo Oficina,Veicular,,,Manutenção,,DLZ1967,190.452,,,,,,,
1306929555,ABASTECIMENTO POLO,02/03/2026,Despesa- Concluida,Comercial,Veicular,,,Abastecimento,,,0,,,,,,,
1306076208,Gasolina Nicolas,28/02/2026,Aguardando- NF ou Aprovar,Consumo Oficina,Veicular,,,Abastecimento,,,0,,,,,,,
1306038230,"1L DE PRETO CADILAC PU, FUNDO PU E CAIXA DE SPRAY SEMI BRILHO",28/02/2026,Aguardando- NF ou Aprovar,Consumo Oficina,Ferramenta,,,,,,,,,,,,,
1305558876,MANUTENÇÃO S10 DIRETOR,27/02/2026,Despesa- Concluida,Comercial,Veicular,,,Manutenção,,GIH0I50,167.416,,,,,,,
1305420070,REPARO PNEU EPX-5475,27/02/2026,Aguardando- NF ou Aprovar,Consumo Oficina,Veicular,,,Manutenção,,EPX5475,0,,,,,,,
1305191728,ÓLEO 80W90 CARRO ZECA,27/02/2026,Veiculos- Add no Rota Exata,Consumo Oficina,Veicular,,,Manutenção,,DLZ1967,190.356,,,,,,,
1304830543,CONSERTO PNEU AQJ3H59,26/02/2026,Despesa- Concluida,Comercial,Serviço de Terceiro,,,,,,,,,,,,,
1304788559,Abastecimento para o Dougras,26/02/2026,Despesa- Concluida,Comercial,Veicular,,,Abastecimento,,,0,,,,,,,
1304785443,2 Parafuso guia para o cambio-DLZ1967,26/02/2026,Aguardando- NF ou Aprovar,Consumo Oficina,Veicular,,,Manutenção,,DLZ1967,0,,,,,,,
1304731467,KIT EMBREAGEM DLZ1967,26/02/2026,Despesa- Concluida,Consumo Oficina,Veicular,,,Manutenção,,DLZ1967,190.356,,,,,,,
1304700547,ABRAÇADEIRA E MANGUEIRA ANA SILLA,26/02/2026,Custo-Cobrado Cliente,Cobrado do Cliente,Peça,,,,,,,,,,,,,
1303997635,4 METROS DE MAGUEIRA E 10 ABRAÇADEIRAS PARA ANA SILLA (RETROESCAVADEIRA),25/02/2026,Aguardando- NF ou Aprovar,Cobrado do Cliente,Peça,,,,,,,,,,,,,
1303990953,Abastimento para saveiro do Douglas Vendedor,25/02/2026,Despesa- Concluida,Comercial,Veicular,,,Abastecimento,,,0,,,,,,,
1303336572,OLHAL PARA SERVIÇO TRATOR CORCOVIA,24/02/2026,Custo-Cobrado Cliente,Consumo Oficina,Peça,,,,,,,,,,,,,
1303273158,CHUMBINHO SNIPER ,24/02/2026,Despesa- Concluida,Consumo Oficina,Peça,,,,,,,,,,,,,
1303022992,MATERIAL PINTURA PARA BARRACÃO,24/02/2026,Despesa- Concluida,Infraestrutura,Ferramenta,,,,,,,,,,,,,
1302669059,ALMOÇO SILVANA PEDRO ,24/02/2026,Aguardando- NF ou Aprovar,Consumo Oficina,Alimentação,,,,,,,,,,,,,
1302408518,Óleo para o Câmbio do Nicolas,24/02/2026,Aguardando- NF ou Aprovar,Consumo Oficina,Veicular,,,Manutenção,,FXM4G90,0,,,,,,,
1301948059,MATERIAL PINTURA FACHADA LOJA,23/02/2026,Despesa- Concluida,Infraestrutura,Ferramenta,,,,,,,,,,,,,
1301922584,ABASTECIMENTO MOTO PEDRO (IRMÃO DO PAULO),23/02/2026,Aguardando- NF ou Aprovar,Consumo Oficina,Veicular,,,Abastecimento,,,0,,,,,,,
1301724155,RAÇÃO PANDORA SPECIAL DOG,23/02/2026,Despesa- Concluida,Comercial,Alimentação,,,,,,,,,,,,,
1301691841,Aroela do bujão do carter- para trocar o oleo de caminhao,23/02/2026,Despesa- Concluida,Comercial,Veicular,,,Manutenção,,EVG1E67,246.275,,,,,,,
1301564132,PARAFUSO PARA FIXAÇÃO DO RABICHO SW4,23/02/2026,Despesa- Concluida,Comercial,Peça,,,,,,,,,,,,,
1301297078,2L Oleo Motor para a Strada Nicolas,23/02/2026,Aguardando- NF ou Aprovar,Consumo Oficina,Veicular,,,Manutenção,,FXM4G90,0,,,,,,,
1301292371,Abastecimento Saveiro Paulo- (Cartão deu erro),23/02/2026,Aguardando- NF ou Aprovar,Consumo Oficina,Veicular,,,Abastecimento,,TKY6E68,34.969,,,,,,,
1301262185,Parafuso oco 14 MM (Teste Bomba Injetora),23/02/2026,Aguardando- NF ou Aprovar,Consumo Oficina,Peça,,,,,,,,,,,,,
1300780681,CERA PARA CARROS,21/02/2026,Aguardando- NF ou Aprovar,Consumo Oficina,Veicular,,,Manutenção,,,0,,,,,,,
1300759860,MANUTENÇÃO S10,21/02/2026,Despesa- Concluida,Comercial,Veicular,,,Manutenção,,GIH0I50,0,,,,,,,
1300756344,MANUTENÇÃO TRATOR ESTOQUE,21/02/2026,Despesa- Concluida,Comercial,Peça,,,,,,,,,,,,,
1300752748,PARAFUSO PARA TRATOR ADNEI,21/02/2026,Custo-Cobrado Cliente,Cobrado do Cliente,Peça,,,,,,,,,,,,,
1300751301,ABASTECIMENTO CARRO,21/02/2026,Aguardando- NF ou Aprovar,Comercial,Veicular,,,Abastecimento,,,0,,,,,,,
1300071199,Lima Rotativa e Limite para Engraxar (Serviço Edmar Bernardes),20/02/2026,Custo-Cobrado Cliente,GARANTIA,Ferramenta,,,,,,,,,,,,,
1299092620,TINTA CORAL PARA BARRCÃO,18/02/2026,Despesa- Concluida,Comercial,Ferramenta,,,,,,,,,,,,,
1298982486,PRENSA DE MANGUEIRA TRATOR LOJA,18/02/2026,Despesa- Concluida,Comercial,Serviço de Terceiro,,,,,,,,,,,,,
1298964890,PRENSA DE MANGUEIRA TRATOR ESTOQUE,18/02/2026,Despesa- Concluida,Comercial,Serviço de Terceiro,,,,,,,,,,,,,
1298947797,PRENSA DE NIPPE MANGUEIRA DE AR OFICINA,18/02/2026,FERRAMENTAS ESTOQUE,Consumo Oficina,Serviço de Terceiro,"[""Técnico: Nicolas Dario""]",,,,,,,,,,,,
1298747771,Abastecimento polo,18/02/2026,Despesa- Concluida,Comercial,Veicular,,,Abastecimento,,,0,,,,,,,
1298342063,6 LIXA E 1 PRIMMER  ,16/02/2026,FERRAMENTAS ESTOQUE,Consumo Oficina,Peça,,,,,,,,,,,,,
1298333008,REQUISIÇÃO ALMOÇO PARA ENTREGA,16/02/2026,Despesa- Concluida,Comercial,Alimentação,,,,,,,,,,,,,
1298309546,Desbastar a campana da Montana- Processo de Passe ,16/02/2026,Aguardando- NF ou Aprovar,Consumo Oficina,Veicular,,,Manutenção,,FHY8D25,240.000,,,,,,,
1298263552,ALMOÇO SILVANA PEDRO,16/02/2026,Aguardando- NF ou Aprovar,Consumo Oficina,Alimentação,,,,,,,,,,,,,
1297895528,Verniz para Vectra (do Paulo),14/02/2026,Aguardando- NF ou Aprovar,Consumo Oficina,Peça,,,,,,,,,,,,,
1297887073,PROBLEMA RODA BICICLETA,14/02/2026,Aguardando- NF ou Aprovar,Consumo Oficina,Serviço de Terceiro,,,,,,,,,,,,,
1297745959,TINTA LAZZUDUR,13/02/2026,Despesa- Concluida,Consumo Oficina,Ferramenta,,,,,,,,,,,,,
1297743598,SERVIÇO DE ADAPTAÇÃO INJETOR,13/02/2026,Despesa- Concluida,Comercial,Serviço de Terceiro,,,,,,,,,,,,,
1297739860,TUBO NYLON S10,13/02/2026,Despesa- Concluida,Comercial,Peça,,,,,,,,,,,,,
1297736332,MANGUEIRA DIESEL LOJA,13/02/2026,Despesa- Concluida,Comercial,Serviço de Terceiro,,,,,,,,,,,,,
1297698899,1 VARETA LATAO PARA SOLDA DE CONEXÃO,13/02/2026,Despesa- Concluida,Comercial,Ferramenta,,,,,,,,,,,,,
1297626346,CONECTOR S10 FERNANDO,13/02/2026,Despesa- Concluida,Comercial,Peça,,,,,,,,,,,,,
1297572875,PILHA ALCALINA,13/02/2026,FERRAMENTAS ESTOQUE,Consumo Oficina,Ferramenta,,,,,,,,,,,,,
1297555493,ALMOÇO GABRIEL,13/02/2026,Despesa- Concluida,Consumo Oficina,Alimentação,,,,,,,,,,,,,
1297399320,TROCA DO PISTÃO PULVERIZADOR ECO RANGER 2000 CLIENTE AFONSO,13/02/2026,Aguardando- NF ou Aprovar,Comercial,Peça,,,,,,,,,,,,,
1297353701,Abastecimento Polo,13/02/2026,Despesa- Concluida,Comercial,Veicular,,,Abastecimento,,,0,,,,,,,
1297338995,4 Parafusos e Porca para fixar o Conjunto Frontal (Dona Flora-PPO 79),13/02/2026,Aguardando- NF ou Aprovar,Cobrado do Cliente,Peça,,,,,,,,,,,,,
1297121005,ABASTECIMENTO MOTO PEDRO,12/02/2026,Despesa- Concluida,Consumo Oficina,Veicular,,,Abastecimento,,,0,,,,,,,
1297091896,TINTA PARA CARRO DO PAULO,12/02/2026,Despesa- Concluida,Consumo Oficina,Veicular,,,Manutenção,,,0,,,,,,,
1297074676,MANUTENÇÃO ROÇADEIRA LOJA,12/02/2026,Despesa- Concluida,Comercial,Serviço de Terceiro,,,,,,,,,,,,,
1297000372,REBITE PRA FIXAÇÃO DA CHAVE DO TUMTUM,12/02/2026,Despesa- Concluida,Comercial,Peça,,,,,,,,,,,,,
1296962392,MANGUEIRA OFICINA,12/02/2026,FERRAMENTAS ESTOQUE,Consumo Oficina,Ferramenta,"[""Técnico: Nicolas Dario""]",,,,,,,,,,,,
1296917931,MANUTENÇÃO FXM4G90,12/02/2026,Veiculos- Add no Rota Exata,Consumo Oficina,Veicular,,,Manutenção,,FXM4G90,249.978,,,,,,,
1296905570,Pilha 3A para teclado Pós Vendas,12/02/2026,Aguardando- NF ou Aprovar,Consumo Oficina,Material Escritorio,,,,,,,,,,,,,
1296848782,Parafusos no Koba para o 5050 da loja,12/02/2026,Aguardando- NF ou Aprovar,Comercial,Peça,,,,,,,,,,,,,
1296837965,MANUTENÇÃO AR CONDICIONADO MARIA BEATRIZ,12/02/2026,Aguardando- NF ou Aprovar,Consumo Oficina,Serviço de Terceiro,,,,,,,,,,,,,
1296833157,MANUTENÇÃO AR CONDICIONADO MARIA BEATRIZ,12/02/2026,Custo-Cobrado Cliente,Consumo Oficina,Serviço de Terceiro,,,,,,,,,,,,,
1296795267,SOQ SEXTAVADO LONGO,12/02/2026,FERRAMENTAS ESTOQUE,Consumo Oficina,Ferramenta,,,,,,,,,,,,,
1296774765,2 Chaves philips; 1 Jogo de Chave torque e um pito 3/4 28 (Para a Oficina),12/02/2026,FERRAMENTAS ESTOQUE,Consumo Oficina,Ferramenta,,,,,,,,,,,,,
1296236454,6 Parafuso 16 MM para o Adnei Veiga,11/02/2026,Custo-Cobrado Cliente,Cobrado do Cliente,Peça,,,,,,,,,,,,,
1296230908,Rele Auxiliar Para o Jose Tarcisio Faulim,11/02/2026,Custo-Cobrado Cliente,Cobrado do Cliente,Peça,,,,,,,,,,,,,
1296048162,TROCAS DE PNEU EVG1E67,10/02/2026,Despesa- Concluida,Comercial,Veicular,,,Manutenção,,EVG1E67,0,,,,,,,
1296042722,PARAFUSO S10 FERNANDO,10/02/2026,Despesa- Concluida,Comercial,Peça,,,,,,,,,,,,,
1296008169,Macho Para fazer a Rosca Chassis da S10,10/02/2026,Despesa- Concluida,Comercial,Ferramenta,,,,,,,,,,,,,
1295955441,RETOQUE NAS RODAS DOS TRATORES DO ESTOQUE,10/02/2026,Despesa- Concluida,Comercial,Peça,,,,,,,,,,,,,
1295949958,THINNER PARA LIMPEZA DO TANQUE E SISTEMA DE ALIMENTAÇÃO,10/02/2026,FERRAMENTAS ESTOQUE,Consumo Oficina,Peça,,,,,,,,,,,,,
1295939255,SERVIÇO PNEU ATJ6211,10/02/2026,Despesa- Concluida,Comercial,Veicular,,,Manutenção,,ATJ6211,565.394,,,,,,,
1295931820,TROCAR PARAFUSO JIVO,10/02/2026,Despesa- Concluida,Consumo Oficina,Peça,,,,,,,,,,,,,
1295925644,REFEIÇÃO LUIZ FERNANDO,10/02/2026,Despesa- Concluida,Comercial,Alimentação,,,,,,,,,,,,,
1295922507,ABASTECIMENTO PARA POLO ZÉ ANGELO,10/02/2026,Despesa- Concluida,Comercial,Veicular,,,Abastecimento,,,0,,,,,,,
1295915016,MANGUEIRA DE AR,10/02/2026,FERRAMENTAS ESTOQUE,Consumo Oficina,Peça,,,,,,,,,,,,,
1295908063,PARAFUSO ALTO BROCANTE,10/02/2026,FERRAMENTAS ESTOQUE,Cobrado do Cliente,Peça,,,,,,,,,,,,,
1295901582,TINTAS PARA FAIXAS OFICINA,10/02/2026,FERRAMENTAS ESTOQUE,Consumo Oficina,Ferramenta,,,,,,,,,,,,,
1295877668,CHAVE ALLEN,10/02/2026,FERRAMENTAS ESTOQUE,Consumo Oficina,Ferramenta,"[""Técnico: Paulo Motta""]",,,,,,,,,,,,
1295399938,TROCA DE PNEU DIANTEIRO TRATOR LOJA,09/02/2026,Despesa- Concluida,Comercial,Serviço de Terceiro,,,,,,,,,,,,,
1294684528,BUCHA NYLON BIPARTIDA VOLANTE QUADRICICLO,07/02/2026,Custo-Cobrado Cliente,Consumo Oficina,Serviço de Terceiro,,,,,,,,,,,,,
1294549357,ABASTECIMENTO MOTO PEDRO,06/02/2026,Despesa- Concluida,Consumo Oficina,Veicular,,,Abastecimento,,,0,,,,,,,
1294433312,REVISÃO 500H STRONGER 3200HD,06/02/2026,Custo-Cobrado Cliente,Cobrado do Cliente,Serviço de Terceiro,,,,,,,,,,,,,
1294425799,10 BLOCOS DE RELATÓRIOS,06/02/2026,Despesa- Concluida,Consumo Oficina,Material Escritorio,,,,,,,,,,,,,
1294247485,BOMBA TRANSMISSÃO E PONTEIRA DA BARRA,06/02/2026,Custo-Cobrado Cliente,GARANTIA,Serviço de Terceiro,,,,,,,,,,,,,
1293995681,SERVIÇO MANUTENÇÃO TL 95,05/02/2026,Custo-Cobrado Cliente,Cobrado do Cliente,Serviço de Terceiro,,,,,,,,,,,,,
1293884943,MANUTENÇÃO FHY8D25,05/02/2026,Veiculos- Add no Rota Exata,Consumo Oficina,Veicular,,,Manutenção,,FHY8D25,,,,,,,,
1293867429,DIMINUIR MEDIDA DA BUCHA DO CUBO,05/02/2026,Custo-Cobrado Cliente,Cobrado do Cliente,Serviço de Terceiro,,,,,,,,,,,,,
1293864369,EIXO GUIA DE CONJUNTO DE CRUZETA PARA FAZER MONTAGEM DA INSILADEIRA,05/02/2026,Custo-Cobrado Cliente,GARANTIA,Serviço de Terceiro,,,,,,,,,,,,,
1293819979,ANEL ORING NICOLAS,05/02/2026,Custo-Cobrado Cliente,Consumo Oficina,Peça,,,,,,,,,,,,,
1293816399,ANEL ORING ,05/02/2026,Despesa- Concluida,Consumo Oficina,Peça,,,,,,,,,,,,,
1293405827,SERVIÇO EIXO CARRETA,04/02/2026,Despesa- Concluida,Comercial,Serviço de Terceiro,,,,,,,,,,,,,
1293398804,ALMOÇO TIO TOKO,04/02/2026,Despesa- Concluida,Consumo Oficina,Alimentação,,,,,,,,,,,,,
1293390781,ALMOÇO TIO TOKO PAULO,04/02/2026,Despesa- Concluida,Consumo Oficina,Alimentação,,,,,,,,,,,,,
1293383147,ALMOÇO TIO TOKO VENDEDOR LEONARDO,04/02/2026,Despesa- Concluida,Comercial,Alimentação,,,,,,,,,,,,,
1293378119,ALMOÇO TIO TOKO NICOLAS DARIO,04/02/2026,Despesa- Concluida,Consumo Oficina,Alimentação,,,,,,,,,,,,,
1293360272,ALMOÇO TIO TOKO NICOLAS,04/02/2026,Despesa- Concluida,Consumo Oficina,Alimentação,,,,,,,,,,,,,
1293341373,TROCA BUCHA ATJ6211,04/02/2026,Despesa- Concluida,Consumo Oficina,Veicular,,,Manutenção,,ATJ6211,0,,,,,,,
1293228304,CINTA AMARRAÇÃO,04/02/2026,Despesa- Concluida,Comercial,Ferramenta,,,,,,,,,,,,,
1293174341,Troca de Pneus da Strada,04/02/2026,Aguardando- NF ou Aprovar,Consumo Oficina,Veicular,,,Manutenção,,FXM4G90,250.00,,,,,,,
1293172731,Troca de Pneus Montana,04/02/2026,Aguardando- NF ou Aprovar,Consumo Oficina,Veicular,,,Manutenção,,FHY8D25,0,,,,,,,
1292736468,BOTA PARA GABRIEL,03/02/2026,Despesa- Concluida,Consumo Oficina,Ferramenta,,,,,,,,,,,,,
1292580499,SERVIÇO TRATOR OLINTO,03/02/2026,Custo-Cobrado Cliente,Cobrado do Cliente,Peça,,,,,,,,,,,,,
1292573343,MACACO GARRAFA,03/02/2026,FERRAMENTAS ESTOQUE,Consumo Oficina,Ferramenta,,,,,,,,,,,,,
1292546854,REFEIÇÃO TIO TOKO,03/02/2026,Despesa- Concluida,Consumo Oficina,Alimentação,,,,,,,,,,,,,
1292543490,BROCA JOGO,03/02/2026,FERRAMENTAS ESTOQUE,Consumo Oficina,Ferramenta,,,,,,,,,,,,,
1292177847,VASSOURA PARA OFICINA,02/02/2026,Despesa- Concluida,Consumo Oficina,Ferramenta,,,,,,,,,,,,,
1291972729,FEITO FUROS COM ROSCA NO CARDAN PARA USAR DE TRAVA,02/02/2026,Custo-Cobrado Cliente,GARANTIA,Serviço de Terceiro,,,,,,,,,,,,,
1291372832,KIT LIMPEZA CARROS OFICINA,31/01/2026,FERRAMENTAS ESTOQUE,Consumo Oficina,Ferramenta,,,,,,,,,,,,,
1291033141,PEÇAS HILUX FERNANDO CAMINHONETE,30/01/2026,Despesa- Concluida,Comercial,Peça,,,,,,,,,,,,,
1291011981,SPRAY PARA RETOQUE DE TRATOR OFICINA,30/01/2026,Despesa- Concluida,Consumo Oficina,Ferramenta,,,,,,,,,,,,,
1290588769,PARAFUSO PARA CORTA CAPIM FRUTAP,29/01/2026,Despesa- Concluida,Comercial,Peça,,,,,,,,,,,,,
1290579519,ELETRODO PARA SOLDAR EQUIPAMENTO CASALE,29/01/2026,Custo-Cobrado Cliente,Cobrado do Cliente,Peça,,,,,,,,,,,,,
1290575400,ALMOÇO LUIZ FERNANDO VIAGEM FARTURA,29/01/2026,Despesa- Concluida,Comercial,Alimentação,,,,,,,,,,,,,
1290555523,FEITO MANGUEIRA PRENSADA TRATOR LOJA,29/01/2026,Despesa- Concluida,Comercial,Serviço de Terceiro,,,,,,,,,,,,,
1290432502,SERVIÇO MONTANA FHY8D25,29/01/2026,Despesa- Concluida,Consumo Oficina,Veicular,,,Manutenção,,FHY8D25,163.760,,,,,,,
1289749983,ALMOÇO TIO TOKO PAULO E PEDRO,28/01/2026,Despesa- Concluida,Consumo Oficina,Alimentação,,,,,,,,,,,,,
1288948287,LIMA PARA DESBASTAR ENGRENAGEM,27/01/2026,FERRAMENTAS ESTOQUE,Consumo Oficina,Ferramenta,"[""Técnico: Fernando Leonel""]",,,,,,,,,,,,
1288848108,SERVIÇO TRATOR AR CONDICIONADO,27/01/2026,Despesa- Concluida,Comercial,Serviço de Terceiro,,,,,,,,,,,,,
1287130523,Lâmpada para trator Maysa,24/01/2026,Custo-Cobrado Cliente,Cobrado do Cliente,Peça,,,,,,,,,,,,,
1286805766,SERVIÇO EM CAMARA DE AR E MONTAGEM DE PNEU,23/01/2026,Despesa- Concluida,Consumo Oficina,Veicular,,,Manutenção,,DLZ1967,191256,,,,,,,
1286804342,4 MONTAGEM DE PNEUS,23/01/2026,Despesa- Concluida,Comercial,Serviço de Terceiro,,,,,,,,,,,,,
1286697240,ABASTECIMENTO CARRO JOSÉ ANGELO,23/01/2026,Despesa- Concluida,Comercial,Veicular,,,Abastecimento,,,0,,,,,,,
1286693409,FIO DE ENERGIA PP,23/01/2026,FERRAMENTAS ESTOQUE,Consumo Oficina,Ferramenta,,,,,,,,,,,,,
1286690492,KIT ELÉTRICO ,23/01/2026,FERRAMENTAS ESTOQUE,Consumo Oficina,Ferramenta,,,,,,,,,,,,,
1286682927,"MANGUEIRA, TRATOR PEGANDO AR",23/01/2026,Despesa- Concluida,Consumo Oficina,Peça,,,,,,,,,,,,,
1286036315,COMPRA DE MATERIAIS DE PINTURA E POLIMENTO,22/01/2026,Despesa- Concluida,Comercial,Ferramenta,,,,,,,,,,,,,
1285993566,PARA PINTAR FACHADA,22/01/2026,Despesa- Concluida,Comercial,Ferramenta,,,,,,,,,,,,,
1285989708,CORAL CORALIT,22/01/2026,Despesa- Concluida,Comercial,Ferramenta,,,,,,,,,,,,,
1285959580,BARRA ESTABILIZADORA PARA CONJUNTO FRONTAL,22/01/2026,Despesa- Concluida,Consumo Oficina,Serviço de Terceiro,,,,,,,,,,,,,
1285953281,FAZER DOIS CALÇOS SISTEMA VAGÃO HARAMAQ,22/01/2026,Custo-Cobrado Cliente,Consumo Oficina,Serviço de Terceiro,,,,,,,,,,,,,
1285907811,"INJETAR ROSCA PINÇA FREIO, FAZER PARAFUSO DE PSASAGEM ÓLEO DE FREIO MOTO ELÉTRICA",22/01/2026,Despesa- Concluida,Comercial,Serviço de Terceiro,,,,,,,,,,,,,
1285876900,SACADOR KIT EMBREAGEM QUADRICICLO,22/01/2026,Custo-Cobrado Cliente,Consumo Oficina,Serviço de Terceiro,,,,,,,,,,,,,
1285873647,SACAR 2 PARAFUSOS COLETOR DO CAMINHÃO MULK,22/01/2026,Despesa- Concluida,Comercial,Serviço de Terceiro,,,,,,,,,,,,,
1285862877,ENDIREITAR COM AJUDA DA PRENSA E TORNO EIXO DA BOMBA,22/01/2026,Despesa- Concluida,Consumo Oficina,Serviço de Terceiro,,,,,,,,,,,,,
1285840516,AR CONDICIONADO CABINE ,22/01/2026,Custo-Cobrado Cliente,Cobrado do Cliente,Serviço de Terceiro,,,,,,,,,,,,,
1285831475,DISCO DE FRICÇÃO PARA SERVIÇO CARDAN ,22/01/2026,Custo-Cobrado Cliente,Cobrado do Cliente,Peça,,,,,,,,,,,,,
1285332407,REVISÃO CARRO TKY6E68,21/01/2026,Despesa- Concluida,Consumo Oficina,Veicular,,,Manutenção,,TKY6E68,31.373,,,,,,,
1285261880,DESPESA CAMINHÃO MUCK,21/01/2026,Despesa- Concluida,Comercial,Peça,,,,,,,,,,,,,
1285248339,MANUTENÇÃO IMPRESSORA ZEZO,21/01/2026,Despesa- Concluida,Comercial,Serviço de Terceiro,,,,,,,,,,,,,
1285214922,SERVIÇO DE LIMPEZA E SOLDA DE RADIADOR TRATOR MAHINDRA,21/01/2026,Custo-Cobrado Cliente,Cobrado do Cliente,Serviço de Terceiro,,,,,,,,,,,,,
1284991867,MANGUEIRA 1 TRAMA 3/8 - H LEMMAN; OLHAL 3/4 X 1/4; CAPA 1 TRAMA 3/8 e MANGUEIRA 1 TRAMA 3/8 - H LEMMAN,21/01/2026,Despesa- Concluida,GARANTIA,Peça,,,,,,,,,,,,,
1284143579,CONSERTO DE VAZAMENTO,19/01/2026,Custo-Cobrado Cliente,Consumo Oficina,Serviço de Terceiro,,,,,,,,,,,,,
1284142079,ENGATE DE ÁGUA PARA WAP OFICINA,19/01/2026,FERRAMENTAS ESTOQUE,Consumo Oficina,Peça,,,,,,,,,,,,,
1284125319,ABASTECIMENTO TRATOR LOJA,19/01/2026,Despesa- Concluida,Comercial,Serviço de Terceiro,,,Abastecimento,,,,,,,,,,
1283184620,ABASTECIMENTO PARA MOTO,17/01/2026,Despesa- Concluida,Consumo Oficina,Veicular,,,Abastecimento,,,0,,,,,,,
1283156743,SERVIÇO FXM4G90,17/01/2026,Despesa- Concluida,Consumo Oficina,Veicular,,,Manutenção,,FXM4G90,244.720,,,,,,,
1283152661,ALINHAMENTO DIREÇÃO DLZ1967,17/01/2026,Despesa- Concluida,Consumo Oficina,Veicular,,,Manutenção,,DLZ1967,190.033,,,,,,,
1283025682,BICO OFICINA QUEBROU,16/01/2026,FERRAMENTAS ESTOQUE,Consumo Oficina,Peça,,,,,,,,,,,,,
1283024271,FUNILARIA DO CAPÔ E PARA LAMAS,16/01/2026,Despesa- Concluida,Comercial,Ferramenta,,,,,,,,,,,,,
1283014831,REFEIÇÃO LUIZ FERNANDO,16/01/2026,Despesa- Concluida,Comercial,Alimentação,,,,,,,,,,,,,
1283012932,SERVIÇO PARA MELHORIA E NÃO OCASIONAR VAZAMENTO,16/01/2026,Despesa- Concluida,GARANTIA,Serviço de Terceiro,,,,,,,,,,,,,
1283006509,MANGUEIRA DIESEL TRATOR CLIENTE,16/01/2026,Despesa- Concluida,GARANTIA,Serviço de Terceiro,,,,,,,,,,,,,
1283005178,ABASTECIMENTO FXM4G90,16/01/2026,Despesa- Concluida,Consumo Oficina,Veicular,,,Abastecimento,,FXM4G90,247.534,,,,,,,
1283001275,SANGRAR BURRINHO DE EMBREAGEM,16/01/2026,Despesa- Concluida,Comercial,Serviço de Terceiro,,,,,,,,,,,,,
1282994568,ABASTECIMENTO FHY8D25,16/01/2026,Aguardando- NF ou Aprovar,Consumo Oficina,Veicular,,,Abastecimento,,FHY8D25,0,,,,,,,
1282994169,ABASTECIMENTO TKY6E68,16/01/2026,Aguardando- NF ou Aprovar,Consumo Oficina,Veicular,,,Abastecimento,,TKY6E68,0,,,,,,,
1282991577,15L PARA TRATOR LOJA,16/01/2026,Despesa- Concluida,Comercial,Serviço de Terceiro,,,,,,,,,,,,,
1282955336,ALMOÇO TIO TOKO,16/01/2026,Despesa- Concluida,Consumo Oficina,Alimentação,,,,,,,,,,,,,
1282954185,ALMOÇO TIO TOKO PAULO E NICOLAS,16/01/2026,Despesa- Concluida,Consumo Oficina,Alimentação,,,,,,,,,,,,,
1282947915,BLOCO DE NOTAS,16/01/2026,Despesa- Concluida,Consumo Oficina,Material Escritorio,,,,,,,,,,,,,
1282443262,TROCA PEÇAS GARANTIA,15/01/2026,Despesa- Concluida,Consumo Oficina,Serviço de Terceiro,,,,,,,,,,,,,
1282423261,TROCA DE PEÇA GARANTIA,15/01/2026,Despesa- Concluida,Consumo Oficina,Peça,,,,,,,,,,,,,
1282400449,REPARO DE BICICLETA OFICINA,15/01/2026,Despesa- Concluida,Consumo Oficina,Serviço de Terceiro,,,,,,,,,,,,,
1281957288,TIRAR VAZAMENTO DO COMANDO DO OJA,14/01/2026,Despesa- Concluida,Comercial,Serviço de Terceiro,,,,,,,,,,,,,
1281954015,ABASTECIMENTO FHY8D25,14/01/2026,Despesa- Concluida,Consumo Oficina,Veicular,,,Abastecimento,,FHY8D25,162.844,,,,,,,
1281951253,TINTA PRETA PARA RETOCAR TRATOR,14/01/2026,Despesa- Concluida,Comercial,Ferramenta,,,,,,,,,,,,,
1281949581,PORTA ELETRODO,14/01/2026,Custo-Cobrado Cliente,Consumo Oficina,Ferramenta,,,,,,,,,,,,,
1281948453,ABASTECIMENTO FXM4G90,14/01/2026,Despesa- Concluida,Consumo Oficina,Veicular,,,Abastecimento,,FXM4G90,247.243,,,,,,,
1281273683,DESMONTAGEM DO PNEU STRONGER HD,13/01/2026,Custo-Cobrado Cliente,Comercial,Serviço de Terceiro,,,,,,,,,,,,,
1281229956,LAMPADA QUEIMADA,13/01/2026,Despesa- Concluida,Comercial,Serviço de Terceiro,,,,,,,,,,,,,
1281224276,FAZER ROSCA PARA RECUPERAR PEÇA,13/01/2026,Despesa- Concluida,Comercial,Peça,,,,,,,,,,,,,
1281160372,ABRAÇADEIRA PARA 9500 DO JUCA,13/01/2026,Despesa- Concluida,Comercial,Peça,,,,,,,,,,,,,
1281131592,REMOÇÃO DE 2 TERMINAIS DE DIREÇÃO COM MAÇARICO E INSTALAÇÃO DE TERMINAIS NOVOS,13/01/2026,Despesa- Concluida,Comercial,Serviço de Terceiro,,,,,,,,,,,,,
1281125444,FABRICAÇÃO DE SUPORTE PARA ENGATE NO HIDRÁULICO (RABICHO PARA EMBARCAÇÃO VENTURA)),13/01/2026,Despesa- Concluida,Comercial,Serviço de Terceiro,,,,,,,,,,,,,
1281121654,TROCAR BUCHA EIXO ESTRIADO JIVO,13/01/2026,Custo-Cobrado Cliente,Consumo Oficina,Serviço de Terceiro,,,,,,,,,,,,,
1281119489,SOLDA E RETIRADA DE 3 PARAFUSOS DO BLOCO DO MOTOR - PULVERIZADOR KUHN,13/01/2026,Custo-Cobrado Cliente,Consumo Oficina,Serviço de Terceiro,,,,,,,,,,,,,
1281115116,"SERVIÇOS DE ADAPTAÇÃO EM CARRETA DE REBOQUE (SUPORTE DE TOMADA, CALÇO DE FREIO E CORTE DE CHAPA) CARRETA DO FERNANDO DIRETOR",13/01/2026,Despesa- Concluida,Comercial,Serviço de Terceiro,,,,,,,,,,,,,
1281111169,SOLDAR 2 SUPORTE ALTERNADOR,13/01/2026,Despesa- Concluida,Consumo Oficina,Serviço de Terceiro,,,,,,,,,,,,,
1280687988,MUDANÇA DE PESO,12/01/2026,Despesa- Concluida,Comercial,Serviço de Terceiro,,,,,,,,,,,,,
1280680603,MARCADOR TRAÇO FORTE PARA DESMONTAR MOTOR QUADRICICLO,12/01/2026,FERRAMENTAS ESTOQUE,Consumo Oficina,Ferramenta,,,,,,,,,,,,,
1280559278,PORCA PARLOCK OU TORQUE PARA TRATOR,12/01/2026,Despesa- Concluida,Comercial,Peça,,,,,,,,,,,,,
1280496927,ABASTECIMENTO TKY6E68,12/01/2026,Despesa- Concluida,Consumo Oficina,Veicular,,,Abastecimento,,TKY6E68,29.990,,,,,,,
1280480870,ABASTECIMENTO EPX5253 JOSÉ ANGELO,12/01/2026,Despesa- Concluida,Comercial,Veicular,,,Abastecimento,,EPX5253,0,,,,,,,
1279855017,ABASTECIMENTO QUADRICICLO DEMONSTRAÇÃO,10/01/2026,Despesa- Concluida,Comercial,Serviço de Terceiro,,,,,,,,,,,,,
1279809510,VULCANIZAÇÃO PNEU VOYAGE,10/01/2026,Veiculos- Add no Rota Exata,Comercial,Veicular,,,Manutenção,,SEC1F03,61.414,,,,,,,
1279535227,ARRUMAR FAROL DA CAMINHONETE,09/01/2026,Despesa- Concluida,Consumo Oficina,Veicular,,,Manutenção,,FXM4G90,249878.0,,,,,,,
1279531699,ABASTECIMENTO TKY6E68,09/01/2026,Despesa- Concluida,Consumo Oficina,Veicular,,,Abastecimento,,TKY6E68,29.614,,,,,,,
1279493113,LUBRIFICANTE SHELL HELIX ,09/01/2026,Despesa- Concluida,Consumo Oficina,Veicular,,,Manutenção,,FXM4G90,249678.0,,,,,,,
1279090913,"GASOLINA 10L PARA DEMONSTRAÇÃO  550 PRO MAX,  SUZUKI 420",08/01/2026,Despesa- Concluida,Comercial,Serviço de Terceiro,,,,,,,,,,,,,
1279087235,ABASTECIMENTO FXM4G90,08/01/2026,Despesa- Concluida,Consumo Oficina,Veicular,,,Abastecimento,,FXM4G90,246.951,,,,,,,
1278999175,ALMOÇO TIO TOKO MOTORISTA,08/01/2026,Despesa- Concluida,Comercial,Alimentação,,,,,,,,,,,,,
1278996652,ABASTECIMENTO EVG1E67,08/01/2026,Despesa- Concluida,Comercial,Veicular,,,Abastecimento,,EVG1E67,243.904,,,,,,,
1278967192,ALMOÇO PARA IR DEMONSTRAÇÃO TRITUCAP,08/01/2026,Despesa- Concluida,Consumo Oficina,Alimentação,,,,,,,,,,,,,
1278912152,ALMOÇO TIO TOKO PAULO,08/01/2026,Despesa- Concluida,Consumo Oficina,Alimentação,,,,,,,,,,,,,
1278908770,ALMOÇO TIO TOKO NICOLAS ,08/01/2026,Despesa- Concluida,Consumo Oficina,Alimentação,,,,,,,,,,,,,
1278362979,ABASTECIMENTO TKC5D99,07/01/2026,Despesa- Concluida,Consumo Oficina,Veicular,,,Abastecimento,,TKC5D99,19.180,,,,,,,
1278360569,PARAFUSO ROÇADEIRA FRUTAP,07/01/2026,Custo-Cobrado Cliente,Consumo Oficina,Peça,,,,,,,,,,,,,
1278354125,ARRUELA PARA EIXO DO SUPORTE FACA,07/01/2026,Custo-Cobrado Cliente,Cobrado do Cliente,Serviço de Terceiro,,,,,,,,,,,,,
1278352553,LUVA PELICA E OCULOS CAPRI KALIPSO,07/01/2026,Despesa- Concluida,Comercial,Ferramenta,,,,,,,,,,,,,
1278350675,VEDAÇÃO,07/01/2026,Despesa- Concluida,Comercial,Peça,,,,,,,,,,,,,
1278341572,ABASTECIMENTO EPX5475,07/01/2026,Despesa- Concluida,Consumo Oficina,Veicular,,,Abastecimento,,EPX5475,275.275,,,,,,,
1278300519,MANUTENÇÃO SEB9J47,07/01/2026,Despesa- Concluida,Comercial,Veicular,,,Manutenção,,SEB9I75,100.254,,,,,,,
1278296619,MANUTENÇÃO SEB9I75,07/01/2026,Despesa- Concluida,Comercial,Veicular,,,Manutenção,,SEB9I75,100.253,,,,,,,
1278286138,ABASTECIMENTO TKY6E68,07/01/2026,Despesa- Concluida,Consumo Oficina,Veicular,,,Abastecimento,,TKY6E68,29.229,,,,,,,
1278279824,ABASTECIMENTO FXM4G90,07/01/2026,Despesa- Concluida,Consumo Oficina,Veicular,,,Abastecimento,,FXM4G90,246424,,,,,,,
1278267726,SERVIÇO NO TRATOR 6075 FAZENDA SANTA RITA,07/01/2026,Despesa- Concluida,Consumo Oficina,Serviço de Terceiro,,,,,,,,,,,,,
1277685622,VAZAMENTO,06/01/2026,Custo-Cobrado Cliente,Cobrado do Cliente,Serviço de Terceiro,,,,,,,,,,,,,
1277634678,ADAPTAÇÃO DE FILTRO,06/01/2026,Despesa- Concluida,Comercial,Peça,,,,,,,,,,,,,
1277622476,10L GASOLINA QUADRI,06/01/2026,Despesa- Concluida,Comercial,Serviço de Terceiro,,,Abastecimento,,,0,,,,,,,
1276210859,Prensar Mangueira para Carlos Fernando Basile,05/01/2026,Aguardando- NF ou Aprovar,Cobrado do Cliente,Serviço de Terceiro,,,,,,,,,,,,,
1275805463,ABASTECIMENTO POLO JOSÉ ANGELO,03/01/2026,Despesa- Concluida,Comercial,Veicular,,,Abastecimento,,,0,,,,,,,
1275705411,ABRAÇADEIRA,02/01/2026,Despesa- Concluida,Consumo Oficina,Peça,,,,,,,,,,,,,
1275640939,ABASTECIMENTO FXM4G90,02/01/2026,Despesa- Concluida,Consumo Oficina,Veicular,,,Abastecimento,,FXM4G90,245.965,,,,,,,
1275639668,ABASTECIMENTO TKC5D99,02/01/2026,Despesa- Concluida,Consumo Oficina,Veicular,,,Abastecimento,,TKC5D99,18.748,,,,,,,
1275639272,TERMINAL QUEBRADO,02/01/2026,Custo-Cobrado Cliente,Consumo Oficina,Serviço de Terceiro,,,,,,,,,,,,,
1275190014,ABASTECIMENTO S10 PARA LEVAR QUADRI DO VALDIR MENDES,31/12/2025,Despesa- Concluida,Consumo Oficina,Veicular,,,Abastecimento,,GIH0I50,162.893,,,,,,,
1275188243,ABASTECIMENTO ENTREGA TRATOR,31/12/2025,Despesa- Concluida,Comercial,Veicular,,,Abastecimento,,,0,,,,,,,
1275179647,ABASTECIMENTO PARA ENTREGA,31/12/2025,Despesa- Concluida,Comercial,Serviço de Terceiro,,,Abastecimento,,,0,,,,,,,
1275164427,ABASTECIMENTO TKY6E68,31/12/2025,Despesa- Concluida,Comercial,Veicular,,,Abastecimento,,TKY6E68,28.545,,,,,,,
1275016260,SACA POLIA 3 GARRAS,30/12/2025,Despesa- Concluida,Consumo Oficina,Peça,,,,,,,,,,,,,
1274955935,ABASTECIMENTO FXM4G90,30/12/2025,Despesa- Concluida,Consumo Oficina,Veicular,,,Abastecimento,,FXM4G90,245.619,,,,,,,
1274954491,ABASTECIMENTO FXM4G90,30/12/2025,Despesa- Concluida,Consumo Oficina,Veicular,,,Abastecimento,,FXM4G90,245.054,,,,,,,
1274952427,ABASTECIMENTO TKY6E68,30/12/2025,Despesa- Concluida,Comercial,Veicular,,,Abastecimento,,TKY6E68,27.600,,,,,,,
1274949743,ABASTECIMENTO FXM4G90 ,30/12/2025,Despesa- Concluida,Consumo Oficina,Veicular,,,Abastecimento,,FXM4G90,244.770,,,,,,,
1274912102,ALIMENTAÇÃO GABRIEL,30/12/2025,Despesa- Concluida,Consumo Oficina,Alimentação,,,,,,,,,,,,,
1274458109,FILTRAGEM DO SISTEMA HIDRAULICO TRANSMISSÃO,29/12/2025,Custo-Cobrado Cliente,Cobrado do Cliente,Peça,,,,,,,,,,,,,
1274394991,REPARO PNEU CARRETA REBOQUE,29/12/2025,Despesa- Concluida,Consumo Oficina,Veicular,,,Manutenção,,,0,,,,,,,
1274392131,VULCANIZAÇÃO DE PNEU S10,29/12/2025,Despesa- Concluida,Comercial,Veicular,,,Manutenção,,GIH0I50,0,,,,,,,
1274385881,SERVIÇO EM PNEU STRADA,29/12/2025,Veiculos- Add no Rota Exata,Consumo Oficina,Veicular,,,Manutenção,,,0,,,,,,,
1274377445,COMBUSTIVEL LIMPEZA ,29/12/2025,Despesa- Concluida,Consumo Oficina,Ferramenta,,,Abastecimento,,,0,,,,,,,
1273059746,ABASTECIMENTO TKC5D99,26/12/2025,Despesa- Concluida,Consumo Oficina,Veicular,,,Abastecimento,,TKC5D99,18.430,,,,,,,
1272109973,ABASTECIMENTO PAULO,23/12/2025,Veiculos- Add no Rota Exata,Consumo Oficina,Veicular,,,Abastecimento,,TKY6E68,0,,,,,,,
1271450386,ABASTECIMENTO AQJ,22/12/2025,Aguardando- NF ou Aprovar,Comercial,Veicular,,,Abastecimento,,AQJ3H59,428.454,,,,,,,
1270952272,PAR MANOPLA,20/12/2025,Custo-Cobrado Cliente,Cobrado do Cliente,Serviço de Terceiro,,,,,,,,,,,,,
1270793046,Funilaria Montagem S10 Diretor Fernando,19/12/2025,Despesa- Concluida,Comercial,Veicular,,,Manutenção,,GIH0I50,161.797,,,,,,,
1270770256,ABASTECIMENTO JOSÉ ANGELO,19/12/2025,Despesa- Concluida,Comercial,Veicular,,,Abastecimento,,GDW0J96,0,,,,,,,
1270768545,Jogo de Chaves Allen 30 peças,19/12/2025,Despesa- Concluida,Consumo Oficina,Ferramenta,,,,,,,,,,,,,
1270766964,Engate Rapdo para Pistola Pneumatica,19/12/2025,Despesa- Concluida,Consumo Oficina,Ferramenta,,,,,,,,,,,,,
1270766135,Disco de corte para o Nicolas,19/12/2025,Despesa- Concluida,Consumo Oficina,Peça,,,,,,,,,,,,,
1270765357,Botina,19/12/2025,Despesa- Concluida,Comercial,Ferramenta,,,,,,,,,,,,,
1270764727,ABASTECIMENTO TKC5D99,19/12/2025,Despesa- Concluida,Consumo Oficina,Veicular,,,Abastecimento,,TKC5D99,17.954,,,,,,,
1270763781,"Veda Rosca, Fita Isolante e Terminal para Chicote",19/12/2025,Despesa- Concluida,Consumo Oficina,Ferramenta,,,,,,,,,,,,,
1270761688,ABASTECIMENTO FXM4G90,19/12/2025,Despesa- Concluida,Consumo Oficina,Veicular,,,Abastecimento,,FXM4G90,244.346,,,,,,,
1270761658,MACHO PARA  O PAULO,19/12/2025,Despesa- Concluida,Consumo Oficina,Peça,,,,,,,,,,,,,
1270757602,10L PRO TRATOR DA LOJA,19/12/2025,Despesa- Concluida,Comercial,Veicular,,,Abastecimento,,,0,,,,,,,
1270756139,ABASTECIMENTO TKC5D99,19/12/2025,Despesa- Concluida,Consumo Oficina,Veicular,,,Abastecimento,,,17.430,,,,,,,
1270653729,ABASTECIMENTO EPX5475,19/12/2025,Despesa- Concluida,Consumo Oficina,Veicular,,,Abastecimento,,EPX5475,0,,,,,,,
1270047041,ABASTECIMENTO EVG1E67,18/12/2025,Despesa- Concluida,Comercial,Veicular,,,Abastecimento,,EVG1E67,0,,,,,,,
1270043036,ABASTECIMENTO TKY6E68,18/12/2025,Despesa- Concluida,Consumo Oficina,Veicular,,,Abastecimento,,TKY6E68,27.142,,,,,,,
1269869487,Arrumar Banco da Saveiro do Zeca,18/12/2025,Aguardando- NF ou Aprovar,Consumo Oficina,Veicular,,,Manutenção,,DLZ1967,0,,,,,,,
1269576077,Abastecimento Zeca para ir na Santa Rita,17/12/2025,Despesa- Concluida,Consumo Oficina,Veicular,,,Abastecimento,,EPX5475,256.960,,,,,,,
1269505267,Anel Oring NBR 2223,17/12/2025,Custo-Cobrado Cliente,Comercial,Peça,,,,,,,,,,,,,
1269503243,Anel Oring NBR 70 2203,17/12/2025,Despesa- Concluida,Consumo Oficina,Peça,,,,,,,,,,,,,
1269499168, Anel Oring NB& 70 2157 e Anel Oring NB& 70 2156,17/12/2025,Aguardando- NF ou Aprovar,Consumo Oficina,Peça,,,,,,,,,,,,,
1269441039,Peças para o Reparo do Pistão do Munk,17/12/2025,Despesa- Concluida,Comercial,Veicular,,,Manutenção,,EVG1E67,0,,,,,,,
1269438753,Capa 1 Trama 1/2,17/12/2025,Despesa- Concluida,Consumo Oficina,Serviço de Terceiro,,,,,,,,,,,,,
1269436901,Adaptador 1/2NPT x 22M ,17/12/2025,Despesa- Concluida,Consumo Oficina,Serviço de Terceiro,,,,,,,,,,,,,
1269433485,Anel Oring 2014 e Anel Oring NBR 70 SHORE 2015,17/12/2025,Despesa- Concluida,Consumo Oficina,Peça,,,,,,,,,,,,,
1269430732,Femea C90 e Capa 2 Tramas 3/8,17/12/2025,Despesa- Concluida,Consumo Oficina,Peça,,,,,,,,,,,,,
1269427596,Anel Oring NBR 70 ,17/12/2025,Despesa- Concluida,Consumo Oficina,Peça,,,,,,,,,,,,,
1269425497,Adaptador 1/2 NPT X 22M,17/12/2025,Despesa- Concluida,Consumo Oficina,Serviço de Terceiro,,,,,,,,,,,,,
1269420998,"Prensa de Mangueira, Femea, Macho e Adaptador para o Comando do Jivo",17/12/2025,Despesa- Concluida,Comercial,Serviço de Terceiro,,,,,,,,,,,,,
1269417862,Femea Reta para o Conjunto Frontal m85 da Loja,17/12/2025,Despesa- Concluida,Comercial,Peça,,,,,,,,,,,,,
1269414264,Fazer mangueira Hidraulica do Munk,17/12/2025,Despesa- Concluida,Comercial,Veicular,,,Manutenção,,EVG1E67,0,,,,,,,
1269411341,Solda da Peça para a conexão de Retorno,17/12/2025,Despesa- Concluida,Consumo Oficina,Serviço de Terceiro,,,,,,,,,,,,,
1269407998,Prensa de magueira para o Tl CBA,17/12/2025,Custo-Cobrado Cliente,Cobrado do Cliente,Serviço de Terceiro,,,,,,,,,,,,,
1269404410,Prensa de Mangueira Para o Comando do Jivo,17/12/2025,Despesa- Concluida,Comercial,Serviço de Terceiro,,,,,,,,,,,,,
1269397499,Retorno de Tanque,17/12/2025,Despesa- Concluida,Comercial,Serviço de Terceiro,,,,,,,,,,,,,
1269394020,"Mangueira, Abraçadeira e Capa",17/12/2025,Despesa- Concluida,Consumo Oficina,Peça,,,,,,,,,,,,,
1269390998,Mangueira e Abraçadeira ,17/12/2025,Despesa- Concluida,Consumo Oficina,Peça,,,,,,,,,,,,,
1269386562,"Gaxeta, Anel Oring e Serviço no Pistao EVG",17/12/2025,Despesa- Concluida,Comercial,Veicular,,,Manutenção,,EVG1E67,0,,,,,,,
1269382913,Prensa Mangueira Antigone,17/12/2025,Custo-Cobrado Cliente,Cobrado do Cliente,Serviço de Terceiro,,,,,,,,,,,,,
1269337251,"Prensa de Mangueira, Femea Reta, Femea c45 ",17/12/2025,Despesa- Concluida,Comercial,Serviço de Terceiro,,,,,,,,,,,,,
1269164383,ABASTECIMENTO TKY6E68,16/12/2025,Despesa- Concluida,Comercial,Veicular,,,Abastecimento,,,26.596,,,,,,,
1269162881,ALMOÇO TIO TOKO LUIZ FERNANDO,16/12/2025,Despesa- Concluida,Comercial,Alimentação,,,,,,,,,,,,,
1269055817,"FITA DUPLA FACE, ABRAÇADEIRA, ETC",16/12/2025,Aguardando- NF ou Aprovar,Consumo Oficina,Ferramenta,,,,,,,,,,,,,
1268950842,DESPESAS CARRO ZECA,16/12/2025,Despesa- Concluida,Consumo Oficina,Veicular,,,Manutenção,,DLZ1967,190.276,,,,,,,
1268683538,ABASTECIMENTO FXM4G90,15/12/2025,Despesa- Concluida,Consumo Oficina,Veicular,,,Abastecimento,,FXM4G90,243.520,,,,,,,
1268681177,ABASTECIMENTO FXM4G90,15/12/2025,Veiculos- Add no Rota Exata,Consumo Oficina,Veicular,,,Abastecimento,,FXM4G90,0,,,,,,,
1268679900,ABASTECIMENTO JOSÉ ANGELO,15/12/2025,Despesa- Concluida,Comercial,Veicular,,,Abastecimento,,FXH1F73,0,,,,,,,
1268678064,FITA CREPE,15/12/2025,Despesa- Concluida,Consumo Oficina,Ferramenta,,,,,,,,,,,,,
1268676858,PARAFUSO DO SUPORTE DO MOTOR E PORCAS 8MM PARA DEFLETOR...,15/12/2025,Despesa- Concluida,Consumo Oficina,Peça,,,,,,,,,,,,,
1268674006,PARAFUSOS PARA SUPORTE DO TANQUE SW4,15/12/2025,Despesa- Concluida,Consumo Oficina,Peça,,,,,,,,,,,,,
1268673186,LIXAS,15/12/2025,Despesa- Concluida,Consumo Oficina,Ferramenta,,,,,,,,,,,,,
1268671492,"CAIXA SPRAY PRETO, CAIXA DE TINER",15/12/2025,Despesa- Concluida,Consumo Oficina,Ferramenta,,,,,,,,,,,,,
1268660948,ABASTECIMENTO FXM4G90,15/12/2025,Despesa- Concluida,Consumo Oficina,Veicular,,,Abastecimento,,FXM4G90,243920,,,,,,,
1268349221,"Ar deslgando sozinho, Trator Maria Beatriz Costa Curta",15/12/2025,Aguardando- NF ou Aprovar,Cobrado do Cliente,Serviço de Terceiro,,,,,,,,,,,,,
1268331452,Troca do ventilador do condensador para o Fernando Basile,15/12/2025,Custo-Cobrado Cliente,Cobrado do Cliente,Serviço de Terceiro,,,,,,,,,,,,,
1268315098,"TROCA COMPRESSOR DE AR JEFERSSON, PARA O AIRTON RIBEIRO",15/12/2025,Custo-Cobrado Cliente,Cobrado do Cliente,Serviço de Terceiro,,,,,,,,,,,,,
1267962563,REPARO PNEU CARRETA REBOQUE,13/12/2025,Despesa- Concluida,Consumo Oficina,Serviço de Terceiro,,,,,,,,,,,,,
1267951879,COMBUSTIVEL TRATOR APREENDIDO,13/12/2025,Despesa- Concluida,Consumo Oficina,Veicular,,,Abastecimento,,,0,,,,,,,
1267947323,MANUTENÇÃO DLZ1967,13/12/2025,Despesa- Concluida,Consumo Oficina,Veicular,,,Manutenção,,DLZ1967,190.276,,,,,,,
1267673864,TROCA DOS PISTÕES DE AMORTECEDOR DO CAPO,12/12/2025,Despesa- Concluida,Comercial,Serviço de Terceiro,,,,,,,,,,,,,
1267671537,TROCA DOS PISTÕES DA TRAVA DO QUADRO,12/12/2025,Despesa- Concluida,Comercial,Serviço de Terceiro,,,,,,,,,,,,,
1267657991,CHAVE ALLEN,12/12/2025,Despesa- Concluida,Consumo Oficina,Ferramenta,,,,,,,,,,,,,
1267657243,ENGATE RÁPIDO PARA PNEUMATICA,12/12/2025,Despesa- Concluida,Consumo Oficina,Peça,,,,,,,,,,,,,
1267654815,PINCEL PARA SERVIÇO DA OFICINA,12/12/2025,Despesa- Concluida,Consumo Oficina,Ferramenta,,,,,,,,,,,,,
1267652709,ENGATE RÁPIDO PARA PNEUMATICA,12/12/2025,Despesa- Concluida,Consumo Oficina,Peça,,,,,,,,,,,,,
1267601370,LIMPEZA BOMBA ALIMENTADORA ,12/12/2025,Despesa- Concluida,Comercial,Serviço de Terceiro,,,,,,,,,,,,,
1267118850,1 APOSTILA E ENCADERNAÇÃO,11/12/2025,Despesa- Concluida,Consumo Oficina,Serviço de Terceiro,,,,,,,,,,,,,
1266983388,ABASTECIMENTO TKY6E68,11/12/2025,Despesa- Concluida,Consumo Oficina,Veicular,,,Abastecimento,,TKY6E68,26.273,,,,,,,
1266980833,REPARO PNEU JIVO 2025 ANTIGONE,11/12/2025,Despesa- Concluida,Consumo Oficina,Serviço de Terceiro,,,,,,,,,,,,,
1266976591,PARAFUSO PARA GRADE BALDAN,11/12/2025,Despesa- Concluida,Consumo Oficina,Peça,,,,,,,,,,,,,
1266973737,ABASTECIMENTO AQJ3H59,11/12/2025,Despesa- Concluida,Comercial,Veicular,,,Abastecimento,,AQJ3H59,426.913,,,,,,,
1266970592,ABASTECIMENTO TKC5D99,11/12/2025,Despesa- Concluida,Consumo Oficina,Veicular,,,Abastecimento,,TKC5D99,16.856,,,,,,,
1266967692,TROCAR LAMPADA FAROL CAMINHÃO,11/12/2025,Despesa- Concluida,Comercial,Peça,,,,,,,,,,,,,
1266963004,ABASTECIMENTO QUADRICICLO,11/12/2025,Despesa- Concluida,Consumo Oficina,Veicular,,,Abastecimento,,,0,,,,,,,
1266959887,ABASTECIMENTO EVG1E67,11/12/2025,Despesa- Concluida,Comercial,Veicular,,,Abastecimento,,EVG1E67,242.701,,,,,,,
1265563778,USINAR VOLANTE DA EMBREAGEM,08/12/2025,Despesa- Concluida,Comercial,Serviço de Terceiro,,,,,,,,,,,,,
1265560142,FAZER SISTEMA DE TRAVAMENTO PARA ESTEPE,08/12/2025,Despesa- Concluida,Comercial,Serviço de Terceiro,,,,,,,,,,,,,
1265554863,PULVERIZADOR DE OSCAR BERNARDES RECUPERAÇÃO,08/12/2025,Despesa- Concluida,Consumo Oficina,Serviço de Terceiro,,,,,,,,,,,,,
1265296575,ABASTECIMENTO ZÉ ANGELO ,08/12/2025,Despesa- Concluida,Comercial,Veicular,,,Abastecimento,,,0,,,,,,,
1265254705,Abastecimento DLZ1967,08/12/2025,Despesa- Concluida,Consumo Oficina,Veicular,,,Abastecimento,,DLZ1967,190.090,,,,,,,
1264937474,10 L gasolina para quadri,06/12/2025,Despesa- Concluida,Comercial,Veicular,,,Abastecimento,,,0,,,,,,,
1264933012,PEÇAS PARA CONSERTAR CADEIRA,06/12/2025,Despesa- Concluida,Consumo Oficina,Peça,,,,,,,,,,,,,
1264801246,ALMOÇO TIO  TOKO,05/12/2025,Despesa- Concluida,Consumo Oficina,Alimentação,,,,,,,,,,,,,
1264787935,ABASTECIMENTO AQJ3H59,05/12/2025,Despesa- Concluida,Comercial,Veicular,,,Abastecimento,,AQJ3H59,425632,,,,,,,
1264722241,MANUTENÇÃO QUADRICICLO M420 DA EMPRESA,05/12/2025,Despesa- Concluida,Comercial,Serviço de Terceiro,,,,,,,,,,,,,
1264719554,MANUTENÇÃO ACCURA 1200,05/12/2025,Despesa- Concluida,Consumo Oficina,Serviço de Terceiro,,,,,,,,,,,,,
1264714044,DIMINUIR BARRA DE FIXAÇÃO DO CONJUNTO FRONTAL,05/12/2025,Despesa- Concluida,Consumo Oficina,Serviço de Terceiro,,,,,,,,,,,,,
1264711979,"SUPORTE TANQUE, MUDANÇA DO SUPORTE DA ESCADA, ETC...",05/12/2025,Despesa- Concluida,Consumo Oficina,Serviço de Terceiro,,,,,,,,,,,,,
1264709528,2 SUPORTE PARA CAPOTA JIVO 2025,05/12/2025,Despesa- Concluida,Consumo Oficina,Serviço de Terceiro,,,,,,,,,,,,,
1264318553,S10 FERNANDO INSTALAÇÃO DE VIDRO,04/12/2025,Despesa- Concluida,Comercial,Veicular,,,Manutenção,,,0,,,,,,,
1264259069,BUJÃO DE GÁS MAHINDRA,04/12/2025,Despesa- Concluida,Consumo Oficina,Serviço de Terceiro,,,,,,,,,,,,,
1264254531,PARA-CHOQUE NOVO PARA CAMINHÃO MUNK,04/12/2025,Despesa- Concluida,Comercial,Serviço de Terceiro,,,,,,,,,,,,,
1264246987,RECUPERAR 4 ROSCAS DA TORRE DO  PROPELIDO KUHN,04/12/2025,Despesa- Concluida,Consumo Oficina,Serviço de Terceiro,,,,,,,,,,,,,
1264231582,ALMOÇO TIO TOKO LUIZ FERNANDO,04/12/2025,Despesa- Concluida,Comercial,Alimentação,,,,,,,,,,,,,
1264230115,ABASTECIMENTO FXM4G90,04/12/2025,Despesa- Concluida,Consumo Oficina,Veicular,,,Abastecimento,,FXM4G90,0,,,,,,,
1264224077,ABASTECIMENTO ATJ6211,04/12/2025,Despesa- Concluida,Consumo Oficina,Veicular,,,Abastecimento,,ATJ6211,0,,,,,,,
1264221778,ABASTECIMENTO JOSÉ ANGELO,04/12/2025,Despesa- Concluida,Comercial,Veicular,,,Abastecimento,,FXH1F73,0,,,,,,,
1263890636,ABASTECIMENTO DANILO STRADA,04/12/2025,Despesa- Concluida,Consumo Oficina,Veicular,,,Abastecimento,,ATJ6211,351.752,,,,,,,
1263506878,REVISÃO 250H STRONGER  3200,03/12/2025,Custo-Cobrado Cliente,Cobrado do Cliente,Serviço de Terceiro,,,,,,,,,,,,,
1263463366,PARAFUSOS PRA BOIA DE TANQUE,03/12/2025,Despesa- Concluida,Consumo Oficina,Peça,,,,,,,,,,,,,
1263458695,TERMINAL E BOTÃO TICTAC,03/12/2025,Despesa- Concluida,Consumo Oficina,Peça,,,,,,,,,,,,,
1263456817,ALMOÇO PAULO,03/12/2025,Despesa- Concluida,Consumo Oficina,Alimentação,,,,,,,,,,,,,
1263455322,ALMOÇO TIO TOKO GABRIEL,03/12/2025,Despesa- Concluida,Consumo Oficina,Alimentação,,,,,,,,,,,,,
1263445272,ALMOÇO NICOLAS,03/12/2025,Despesa- Concluida,Consumo Oficina,Alimentação,,,,,,,,,,,,,
1263443480,ALMOÇO TIO TOKO UIZ FERNANDO ,03/12/2025,Despesa- Concluida,Comercial,Alimentação,,,,,,,,,,,,,
1263440129,ABASTECIMENTO FXM4G90,03/12/2025,Despesa- Concluida,Consumo Oficina,Veicular,,,Abastecimento,,FXM4G90,0,,,,,,,
1263402705,COPIA 7 CHAVES,03/12/2025,Despesa- Concluida,Comercial,Ferramenta,,,,,,,,,,,,,
1263376682,Conserto Porta Voyage,03/12/2025,Despesa- Concluida,Comercial,Veicular,,,Manutenção,,,0,,,,,,,
1262094686,ABASTECIMENTO BLAZER,01/12/2025,Despesa- Concluida,Comercial,Veicular,,,Abastecimento,,FXH1F73,0,,,,,,,
1262046956,ABASTECIMENTO AQJ3H59,01/12/2025,Despesa- Concluida,Comercial,Veicular,,,Abastecimento,,AQJ3H59,0,,,,,,,
1262038613,"ABRAÇADEIRAS, PASTA DESENGRAXANTE...",01/12/2025,Despesa- Concluida,Consumo Oficina,Ferramenta,,,,,,,,,,,,,
1261943853,LAMPADA EPX5402,01/12/2025,Despesa- Concluida,Comercial,Veicular,,,Manutenção,,EPX5402,12.093,,,,,,,
1261913828,APARELHO DE SOM CAMINHAO,01/12/2025,Despesa- Concluida,Comercial,Veicular,,,Manutenção,,AQJ3H59,424.661,,,,,,,
1261911501,ABASTECIMENTO LUIZ FERNANDO,01/12/2025,Aguardando- NF ou Aprovar,Comercial,Veicular,,,Abastecimento,,AQJ3H59,424.661,,,,,,,
1261778112,ABASTECIMENTO TKY6E68 PAULO,01/12/2025,Aguardando- NF ou Aprovar,Consumo Oficina,Veicular,,,Abastecimento,,TKY6E68,25.888,,,,,,,
1261676861,ABASTECIMENTO DIRETOR GERAL,01/12/2025,Despesa- Concluida,Comercial,Veicular,,,Abastecimento,,,0,,,,,,,
1261262993,ABASTECIMENTO TKC5D99,29/11/2025,Despesa- Concluida,Consumo Oficina,Veicular,,,Abastecimento,,TKC5D99,0,,,,,,,
1261262807,TINTA PARACHOQUE CAMINHÃO,29/11/2025,Despesa- Concluida,Comercial,Ferramenta,,,,,,,,,,,,,
1261258538,GASOLINA ADITIVADA PARA QUADRI M250LSAND,29/11/2025,Despesa- Concluida,Comercial,Veicular,,,Abastecimento,,,0,,,,,,,
1261067855,TINTA ,28/11/2025,Despesa- Concluida,Comercial,Serviço de Terceiro,,,,,,,,,,,,,
1260470553,PARAFUSO 10.140  RP,27/11/2025,Despesa- Concluida,Consumo Oficina,Peça,,,,,,,,,,,,,
1260469369,PARAFUSOS PARA EIXO DO FIGHTER 2500,27/11/2025,Despesa- Concluida,Consumo Oficina,Peça,,,,,,,,,,,,,
1260466925,"PARAFUSO, ARAME LISO",27/11/2025,Despesa- Concluida,Consumo Oficina,Peça,,,,,,,,,,,,,
1260464874,PORCA E ARAME,27/11/2025,Despesa- Concluida,Consumo Oficina,Peça,,,,,,,,,,,,,
1260459758,PARAFUSO 12X140,27/11/2025,Despesa- Concluida,Consumo Oficina,Peça,,,,,,,,,,,,,
1260452684,MANTA E COLA PARA O TRATOR DO WALTER,27/11/2025,Despesa- Concluida,Consumo Oficina,Ferramenta,,,,,,,,,,,,,
1260449457,BOLA DE ENGATE,27/11/2025,Despesa- Concluida,Comercial,Peça,,,,,,,,,,,,,
1260445441,PARAFUSO COM PORCA PARA CALCARIADEIRA DO CELSO GUAZZO,27/11/2025,Despesa- Concluida,Consumo Oficina,Peça,,,,,,,,,,,,,
1260443575,FILTRO COMB FORD,27/11/2025,Despesa- Concluida,Comercial,Veicular,,,Manutenção,,,0,,,,,,,
1260438171,RETENTOR MORINGA,27/11/2025,Despesa- Concluida,Comercial,Peça,,,,,,,,,,,,,
1260429803,REBITE 10X12 FERRO TUBULAR,27/11/2025,Despesa- Concluida,Comercial,Peça,,,,,,,,,,,,,
1260427116,PARAFUSO OCO SIMPLES,27/11/2025,Despesa- Concluida,Comercial,Peça,,,,,,,,,,,,,
1260424688,ARRUELA ALUMINIO,27/11/2025,Despesa- Concluida,Comercial,Peça,,,,,,,,,,,,,
1260422668,ANEL TUBO ESCAPE COMMINS ETC...,27/11/2025,Despesa- Concluida,Consumo Oficina,Peça,,,,,,,,,,,,,
1260420754,FILTRO HIDRAULICO ,27/11/2025,Despesa- Concluida,Consumo Oficina,Peça,,,,,,,,,,,,,
1260418585,FLUIDO DE FREIO,27/11/2025,Despesa- Concluida,Consumo Oficina,Ferramenta,,,,,,,,,,,,,
1260416341,TRAVA ROSCA NICOLAS,27/11/2025,Despesa- Concluida,Consumo Oficina,Peça,,,,,,,,,,,,,
1260414417,COMBUSTIVEL TRATOR LOJA,27/11/2025,Despesa- Concluida,Consumo Oficina,Veicular,,,Abastecimento,,,0,,,,,,,
1260410860,ALMOÇO TIO TOKO GABRIEL,27/11/2025,Despesa- Concluida,Consumo Oficina,Alimentação,,,,,,,,,,,,,
1260408642,PEÇAS PARA O CAMINHÃO REBITE 10X12,27/11/2025,Despesa- Concluida,Comercial,Veicular,,,Manutenção,,,0,,,,,,,
1260403124,ABASTECIMENTO TKY6E68,27/11/2025,Despesa- Concluida,Consumo Oficina,Veicular,,,Abastecimento,,TKY6E68,0,,,,,,,
1260400637,PEÇAS PARA OFICINA,27/11/2025,Despesa- Concluida,Consumo Oficina,Peça,,,,,,,,,,,,,
1260305335,SENSOR DE COMBUSTÍVEL PRA HILUX,27/11/2025,Despesa- Concluida,Comercial,Veicular,,,Manutenção,,GIH0I50,0,,,,,,,
1259935591,"ADESIVO LAMINAÇÃO,  ETC....",26/11/2025,Despesa- Concluida,Comercial,Ferramenta,,,,,,,,,,,,,
1259927326,ABASTECIMENTO EVG1E67,26/11/2025,Despesa- Concluida,Comercial,Veicular,,,Abastecimento,,EVG1E67,0,,,,,,,
1259924204,DIESEL PARA TRATOR,26/11/2025,Despesa- Concluida,Comercial,Veicular,,,Abastecimento,,,0,,,,,,,
1259922051,ABASTECIIMENTO EVG1E67,26/11/2025,Despesa- Concluida,Comercial,Veicular,,,Abastecimento,,EVG1E67,0,,,,,,,
1259919289,ABASTECIMENTO TKY6E68,26/11/2025,Despesa- Concluida,Consumo Oficina,Veicular,,,Abastecimento,,TKY6E68,0,,,,,,,
1259917340,ABASTECIMENTO AQJ3H59,26/11/2025,Despesa- Concluida,Comercial,Veicular,,,Abastecimento,,AQJ3H59,0,,,,,,,
1259915209,ABASTECIMENTO FHY8D25,26/11/2025,Despesa- Concluida,Consumo Oficina,Veicular,,,Abastecimento,,FHY8D25,0,,,,,,,
1259913051,ALMOÇO TIO TOKO,26/11/2025,Despesa- Concluida,Consumo Oficina,Alimentação,,,,,,,,,,,,,
1259869380,ARRUELA PARA PINO DO U CONJUNTO FRONTAL,26/11/2025,Despesa- Concluida,Consumo Oficina,Peça,,,,,,,,,,,,,
1259860514,ABASTECIMENTO FXM4G90 E 1 LITRO DE OLEO,26/11/2025,Despesa- Concluida,Consumo Oficina,Veicular,,,Abastecimento,,FXM4G90,0,,,,,,,
1259857020,4 PARAFUSOS DE PRESSAO E PORCA PARLOCK,26/11/2025,Despesa- Concluida,Consumo Oficina,Peça,,,,,,,,,,,,,
1259855182,ABASTECIMENTO FXM4G90,26/11/2025,Despesa- Concluida,Consumo Oficina,Veicular,,,Abastecimento,,FXM4G90,0,,,,,,,
1259852975,COMBUSTÍVEL TRATOR DO TUCA,26/11/2025,Despesa- Concluida,Consumo Oficina,Veicular,,,Abastecimento,,,0,,,,,,,
1259849409,COLA SUPER BONDER,26/11/2025,Despesa- Concluida,Consumo Oficina,Peça,,,,,,,,,,,,,
1259848117,ALMOÇO TIO TOKO LUIZ FERNANDO,26/11/2025,Despesa- Concluida,Consumo Oficina,Alimentação,,,,,,,,,,,,,
1259846539,MANGUEIRA DE COMBUSTÍVEL E CONEXÕES,26/11/2025,Despesa- Concluida,Comercial,Peça,,,,,,,,,,,,,
1259843293,ABASTECIMENTO FXM4G90,26/11/2025,Despesa- Concluida,Consumo Oficina,Veicular,,,Abastecimento,,FXM4G90,0,,,,,,,
1259841252,COLA TRAVA ROSCA,26/11/2025,Despesa- Concluida,Consumo Oficina,Peça,,,,,,,,,,,,,
1259839348,ALMOÇO TIO TOKO LUIZ FERNANDO,26/11/2025,Despesa- Concluida,Consumo Oficina,Alimentação,,,,,,,,,,,,,
1259838377,PARAFUSO,26/11/2025,Despesa- Concluida,Consumo Oficina,Peça,,,,,,,,,,,,,
1259504793,TOMADA DE ENERGIA PARA REBOQUE,25/11/2025,Despesa- Concluida,Consumo Oficina,Ferramenta,,,,,,,,,,,,,
1259471542,ABASTECIMENTO BLAZER,25/11/2025,Despesa- Concluida,Comercial,Veicular,,,Abastecimento,,,0,,,,,,,
1258903242,ABASTECIMENTO QUADRICICLO SUZUKI,24/11/2025,Despesa- Concluida,Comercial,Veicular,,,Abastecimento,,,0,,,,,,,
1258893608,ABASTECIMENTO QUADRICICLO LOJA,24/11/2025,Despesa- Concluida,Comercial,Veicular,,,Abastecimento,,,0,,,,,,,
1258747420,ABASTECIMENTO 10L GASOLINA QUADRICICLO LOJA,24/11/2025,Despesa- Concluida,Comercial,Veicular,,,Abastecimento,,,0,,,,,,,
1258543587,ABASTECIMENTO QUADRICICLO SUZUKI,24/11/2025,Despesa- Concluida,Comercial,Veicular,,,Abastecimento,,,0,,,,,,,
1258519278,ABATECIMENTO NICOLAS,24/11/2025,Despesa- Concluida,Consumo Oficina,Veicular,,,Abastecimento,,FXM4G90,242.333,,,,,,,
1258203330,ABASTECIMENTO TKY6E68,22/11/2025,Aguardando- NF ou Aprovar,Consumo Oficina,Veicular,,,Abastecimento,,TKY6E68,24.930,,,,,,,
1258009365,TRAVA DE FORRO DE PORTA PARA SAVEIRO E STRADA,21/11/2025,Despesa- Concluida,Consumo Oficina,Peça,,,,,,,,,,,,,
1257723051,ABASTECIMENTO S10 DIRETOR,21/11/2025,Despesa- Concluida,Comercial,Veicular,,,Abastecimento,,,0,,,,,,,
1257721724,ALMOÇO GABRIEL E PAULO,21/11/2025,Despesa- Concluida,Consumo Oficina,Alimentação,,,,,,,,,,,,,
1257611498,ABASTECIMENTO PARA O POLO,21/11/2025,Despesa- Concluida,Comercial,Veicular,,,Abastecimento,,,0,,,,,,,
1257045018,ABASTECIMENTO ATJ6211,19/11/2025,Aguardando- NF ou Aprovar,Consumo Oficina,Veicular,,,Abastecimento,,ATJ6211,350959,,,,,,,
1257033322,MANUTENÇÃO SEB9I75,19/11/2025,Despesa- Concluida,Comercial,Veicular,,,Manutenção,,SEB9I75,80988,,,,,,,
1257013495,Trocar o bico do pneu do carrinho de mão do barracão,19/11/2025,Despesa- Concluida,Consumo Oficina,Serviço de Terceiro,,,,,,,,,,,,,
1256440408,ABASTECIMENTO TRAILBLAZER,18/11/2025,Despesa- Concluida,Comercial,Veicular,,,Abastecimento,,FXH1F73,0,,,,,,,
1256387938,ABRAÇADEIRA,18/11/2025,Despesa- Concluida,Consumo Oficina,Peça,,,,,,,,,,,,,
1256381767,2 CHAVES PARA ARMÁRIO OFICINA,18/11/2025,Despesa- Concluida,Consumo Oficina,Material Escritorio,,,,,,,,,,,,,
1255760659,MANUAL YTO PRISMA,17/11/2025,Despesa- Concluida,Consumo Oficina,Material Escritorio,,,,,,,,,,,,,
1255627617,TROCA DE FAROL QUEIMADO GOL,17/11/2025,Aguardando- NF ou Aprovar,Comercial,Veicular,,,Manutenção,,EPX5406,12.093,,,,,,,
1255094828,ABASTECIMENTO EVG1E67,14/11/2025,Despesa- Concluida,Comercial,Veicular,,,Abastecimento,,EVG1E67,0,,,,,,,
1255092740,ABASTECIMENTO TKC5D99,14/11/2025,Despesa- Concluida,Consumo Oficina,Veicular,,,Abastecimento,,TKC5D99,0,,,,,,,
1255091093,PINCEL  FERNANDINHO,14/11/2025,Despesa- Concluida,Consumo Oficina,Ferramenta,,,,,,,,,,,,,
1255088316,CABO POSITIVO E NEGATIVO BATERIA,14/11/2025,Despesa- Concluida,Comercial,Serviço de Terceiro,,,,,,,,,,,,,
1255058404,MANUTENÇÃO CARRO PARDAL,14/11/2025,Despesa- Concluida,Comercial,Veicular,,,Manutenção,,SEC2J19,0,,,,,,,
1255008635,MASSA DE POLIR E TINTA DE DEMARCAÇÃO,14/11/2025,Despesa- Concluida,Consumo Oficina,Peça,,,,,,,,,,,,,
1254996757,CAIXA DE FERRAMENTA ,14/11/2025,Despesa- Concluida,Consumo Oficina,Peça,,,,,,,,,,,,,
1254809427,"Alinhasr e soldar, refazer o furo no eixo da alavanca marcha cliente.",14/11/2025,Despesa- Concluida,Comercial,Serviço de Terceiro,,,,,,,,,,,,,
1254808715,2 Buchas para comporta do Stara Tornado ,14/11/2025,Despesa- Concluida,Comercial,Serviço de Terceiro,,,,,,,,,,,,,
1254807908,Fazer Furos Bilongo suporte do peso trator,14/11/2025,Despesa- Concluida,Comercial,Serviço de Terceiro,,,,,,,,,,,,,
1254630091,MANUTENÇÃO S10,13/11/2025,Despesa- Concluida,Comercial,Serviço de Terceiro,,,,,,,,,,,,,
1254628589,MANUTENÇÃO CAPTIVA,13/11/2025,Despesa- Concluida,Comercial,Serviço de Terceiro,,,,,,,,,,,,,
1254626174,MANUTENÇÃO TRAILBLAZER ,13/11/2025,Despesa- Concluida,Comercial,Serviço de Terceiro,,,,,,,,,,,,,
1254625204,MANUTENÇÃO POLO 22/10,13/11/2025,Despesa- Concluida,Comercial,Serviço de Terceiro,,,,,,,,,,,,,
1254622764,ALINHAMENTO DIREÇÃO FXM4G90,13/11/2025,Despesa- Concluida,Consumo Oficina,Serviço de Terceiro,,,Manutenção,,FXM4G90,0,,,,,,,
1254616806,TERMINAL BATERIA,13/11/2025,Despesa- Concluida,Comercial,Veicular,,,Manutenção,,AQJ3H59,0,,,,,,,
1254535250,ALMOÇO TIO TOKO GABRIEL,13/11/2025,Despesa- Concluida,Consumo Oficina,Alimentação,,,,,,,,,,,,,
1254281642,ABASTECIMENTO AYB4230,13/11/2025,Despesa- Concluida,Comercial,Veicular,,,Abastecimento,,AYB4230,0,,,,,,,
1254037629,CONJUNTO FRONTAL 085,12/11/2025,Despesa- Concluida,Comercial,Serviço de Terceiro,,,,,,,,,,,,,
1254031039,ABASTECIMENTO DLZ1967,12/11/2025,Despesa- Concluida,Consumo Oficina,Veicular,,,Abastecimento,,DLZ1967,0,,,,,,,
1254028878,CEBOLINHA OLEO MOTOR,12/11/2025,Despesa- Concluida,Consumo Oficina,Peça,,,,,,,,,,,,,
1254026359,PINO CARRETA ANTIGO,12/11/2025,Despesa- Concluida,Consumo Oficina,Serviço de Terceiro,,,,,,,,,,,,,
1254021031,COMBUSTIVEL LIMPEZA TANQUE TRATOR DO TUKA,12/11/2025,Despesa- Concluida,Consumo Oficina,Veicular,,,Abastecimento,,,0,,,,,,,
1254017369,Dar passe no volante da embalagem ,12/11/2025,Despesa- Concluida,Comercial,Serviço de Terceiro,,,,,,,,,,,,,
1253994579,TROCA CONJUNTO QUINTA MARCHA FXM4G90,12/11/2025,Despesa- Concluida,Consumo Oficina,Veicular,,,Manutenção,,FXM4G90,0,,,,,,,
1253985330,SERVIÇO S10 FERNANDO,12/11/2025,Despesa- Concluida,Comercial,Veicular,,,Manutenção,,GIH0I50,0,,,,,,,
1253983154,Abastecimento Blazer,12/11/2025,Despesa- Concluida,Comercial,Veicular,,,Abastecimento,,,0,,,,,,,
1253969270,ABASTECIMENTO DLZ1967,12/11/2025,Despesa- Concluida,Consumo Oficina,Veicular,,,Abastecimento,,DLZ1967,0,,,,,,,
1253965218,CAIXA SPRAY PRETO,12/11/2025,Despesa- Concluida,Consumo Oficina,Ferramenta,,,,,,,,,,,,,
1253895828,Engate rapido e mangueira do Macaco a ar da oficina,12/11/2025,Despesa- Concluida,Consumo Oficina,Peça,,,,,,,,,,,,,
1253482873,ADESIVOS OFICINA,11/11/2025,Despesa- Concluida,Consumo Oficina,Material Escritorio,,,,,,,,,,,,,
1253376650,ABASTECIMENTO FXM4G90,11/11/2025,Despesa- Concluida,Consumo Oficina,Veicular,,,Abastecimento,,FXM4G90,0,,,,,,,
1253151429,CANETAO PRETO ESCRITORIO,11/11/2025,Despesa- Concluida,Consumo Oficina,Material Escritorio,,,,,,,,,,,,,
1253120929,KIT EMBREAGEM AQJ,11/11/2025,Despesa- Concluida,Comercial,Veicular,,,Manutenção,,AQJ3H59,0,,,,,,,
1253112527,OLEO PARA O AQJ,11/11/2025,Despesa- Concluida,Comercial,Veicular,,,Manutenção,,AQJ3H59,0,,,,,,,
1253110815,FITA PVC,11/11/2025,Despesa- Concluida,Consumo Oficina,Material Escritorio,,,,,,,,,,,,,
1253108728,CARDAN PARA O AQJ,11/11/2025,Despesa- Concluida,Comercial,Veicular,,,Manutenção,,AQJ3H59,0,,,,,,,
1251966743,ABASTECIMENTO POLO TK JA,08/11/2025,Despesa- Concluida,Comercial,Veicular,,,Abastecimento,,,6.666.666,,,,,,,
1251813625,ABASTECIMENTO TKY6E68,07/11/2025,Despesa- Concluida,Consumo Oficina,Veicular,,,Abastecimento,,TKY6E68,0,,,,,,,
1251810976,ABASTECIMENTO FHY8D25,07/11/2025,Despesa- Concluida,Consumo Oficina,Veicular,,,Abastecimento,,FHY8D25,0,,,,,,,
1251807270,ABASTECIMENTO TKC5D99,07/11/2025,Despesa- Concluida,Consumo Oficina,Veicular,,,Abastecimento,,TKC5D99,14.683,,,,,,,
1251798146,ABASTECIMENTO FXM4G90,07/11/2025,Despesa- Concluida,Consumo Oficina,Veicular,,,Abastecimento,,FXM4G90,0,,,,,,,
1251795100,4 PARAFUSOS,07/11/2025,Despesa- Concluida,Consumo Oficina,Peça,,,,,,,,,,,,,
1251677369,ABASTECIMENTO QUADRICICLO,07/11/2025,Despesa- Concluida,Consumo Oficina,Veicular,,,Abastecimento,,,0,,,,,,,
1250370090,THINNER PARA USO DA OFICINA,05/11/2025,Despesa- Concluida,Consumo Oficina,Ferramenta,,,,,,,,,,,,,
1250365651,MASSA PLÁSTICA PARA TL,05/11/2025,Custo-Cobrado Cliente,Cobrado do Cliente,Ferramenta,,,,,,,,,,,,,
1249652486,ABASTECIMENTO ATJ6211,04/11/2025,Despesa- Concluida,Consumo Oficina,Veicular,,,Abastecimento,,ATJ6211,359.170,,,,,,,
1249647249,PENDENTE DE LUZ,04/11/2025,Despesa- Concluida,Consumo Oficina,Peça,,,,,,,,,,,,,
1249645526,ALMOÇO TIO TOKO,04/11/2025,Despesa- Concluida,Consumo Oficina,Alimentação,,,,,,,,,,,,,
1249639814,ABASTECIMENTO NA BR DA CBA,04/11/2025,Custo-Cobrado Cliente,Cobrado do Cliente,Veicular,,,Abastecimento,,,0,,,,,,,
1249625703,"TROCA DA PONTA DE NIPE, SOLDA COM METAL",04/11/2025,Despesa- Concluida,Comercial,Serviço de Terceiro,,,,,,,,,,,,,
1249623487,MODIFICAÇÃO CONJUNTO FRONTAL,04/11/2025,Despesa- Concluida,Comercial,Serviço de Terceiro,,,,,,,,,,,,,
1249620713,"PORCA NOVA PARA PISTÃO, ENCHER ROSCA DANIFICADA, REFAZER ROSCA DA PONTA DA ASTE",04/11/2025,Despesa- Concluida,Comercial,Serviço de Terceiro,,,,,,,,,,,,,
1249616479,MANUTENÇÃO MUNK,04/11/2025,Despesa- Concluida,Comercial,Serviço de Terceiro,,,,,,,,,,,,,
1249132992,CONSERTO DE PISTÃO MULK,03/11/2025,Despesa- Concluida,Consumo Oficina,Peça,,,,,,,,,,,,,
1248997468,PINCEL E KIT FIBRA,03/11/2025,Despesa- Concluida,Consumo Oficina,Ferramenta,,,,,,,,,,,,,
1248994278,BRAÇADEIRA,03/11/2025,Despesa- Concluida,Cobrado do Cliente,Peça,,,,,,,,,,,,,
1248471695,MANUTENÇÃO EVG1E67,01/11/2025,Despesa- Concluida,Comercial,Veicular,,,Manutenção,,EVG1E67,240.673,,,,,,,
1248458072,ABASTECIMENTO DANILO FHY8D25,01/11/2025,Despesa- Concluida,Consumo Oficina,Veicular,,,Abastecimento,,FHY8D25,162.207,,,,,,,
1248457502,PRODUTO DE LIMPEZA ,01/11/2025,Despesa- Concluida,Consumo Oficina,Peça,,,,,,,,,,,,,
1248450112,MANUTENÇÃO PNEU CARRINHO,01/11/2025,Despesa- Concluida,Consumo Oficina,Serviço de Terceiro,,,,,,,,,,,,,
1248448277,ALIMENTAÇÃO TIO TOKO PAULO,01/11/2025,Despesa- Concluida,Consumo Oficina,Alimentação,,,,,,,,,,,,,
1248446666,ALIMENTAÇÃO TIO TOKO LEONARDO VENDEDOR,01/11/2025,Despesa- Concluida,Comercial,Alimentação,,,,,,,,,,,,,
1248446325,ALIMENTAÇÃO TIO TOKO FERNANDO DIRETOR,01/11/2025,Despesa- Concluida,Comercial,Alimentação,,,,,,,,,,,,,
1248445993,ALIMENTAÇÃO TIO TOKO,01/11/2025,Despesa- Concluida,Consumo Oficina,Alimentação,,,,,,,,,,,,,
1248445435,ALIMENTAÇÃO TIO TOKO,01/11/2025,Despesa- Concluida,Consumo Oficina,Alimentação,,,,,,,,,,,,,
1248445272,ABASTECIMENTO ATJ6211,01/11/2025,Despesa- Concluida,Consumo Oficina,Veicular,,,Abastecimento,,ATJ6211,350.647,,,,,,,
1248442860,ABASTECIMENTO TKC5D99,01/11/2025,Despesa- Concluida,Consumo Oficina,Veicular,,,Abastecimento,,TKC5D99,14221,,,,,,,
1247892007,SENSOR DE COMBUSTÍVEL S10 FERNANDO,31/10/2025,Despesa- Concluida,Comercial,Veicular,,,Manutenção,,GIH0I50,0,,,,,,,
1247694881,adesivo fox branco epx5402,30/10/2025,Despesa- Concluida,Comercial,Veicular,,,Outros,,EPX5402,0,,,,,,,
1247539389,PEÇAS DE ELÉTRICA,30/10/2025,Despesa- Concluida,Consumo Oficina,Peça,,,,,,,,,,,,,
1247532445,ABASTECIMENTO EVG1E67,30/10/2025,Despesa- Concluida,Consumo Oficina,Veicular,,,Abastecimento,,EVG1E67,240.673,,,,,,,
1247517777,CADEADO PARA OFICINA,30/10/2025,Despesa- Concluida,Consumo Oficina,Peça,,,,,,,,,,,,,
1247487628,CAIXA DE FERRAMENTAS,30/10/2025,Despesa- Concluida,Consumo Oficina,Ferramenta,,,,,,,,,,,,,
1247329358,ABASTECIMETNO EVG,30/10/2025,Despesa- Concluida,Comercial,Veicular,,,Abastecimento,,EVG1E67,240.673,,,,,,,
1247323902,BANCO DO CAMINHAO EVG,30/10/2025,Despesa- Concluida,Comercial,Veicular,,,Manutenção,,EVG1E67,0,,,,,,,
1247034034,ABRACADEIRA NICOLAS,29/10/2025,Despesa- Concluida,Consumo Oficina,Ferramenta,,,,,,,,,,,,,
1246408644,ABASTECIMENTO TKY6E68,28/10/2025,Despesa- Concluida,Consumo Oficina,Veicular,,,Abastecimento,,TKY6E68,0,,,,,,,
1246201613,PISTOLA PARA COLA E FITA CREPE,28/10/2025,Despesa- Concluida,Consumo Oficina,Peça,,,,,,,,,,,,,
1246178518,10 L DE GASOLINA TRATOR CBA,28/10/2025,Despesa- Concluida,Cobrado do Cliente,Veicular,,,Abastecimento,,,169,,,,,,,
1245945914,ABASTECIMENTO TCK5D99,28/10/2025,Despesa- Concluida,Frota,Veicular,,,Abastecimento,,TKC5D99,13.738,,,,,,,
1245943218,ABASTECIMENTO TKY6E68,28/10/2025,Despesa- Concluida,Frota,Veicular,,,Abastecimento,,TKY6E68,23753,,,,,,,
1245645486,ABASTECIMENTO GOL AYB4230,27/10/2025,Despesa- Concluida,Comercial,Veicular,,,Abastecimento,,AYB4230,205.307,,,,,,,
1245594288,MANUTENÇÂO AQJ WALTER ELETRICA,27/10/2025,Despesa- Concluida,Comercial,Veicular,,,Manutenção,,AQJ3H59,421.937,,,,,,,
1245447087,ABASTECIMENTO AQJ3H59,27/10/2025,Despesa- Concluida,Comercial,Veicular,,,Abastecimento,,AQJ3H59,421.937,,,,,,,
1245199632,ABASTECIMENTO  STRADA - FXM4G90,27/10/2025,Despesa- Concluida,Frota,Veicular,,,Abastecimento,,FXM4G90,239.489,,,,,,,
1245174095,ABASTECIMENTO TKY6E68,27/10/2025,Despesa- Concluida,Consumo Oficina,Veicular,,,Abastecimento,,TKY6E68,21520,,,,,,,
1245173869,PRODUTO PRA LAVADOR,27/10/2025,Despesa- Concluida,Consumo Oficina,Ferramenta,,,,,,,,,,,,,
1245170361,ABASTECIMENTO DIRETOR GERAL,27/10/2025,Despesa- Concluida,Comercial,Veicular,,,Abastecimento,,,0,,,,,,,
1245167248,ABASTECIMENTO TKY6E68,27/10/2025,Despesa- Concluida,Consumo Oficina,Veicular,,,Abastecimento,,TKY6E68,239489,,,,,,,
1243897867,ABASTECIMENTO DLZ1967,25/10/2025,Despesa- Concluida,Consumo Oficina,Veicular,,,Abastecimento,,DLZ1967,188608,,,,,,,
1243396054,PASTILHA DE FREIO ATJ6211,24/10/2025,Despesa- Concluida,Frota,Veicular,,,Manutenção,,ATJ6211,350568,,,,,,,
1243273015,ABASTECIMENTO FHY8D25,24/10/2025,Despesa- Concluida,Consumo Oficina,Veicular,,,Abastecimento,,FHY8D25,161850,,,,,,,
1242456840,REPARAÇÃO DE PNEU,23/10/2025,Despesa- Concluida,Consumo Oficina,Veicular,,,Manutenção,,ATJ6211,220000,,,,,,,
1242062447,COLA PRA TL ESTOQUE,23/10/2025,Despesa- Concluida,Comercial,Ferramenta,,,,,,,,,,,,,
1241614822,ELETRODO DANILO,22/10/2025,Despesa- Concluida,Consumo Oficina,Peça,,,,,,,,,,,,,
1241332359,DISCO DE CORTE,22/10/2025,Despesa- Concluida,Consumo Oficina,Ferramenta,,,,,,,,,,,,,
1241108214,MACHO PRO DANILO,22/10/2025,Despesa- Concluida,Consumo Oficina,Ferramenta,,,,,,,,,,,,,
1241103094,ABASTECIMENTO DLZ1967,22/10/2025,Despesa- Concluida,Frota,Veicular,,,Abastecimento,,DLZ1967,188123,,,,,,,
1241101551,ABASTECIMENTO TKC5D99,22/10/2025,Despesa- Concluida,Consumo Oficina,Veicular,,,Abastecimento,,TKC5D99,13196,,,,,,,
1241100879,ABASTECIMENTO ATJ6211,22/10/2025,Despesa- Concluida,Frota,Veicular,,,Abastecimento,,ATJ6211,350149,,,,,,,
1240599292,HOSPEDAGEM SÁBADO,21/10/2025,Despesa- Concluida,Consumo Oficina,Serviço de Terceiro,,,,,,,,,,,,,
1240572077,ÓLEO DIESEL PARA TRATOR EM DEMONSTRAÇÃO,21/10/2025,Despesa- Concluida,Comercial,Veicular,,,Abastecimento,,,0,,,,,,,
1240353705,TINTA PRETA PARA IMPRESSORA,21/10/2025,Despesa- Concluida,Comercial,Material Escritorio,,,,,,,,,,,,,
1240346006,ABASTECIMENTO FHY8D25,21/10/2025,Despesa- Concluida,Frota,Veicular,,,Abastecimento,,FHY8D25,161359,,,,,,,
1240072049,SAQUETE CONECTOR DO RELE,20/10/2025,Despesa- Concluida,Consumo Oficina,Peça,,,,,,,,,,,,,
1240068932,RELE AUXILIAR 12V,20/10/2025,Despesa- Concluida,Consumo Oficina,Peça,,,,,,,,,,,,,
1239951118,MANUTENÇÃO EPX5402,20/10/2025,Despesa- Concluida,Comercial,Veicular,,,Manutenção,,EPX5402,172144,,,,,,,
1239925172,ABASTECIMENTO EPX5402,20/10/2025,Despesa- Concluida,Consumo Oficina,Veicular,,,Abastecimento,,EPX5402,172144,,,,,,,
1239894108,CANETAO PRETO E AZUL,20/10/2025,Despesa- Concluida,Consumo Oficina,Material Escritorio,,,,,,,,,,,,,
1239847886,"""T"" PARA A MANGUEIRA DE AR DO EVG (CARIVALDO)",20/10/2025,Despesa- Concluida,Comercial,Peça,,,,,,,,,,,,,
1239663650,ABASTECIMENTO EVG1E67 CARIVALDO,20/10/2025,Despesa- Concluida,Comercial,Veicular,,,Abastecimento,,EVG1E67,240.182,,,,,,,
1239630722,BLOCOS DE RELATÓRIO MECÂNICOS,20/10/2025,Despesa- Concluida,Consumo Oficina,Serviço de Terceiro,,,,,,,,,,,,,
1238868685,FUSIVEL MAX TRATOR DO ZI,18/10/2025,Despesa- Concluida,Consumo Oficina,Peça,,,,,,,,,,,,,
1238838849,ABASTECIMENTO TKY6E68,18/10/2025,Despesa- Concluida,Consumo Oficina,Veicular,,,Abastecimento,,TKY6E68,26300,,,,,,,
1238542828,FAIXA REFLETIVA EVG1E67,17/10/2025,Despesa- Concluida,Comercial,Veicular,,,Manutenção,,EVG1E67,242342,,,,,,,
1238529653,TINTA PARA PINTURA DO CAMINHÃO,17/10/2025,Despesa- Concluida,Comercial,Veicular,,,Manutenção,,EVG1E67,212432,,,,,,,
1238206085,ARRUELA,17/10/2025,Despesa- Concluida,Consumo Oficina,Ferramenta,,,,,,,,,,,,,
1238127503,REPARO DO PNEU DO FOX EPX5402,17/10/2025,Despesa- Concluida,Comercial,Serviço de Terceiro,,,,,,,,,,,,,
1238122364,FERRAMENTAS,17/10/2025,Despesa- Concluida,Consumo Oficina,Ferramenta,,,,,,,,,,,,,
1238102963,RETENTOR TRASEIRO; TAMBOR TRASEIRO E LONA DE FREIO PARA AQJ,17/10/2025,Despesa- Concluida,Comercial,Peça,,,,,,,,,,,,,
1237713263,COMBUSTIVEL PARA LIMPAR PEÇAS DO TL CBA,16/10/2025,Despesa- Concluida,Cobrado do Cliente,Ferramenta,,,,,,,,,,,,,
1237630606,SERVIÇO COM MUNK,16/10/2025,Despesa- Concluida,Comercial,Serviço de Terceiro,,,,,,,,,,,,,
1237523380,ABASTECIMENTO TKY6E68,16/10/2025,Despesa- Concluida,Consumo Oficina,Veicular,,,Abastecimento,,TKY6E68,21052,,,,,,,
1237517277,ABASTECIMENTO FHY8D25,16/10/2025,Despesa- Concluida,Frota,Veicular,,,Abastecimento,,FHY8D25,160.839,,,,,,,
1237266305,TRENA ,16/10/2025,Despesa- Concluida,Consumo Oficina,Ferramenta,,,,,,,,,,,,,
1237257240,ABASTECIMENTO TKC5D99,16/10/2025,Despesa- Concluida,Consumo Oficina,Veicular,,,Abastecimento,,TKC5D99,12707,,,,,,,
1237253796,PASTA DESENGRAXANTE E RETALHOS DE MALHA FARDO,16/10/2025,Despesa- Concluida,Consumo Oficina,Ferramenta,,,,,,,,,,,,,
1236076181,ABASTECIMENTO AQJ3H59,15/10/2025,Despesa- Concluida,Comercial,Veicular,,,Abastecimento,,AQJ3H59,421473,,,,,,,
1236054669,CAIXA DE FERRAMENTA DANILO,15/10/2025,Despesa- Concluida,Consumo Oficina,Ferramenta,,,,,,,,,,,,,
1235459594,MANUTENÇÃO GOL AYB-4230,14/10/2025,Despesa- Concluida,Comercial,Serviço de Terceiro,,,,,,,,,,,,,
1234943152,ABASTECIMENTO FXM4G90,14/10/2025,Despesa- Concluida,Frota,Veicular,,,Abastecimento,,FXM4G90,238526,,,,,,,
1234014498,TINTA PRA OFICINA,13/10/2025,Despesa- Concluida,Consumo Oficina,Peça,,,,,,,,,,,,,
1234000127,MANGUEIRA DE PRESSÃO TL 75E,13/10/2025,Despesa- Concluida,Comercial,Peça,,,,,,,,,,,,,
1232853851,anti ferrugem,11/10/2025,Despesa- Concluida,Comercial,Ferramenta,,,,,,,,,,,,,
1232837090,ALICATE ANEIS EXTERNO,11/10/2025,Despesa- Concluida,Consumo Oficina,Ferramenta,,,,,,,,,,,,,
1232322650,PEÇAS PARA EQUIPAMENTO ÁREA TOTAL ,10/10/2025,Despesa- Concluida,Comercial,Peça,,,,,,,,,,,,,
1232300974,FERRAMENTAS OFICINA,10/10/2025,Despesa- Concluida,Consumo Oficina,Ferramenta,,,,,,,,,,,,,
1232298663,OLEO PARA TRATOR 86-110 OFICINA,10/10/2025,Despesa- Concluida,Comercial,Veicular,,,Manutenção,,,0,,,,,,,
1232174603,ABASTECIMENTO EVG1E67,10/10/2025,Despesa- Concluida,Comercial,Veicular,,,Abastecimento,,EVG1E67,239946,,,,,,,
1231817879,ABASTECIMENTO FHY8D25,10/10/2025,Despesa- Concluida,Frota,Veicular,,,Abastecimento,,FHY8D25,160383,,,,,,,
1231803278,ABASTECIMENTO DLZ1967,10/10/2025,Despesa- Concluida,Frota,Veicular,,,Abastecimento,,DLZ1967,187592,,,,,,,
1231101781,ABASTECIMENTO DLZ1967,09/10/2025,Despesa- Concluida,Consumo Oficina,Veicular,,,Abastecimento,,DLZ1967,187284,,,,,,,
1231057218,ABASTECIMENTO AQJ3H59,09/10/2025,Despesa- Concluida,Comercial,Veicular,,,Abastecimento,,AQJ3H59,420760,,,,,,,
1231013154,Revisão,09/10/2025,Despesa- Concluida,Comercial,Veicular,,,Manutenção,,SEB9I75,91374,,,,,,,
1230529814,ABRAÇADEIRA PARA MONITOR JORGE JUSTOS,08/10/2025,Despesa- Concluida,Consumo Oficina,Peça,,,,,,,,,,,,,
1230477044,PARAFUSO PARA CLIENTE,08/10/2025,Despesa- Concluida,Comercial,Peça,,,,,,,,,,,,,
1230415164,HOSPEDAGEM HOTEL LUIZ FERNANDO,08/10/2025,Despesa- Concluida,Consumo Oficina,Alimentação,,,,,,,,,,,,,
1230392927,HOSPEDAGEM HOTEL NICOLAS,08/10/2025,Despesa- Concluida,Consumo Oficina,Alimentação,,,,,,,,,,,,,
1229756029,Portfolio tratores,07/10/2025,Despesa- Concluida,Almoxarifado/Limpeza,Serviço de Terceiro,,,,,,,,,,,,,
1229730836,SPRAY PRETO SEMI FOSCO,07/10/2025,Despesa- Concluida,Consumo Oficina,Peça,,,,,,,,,,,,,
1229723088,ABASTECIMENTO TKY6E68,07/10/2025,Despesa- Concluida,Frota,Veicular,,,Abastecimento,,TKY6E68,20563,,,,,,,
1229499244,ABASTECIMENTO TKC5D99,07/10/2025,Despesa- Concluida,Frota,Veicular,,,Abastecimento,,TKC5D99,12279,,,,,,,
1229492645,Serviço de fazer serviço no terminal de direção do 6075E,07/10/2025,Despesa- Concluida,Consumo Oficina,Serviço de Terceiro,,,,,,,,,,,,,
1229486677,SUPORTE PARA COMANDO DE PULVERIZADOR,07/10/2025,Despesa- Concluida,Trator Novo,Serviço de Terceiro,,,,,,,,,,,,,
1229484691,ALINHADOR DE EMBREAGEM,07/10/2025,Despesa- Concluida,Consumo Oficina,Serviço de Terceiro,,,,,,,,,,,,,
1229465795,FUNILARIA E PINTURA TKC5D99,07/10/2025,Despesa- Concluida,Consumo Oficina,Veicular,,,Manutenção,,TKC5D99,11300,,,,,,,
1229456735,FAZER PORCA PARAFUSO,07/10/2025,Despesa- Concluida,Consumo Oficina,Serviço de Terceiro,,,,,,,,,,,,,
1229452915,ABASTECIMENTO TKY6E68,07/10/2025,Despesa- Concluida,Frota,Veicular,,,Abastecimento,,TKY6E68,19940,,,,,,,
1228878376,ABASTECIMENTO EVG1E67,06/10/2025,Despesa- Concluida,Comercial,Veicular,,,Abastecimento,,EVG1E67,239368,,,,,,,
1228872474,Parafuso para o bloco hidraulico,06/10/2025,Custo-Cobrado Cliente,Cobrado do Cliente,Peça,,,,,,,,,,,,,
1228615022,ABASTECIMENTO DLZ1967,06/10/2025,Despesa- Concluida,Frota,Veicular,,,Abastecimento,,DLZ1967,94930,,,,,,,
1228595127,ABASTECIMENTO DLZ1967,06/10/2025,Despesa- Concluida,Frota,Veicular,,,Manutenção,,DLZ1967,186962,,,,,,,
1227464449,MANUTENÇÃO FHY8D25,04/10/2025,Despesa- Concluida,Frota,Veicular,,,Manutenção,,FHY8D25,153432,,,,,,,
1227451943,MANUTENÇÃO FHY8D25,04/10/2025,Despesa- Concluida,Frota,Veicular,,,Manutenção,,FHY8D25,128432,,,,,,,
1227428794,ABASTECIMENTO TKY6E68,04/10/2025,Despesa- Concluida,Consumo Oficina,Veicular,,,Abastecimento,,TKY6E68,19.699,,,,,,,
1226846880,5L DE GASOLINA QUADRICICLO ,03/10/2025,Despesa- Concluida,Comercial,Veicular,,,Abastecimento,,,0,,,,,,,
1226797738,ABASTECIEMENTO 6075 PLAT PARA ENTREGA,03/10/2025,Despesa- Concluida,Comercial,Veicular,,,Abastecimento,,,0,,,,,,,
1226688128,ABATECIMENTO CORTESIA DJALMA,03/10/2025,Despesa- Concluida,Comercial,Veicular,,,Abastecimento,,,0,,,,,,,
1226656612,DAR PASSE NO VOLANTE OLINTO JAPY GOLF,03/10/2025,Despesa- Concluida,Cobrado do Cliente,Serviço de Terceiro,,,,,,,,,,,,,
1226550199,MANUTENÇÃO GOL,03/10/2025,Despesa- Concluida,Frota,Veicular,,,Manutenção,,AYB4230,0,,,,,,,
1226546659,TRATOR TL75 MANUTENÇÃO,03/10/2025,Despesa- Concluida,Comercial,Peça,,,,,,,,,,,,,
1226528136,BALANCEAMENTO E REPARO PNEU DO VOYAGEM,03/10/2025,Despesa- Concluida,Comercial,Veicular,,,Manutenção,,SEB9I75,0,,,,,,,
1226524403,"TINTA CINZA ESCURO, PINCEL E TEKBOND",03/10/2025,Despesa- Concluida,Consumo Oficina,Peça,,,,,,,,,,,,,
1225796107,ABASTECIMENTO ECG1E67,02/10/2025,Despesa- Concluida,Comercial,Veicular,,,Abastecimento,,EVG1E67,238631,,,,,,,
1225781712,ABASTECIMENTO FHY8d25,02/10/2025,Despesa- Concluida,Frota,Veicular,,,Abastecimento,,FHY8D25,15664,,,,,,,
1225776778,ABASTECIMENTO TKY6E68,02/10/2025,Despesa- Concluida,Frota,Veicular,,,Abastecimento,,TKY6E68,19345,,,,,,,
1225389152,TINTA PARA GRADE GAICH TATU,01/10/2025,Despesa- Concluida,Comercial,Peça,,,,,,,,,,,,,
1225307509,SUPORTE DE HIDRAULICO,01/10/2025,Despesa- Concluida,Comercial,Serviço de Terceiro,,,,,,,,,,,,,
1225223862,ABASTECIMENTO ATJ6211,01/10/2025,Despesa- Concluida,Frota,Veicular,,,Abastecimento,,ATJ6211,349632,,,,,,,
1225030718,LUVA EPI,01/10/2025,Despesa- Concluida,Consumo Oficina,Ferramenta,,,,,,,,,,,,,
1225001278,DISCO DE CORTE,01/10/2025,Despesa- Concluida,Cobrado do Cliente,Peça,,,,,,,,,,,,,
1224977053,ABASTECIMENTO TKY6E68,01/10/2025,Despesa- Concluida,Frota,Veicular,,,Abastecimento,,TKY6E68,180872,,,,,,,
1224976217,PNEU CORTESIA CLIENTE,01/10/2025,Despesa- Concluida,Comercial,Peça,,,Outros,,,,,,,,,,
1224963507,ABASTECIMENTO FHY8D25,01/10/2025,Despesa- Concluida,Frota,Veicular,,,Abastecimento,,FHY8D25,159035,,,,,,,
1224464191,ABASTECIMENTO DLZ1967,30/09/2025,Despesa- Concluida,Frota,Veicular,,,Abastecimento,,DLZ1967,186448,,,,,,,
1224313711,TINTA PARA PST DUO,30/09/2025,Despesa- Concluida,Comercial,Ferramenta,,,,,,,,,,,,,
1224221259,ABASTECIMENTO TKY6E68,30/09/2025,Despesa- Concluida,Frota,Veicular,,,Abastecimento,,TKY6E68,18761,,,,,,,
1223906147,CAIXA SPRAY PRETO,29/09/2025,Despesa- Concluida,Consumo Oficina,Ferramenta,,,,,,,,,,,,,
1223868236,ABASTECIMENTO AQJ3H59,29/09/2025,Despesa- Concluida,Comercial,Veicular,,,Abastecimento,,AQJ3H59,419535,,,,,,,
1223755424,PRANCHETA ,29/09/2025,Despesa- Concluida,Comercial,Peça,,,,,,,,,,,,,
1223746506,FUNILARIA CAPÔ JIVO,29/09/2025,Despesa- Concluida,Comercial,Serviço de Terceiro,,,,,,,,,,,,,
1223463166,ABASTECIMENTO POLO,29/09/2025,Despesa- Concluida,Comercial,Veicular,,,Abastecimento,,,0,,,,,,,
1223458963,VARETA DE SOLDA,29/09/2025,Despesa- Concluida,Consumo Oficina,Peça,,,,,,,,,,,,,
1221949908,almoço tio toko,26/09/2025,Despesa- Concluida,Comercial,Alimentação,,,,,,,,,,,,,
1221806425,HOSPEDAGEM JAPY GOLF OLINTO,26/09/2025,Despesa- Concluida,Cobrado do Cliente,Serviço de Terceiro,,,,,,,,,,,,,
1221801098,TROCA DE COMBUSTÍVEL QUADRICICLO,26/09/2025,Despesa- Concluida,Consumo Oficina,Veicular,,,Abastecimento,,,37,,,,,,,
1221796843,ABASTECIMENTO DLZ1967,26/09/2025,Despesa- Concluida,Frota,Veicular,,,Abastecimento,,DLZ1967,185895,,,,,,,
1221479879,"1 BOINA, 10 LIXA",25/09/2025,Despesa- Concluida,Consumo Oficina,Ferramenta,,,,,,,,,,,,,
1221328994,CONVERTEDOR DE FERRUGEM,25/09/2025,Despesa- Concluida,Consumo Oficina,Peça,,,,,,,,,,,,,
1221323513,ABASTECIMENTO TKY6E68,25/09/2025,Despesa- Concluida,Frota,Veicular,,,Abastecimento,,TKY6E68,18.227,,,,,,,
1221172435,ABASTECIMENTO  EVG1E67,25/09/2025,Despesa- Concluida,Comercial,Veicular,,,Abastecimento,,EVG1E67,238219,,,,,,,
1220833519,TROCA DE PNEU TL 75,24/09/2025,Despesa- Concluida,Consumo Oficina,Peça,,,,,,,,,,,,,
1220826510,ABASTECIMENTO AYB4230,24/09/2025,Despesa- Concluida,Comercial,Veicular,,,Abastecimento,,AYB4230,204807,,,,,,,
1220651921,MANUTENÇÃO AQJ3H59,24/09/2025,Despesa- Concluida,Frota,Veicular,,,Manutenção,,AQJ3H59,419533,,,,,,,
1220642286,MANGUEIRA 8MM E 10 ABRAÇADEIRA,24/09/2025,Despesa- Concluida,Cobrado do Cliente,Peça,,,,,,,,,,,,,
1220565747,ALMOÇO TIOTOKO,24/09/2025,Despesa- Concluida,Consumo Oficina,Alimentação,,,,,,,,,,,,,
1220461182,ELETRODO INOX ,24/09/2025,Despesa- Concluida,Consumo Oficina,Ferramenta,,,,,,,,,,,,,
1220005881,ABASTECIMENTO DLZ1967,23/09/2025,Despesa- Concluida,Consumo Oficina,Veicular,,,Abastecimento,,DLZ1967,185514,,,,,,,
1219814998,PARAFUSOS PARA CONJUNTO FRONTAL PHD 400,23/09/2025,Despesa- Concluida,Consumo Oficina,Peça,,,,,,,,,,,,,
1219783474,ABASTECIMENTO EVG1E67,23/09/2025,Despesa- Concluida,Comercial,Veicular,,,Abastecimento,,EVG1E67,237563,,,,,,,
1219387950,PARAFUSOS ,22/09/2025,Despesa- Concluida,Consumo Oficina,Peça,,,,,,,,,,,,,
1219386641,DISCO DESBASTE,22/09/2025,Despesa- Concluida,Consumo Oficina,Ferramenta,,,,,,,,,,,,,
1219380276,ABASTECIMENTO FHY8D25,22/09/2025,Despesa- Concluida,Consumo Oficina,Veicular,,,Abastecimento,,FHY8D25,158570,,,,,,,
1218867673,ABASTECIMENTO EPX5402,22/09/2025,Despesa- Concluida,Comercial,Veicular,,,Abastecimento,,EPX5402,771.286,,,,,,,
1218864315,ABASTECIMENTO EPX5406,22/09/2025,Despesa- Concluida,Comercial,Veicular,,,Abastecimento,,EPX5406,287.804,,,,,,,
1218862803,ABASTECIMENTO ATJ6211,22/09/2025,Despesa- Concluida,Consumo Oficina,Veicular,,,Abastecimento,,ATJ6211,359169,,,,,,,
1218856860,ABASTECIMENTO TKC5D99,22/09/2025,Despesa- Concluida,Frota,Veicular,,,Abastecimento,,TKC5D99,17816,,,,,,,
1218848617,GUINCHO PARA 6075,22/09/2025,Despesa- Concluida,Comercial,Serviço de Terceiro,,,,,,,,,,,,,
1217686951,ALIMENTAÇÃO OFICINA,20/09/2025,Despesa- Concluida,Consumo Oficina,Alimentação,,,,,,,,,,,,,
1217658577,PEÇA PARA MANUTENÇÃO DA STARA TORNADO,20/09/2025,Despesa- Concluida,Comercial,Peça,,,,,,,,,,,,,
1217648171,ABASTECIMENTO TKY6E68,20/09/2025,Despesa- Concluida,Consumo Oficina,Veicular,,,Abastecimento,,TKY6E68,17816,,,,,,,
1217647670,PEGAR RETIFICA,20/09/2025,Despesa- Concluida,Consumo Oficina,Peça,,,,,,,,,,,,,
1217388510,TINER OFICINA,19/09/2025,Despesa- Concluida,Consumo Oficina,Peça,,,,,,,,,,,,,
1217273790,ALMOÇO POINT GRILL 08/09,19/09/2025,Despesa- Concluida,Consumo Oficina,Alimentação,,,,,,,,,,,,,
1217273093,ALMOÇO POINT GRILL 15/09,19/09/2025,Despesa- Concluida,Consumo Oficina,Alimentação,,,,,,,,,,,,,
1217271266,ALMOÇO RESTAURANTE POINT GRILL 17/09,19/09/2025,Despesa- Concluida,Consumo Oficina,Alimentação,,,,,,,,,,,,,
1217092131,ABASTECIMENTO DE DIESEL 7095,19/09/2025,Despesa- Concluida,Comercial,Veicular,,,Abastecimento,,,7,,,,,,,
1216477659,ABASTECIMENTO ATJ6211,18/09/2025,Despesa- Concluida,Consumo Oficina,Veicular,,,Abastecimento,,ATJ6211,348783,,,,,,,
1216477610,PARAFUSO PRA PLATAFORMA,18/09/2025,Despesa- Concluida,Consumo Oficina,Peça,,,,,,,,,,,,,
1216429708,FERRAMENTA PARA OFICINA,18/09/2025,Despesa- Concluida,Consumo Oficina,Ferramenta,,,,,,,,,,,,,
1216191686,VEDA ESCAPAMENTO,17/09/2025,Despesa- Concluida,Consumo Oficina,Peça,,,,,,,,,,,,,
1216169185,PARAFUSO PARA O TRATOR OJA,17/09/2025,Despesa- Concluida,Consumo Oficina,Peça,,,,,,,,,,,,,
1216017883,ABASTECIMENTO ALEX,17/09/2025,Despesa- Concluida,Consumo Oficina,Veicular,,,Abastecimento,,,0,,,,,,,
1216017611,ABASTECIMENTO TKC5D99,17/09/2025,Despesa- Concluida,Consumo Oficina,Veicular,,,Abastecimento,,TKC5D99,11289,,,,,,,
1216016118,KIT RHAICHOQUE,17/09/2025,Despesa- Concluida,Consumo Oficina,Ferramenta,,,,,,,,,,,,,
1215485794,VARETA LATÃO,16/09/2025,Despesa- Concluida,Consumo Oficina,Peça,,,,,,,,,,,,,
1215376972,ALINHAMENTO E BALANCEAMENTO GIH0I50,16/09/2025,Despesa- Concluida,Frota,Veicular,,,Manutenção,,GIH0I50,0,,,,,,,
1215343018,ALINHAMENTO E BALANCEAMENTO FXM4G90,16/09/2025,Despesa- Concluida,Frota,Veicular,,,Manutenção,,FXM4G90,217400,,,,,,,
1215327021,PEÇAS PARA MANUTENÇÃO DE CARRETA,16/09/2025,Despesa- Concluida,Comercial,Serviço de Terceiro,,,,,,,,,,,,,
1215319164,ABASTECIMENTO AQJ3H59,16/09/2025,Despesa- Concluida,Frota,Veicular,,,Abastecimento,,AQJ3H59,0,,,,,,,
1215187572,ABASTECIMENTO TKY6E68,16/09/2025,Despesa- Concluida,Consumo Oficina,Veicular,,,Abastecimento,,TKY6E68,17214,,,,,,,
1215058959,ABASTECIMENTEO FHY8D25,16/09/2025,Despesa- Concluida,Consumo Oficina,Veicular,,,Abastecimento,,FHY8D25,0,,,,,,,
1215055546,ABASTECIMENTO DLZ1967,16/09/2025,Despesa- Concluida,Consumo Oficina,Veicular,,,Abastecimento,,DLZ1967,184930,,,,,,,
1214759432,MANUTENÇÃO FHY8D25,15/09/2025,Despesa- Concluida,Frota,Veicular,,,Manutenção,,FHY8D25,61177,,,,,,,
1214754025,MANUTENÇÃO ATJ6211,15/09/2025,Despesa- Concluida,Frota,Veicular,,,Manutenção,,ATJ6211,115753,,,,,,,
1214753685,ARRUELA DE ALUMINIO,15/09/2025,Despesa- Concluida,Consumo Oficina,Peça,,,,,,,,,,,,,
1214746336,MANUTENÇÃO DO FOX EPX5406,15/09/2025,Despesa- Concluida,Frota,Veicular,,,Manutenção,,EPX5406,171429,,,,,,,
1214556487,GALÃO DE AGUA,15/09/2025,Despesa- Concluida,Consumo Oficina,Ferramenta,,,,,,,,,,,,,
1214389775,BUCHAS PARA O TL NININHO MARQUETE,15/09/2025,Despesa- Concluida,Cobrado do Cliente,Peça,,,,,,,,,,,,,
1214370584,TORNEIRA PARA OFICINA,15/09/2025,Despesa- Concluida,Consumo Oficina,Peça,,,,,,,,,,,,,
1214263233,ABASTECIMENTO TKY6E68,15/09/2025,Despesa- Concluida,Frota,Veicular,,,Abastecimento,,TKY6E68,17010,,,,,,,
1214259699,ABASTECIMENTO EVG1E67,15/09/2025,Despesa- Concluida,Comercial,Veicular,,,Abastecimento,,EVG1E67,237231,,,,,,,
1213716363,DESPESA CAMINHAO,13/09/2025,Despesa- Concluida,Comercial,Veicular,,,Manutenção,,ATJ6211,0,,,,,,,
1213479840,PNEU FURADO ATJ6211,12/09/2025,Despesa- Concluida,Consumo Oficina,Veicular,,,Manutenção,,ATJ6211,348699,,,,,,,
1213475204,TROCAR FALANTE FXM4G90,12/09/2025,Despesa- Concluida,Consumo Oficina,Veicular,,,Manutenção,,FXM4G90,238349,,,,,,,
1213443405,BLOCO DE RECADOS,12/09/2025,Despesa- Concluida,Consumo Oficina,Ferramenta,,,,,,,,,,,,,
1213367220,PEÇA PARA MUNK,12/09/2025,Despesa- Concluida,Comercial,Peça,,,,,,,,,,,,,
1213169300,ABASTECIMENTO JOSÉ ANGELO,12/09/2025,Despesa- Concluida,Frota,Veicular,,,Abastecimento,,,498086,,,,,,,
1212799899,ABASTECIMENTO DLZ1967,11/09/2025,Despesa- Concluida,Consumo Oficina,Veicular,,,Abastecimento,,DLZ1967,184404,,,,,,,
1212749409,PEÇA PARA ANTIGONE,11/09/2025,Custo-Cobrado Cliente,Cobrado do Cliente,Peça,,,,,,,,,,,,,
1212711390,ABASTECIMENTO FXM4G90,11/09/2025,Despesa- Concluida,Consumo Oficina,Veicular,,,Abastecimento,,FXM4G90,238016,,,,,,,
1212704728,"BARRAS, POLEGADAS,  4PORTA E ARRUELA",11/09/2025,Despesa- Concluida,Consumo Oficina,Ferramenta,,,,,,,,,,,,,
1212446385,ABASTECIMENTO EVG1E67,11/09/2025,Despesa- Concluida,Frota,Veicular,,,Abastecimento,,EVG1E67,236.839,,,,,,,
1212343554,ABASTECIMENTO FHY8D25,11/09/2025,Despesa- Concluida,Consumo Oficina,Veicular,,,Abastecimento,,FHY8D25,0,,,,,,,
1211841751,ALMOÇO TIOTOKO,10/09/2025,Despesa- Concluida,Comercial,Alimentação,,,,,,,,,,,,,
1211692791,PINTURA TRATOR CLIENTE MARCIO,10/09/2025,Despesa- Concluida,Comercial,Ferramenta,,,,,,,,,,,,,
1211635981,ABASTECIMENTO TKY6E68,10/09/2025,Despesa- Concluida,Consumo Oficina,Veicular,,,Abastecimento,,TKY6E68,16442,,,,,,,
1211224244,MANUTENÇÃO SEC2J19,09/09/2025,Despesa- Concluida,Frota,Veicular,,,Manutenção,,SEC2J19,94248,,,,,,,
1210773196,MANGUEIRA CLIENTE ROQUE RIBEIRO,09/09/2025,Despesa- Concluida,Cobrado do Cliente,Peça,,,,,,,,,,,,,
1210407222,MANUTENÇÃO ATJ6211,08/09/2025,Despesa- Concluida,Frota,Veicular,,,Manutenção,,ATJ6211,5571,,,,,,,
1210402450,ABASTECIMENTO 5050 0619,08/09/2025,Despesa- Concluida,"Comercial, Frota",Veicular,,,Abastecimento,,,1.0,,,,,,,
1210390581,DESPESAS FXM4G90,08/09/2025,Despesa- Concluida,Consumo Oficina,Veicular,,,Manutenção,,FXM4G90,21045,,,,,,,
1210384105,MANUTENÇÃO ATJ6211,08/09/2025,Despesa- Concluida,Frota,Veicular,,,Manutenção,,ATJ6211,5.571,,,,,,,
1210362636,CANETAO PRETO,08/09/2025,Despesa- Concluida,Consumo Oficina,Ferramenta,,,,,,,,,,,,,
1210333046,ABASTECIMENTO DLZ1967,08/09/2025,Despesa- Concluida,Consumo Oficina,Veicular,,,Abastecimento,,DLZ1967,184040,,,,,,,
1210233683,MANUTENÇÃO DLZ-1967,08/09/2025,Despesa- Concluida,Consumo Oficina,Veicular,,,Manutenção,,DLZ1967,197342,,,,,,,
1210153014,ABASTECIMENTO TRATOR PARA ENTREGA,08/09/2025,Despesa- Concluida,Comercial,Veicular,,,Abastecimento,,,0,,,,,,,
1210121606,ABASTECIMENTO EVG1E67,08/09/2025,Despesa- Concluida,Comercial,Veicular,,,Abastecimento,,EVG1E67,236.405,,,,,,,
1210114397,ABASTECIMENTO AQJ3H59,08/09/2025,Despesa- Concluida,Comercial,Veicular,,,Abastecimento,,AQJ3H59,417764,,,,,,,
1210108717,ABASTECIMENTO FHY8D25,08/09/2025,Despesa- Concluida,Consumo Oficina,Veicular,,,Abastecimento,,FHY8D25,158497,,,,,,,
1209569864,ABASTECIMENTO QUADRICICLO ,06/09/2025,Despesa- Concluida,Comercial,Veicular,,,Abastecimento,,,0,,,,,,,
1209174548,FURO CHAPA DE AÇO,05/09/2025,Despesa- Concluida,Consumo Oficina,Serviço de Terceiro,,,,,,,,,,,,,
1209155343,PRODUTO LAVADOR ,05/09/2025,Despesa- Concluida,Consumo Oficina,Ferramenta,,,,,,,,,,,,,
1209146080,FITA PVC ,05/09/2025,Despesa- Concluida,Consumo Oficina,Peça,,,,,,,,,,,,,
1209135912,ABASTECIMENTO TKY6E68,05/09/2025,Despesa- Concluida,Consumo Oficina,Veicular,,,Abastecimento,,TKY6E68,16375,,,,,,,
1208826072,CARGA BATERIA  5278,05/09/2025,Despesa- Concluida,Comercial,Serviço de Terceiro,,,,,,,,,,,,,
1208797566,ABASTECIMENTO TKC5D99,05/09/2025,Despesa- Concluida,Consumo Oficina,Veicular,,,Abastecimento,,TKC5D99,10851,,,,,,,
1208385816,ABASTECIMENTO TRATOR EVENTO,04/09/2025,Despesa- Concluida,Comercial,Veicular,,,Abastecimento,,,0,,,,,,,
1208380068,ABASTECIMENTO DE QUADRICICLO,04/09/2025,Despesa- Concluida,Comercial,Veicular,,,Abastecimento,,,0,,,,,,,
1208372858,DISCO DEDESBASTE,04/09/2025,Despesa- Concluida,Consumo Oficina,Ferramenta,,,,,,,,,,,,,
1208264628,ABASTECIMENTO TKY6E68,04/09/2025,Despesa- Concluida,Consumo Oficina,Veicular,,,Abastecimento,,TKY6E68,15.751,,,,,,,
1208257382,PEÇAS PARA O TRATOR DO ROQUE LANDICO,04/09/2025,Despesa- Concluida,Cobrado do Cliente,Peça,,,,,,,,,,,,,
1208219651,ALMOÇO TIO TOKO LUIZ FERNANDO,04/09/2025,Despesa- Concluida,Comercial,Alimentação,,,,,,,,,,,,,
1208193828,TINTA PARA PINTURA VERDE,04/09/2025,Despesa- Concluida,Comercial,Ferramenta,,,,,,,,,,,,,
1207974788,MANUTENÇÃO EPX5253,04/09/2025,Despesa- Concluida,Comercial,Veicular,,,Manutenção,,,0,,,,,,,
1207952089,ABRAÇADEIRA GRUPO RIBEIRO,04/09/2025,Despesa- Concluida,Cobrado do Cliente,Peça,,,,,,,,,,,,,
1207948144,ABASTECIMENTO DLZ1967,04/09/2025,Despesa- Concluida,Consumo Oficina,Veicular,,,Abastecimento,,DLZ1967,183740,,,,,,,
1207623937,ABASTECIMENTO TKY6E68,03/09/2025,Despesa- Concluida,Consumo Oficina,Veicular,,,Abastecimento,,TKY6E68,15176,,,,,,,
1207576383,PORCA ROSCADA DE AÇO,03/09/2025,Despesa- Concluida,Comercial,Peça,,,,,,,,,,,,,
1207562880,SERVIÇO DE TERCEITO MUNK,03/09/2025,Despesa- Concluida,Comercial,Serviço de Terceiro,,,,,,,,,,,,,
1207538217,"1,5M MANGUEIRA E 8 ABRAÇADEIRA",03/09/2025,Despesa- Concluida,Consumo Oficina,Peça,,,,,,,,,,,,,
1207534909,BUCHAS PARA TRATOR DO MARCIO FÁVARO,03/09/2025,Custo-Cobrado Cliente,Cobrado do Cliente,Peça,,,,,,,,,,,,,
1207328859,VOLANTE PARA TRATOR LUCIANO MAZZA,03/09/2025,Despesa- Concluida,Comercial,Peça,,,,,,,,,,,,,
1207321747,ABASTECIMENTOS TRATORES DEMONSTRAÇÃO,03/09/2025,Despesa- Concluida,Comercial,Veicular,,,Abastecimento,,,0,,,,,,,
1206647392,SPRAY PARA SERVIÇOS DA OFICINA,02/09/2025,Despesa- Concluida,Consumo Oficina,Ferramenta,,,,,,,,,,,,,
1206630254,ASBATECIMENTO 6075 4354,02/09/2025,Despesa- Concluida,Comercial,Veicular,,,Abastecimento,,,7.4,,,,,,,
1206453523,GASOLINA PARA LIMPEZA DO TANQUE DE TRATOR EM ESTOQUE,02/09/2025,Despesa- Concluida,Comercial,Veicular,,,Manutenção,,,7.4,,,,,,,
1206065788,ABASTECIMENTO EVG1e67,01/09/2025,Despesa- Concluida,Comercial,Veicular,,,Abastecimento,,EVG1E67,235.851,,,,,,,
1206058138,VISOR PARA PASTA( ETIQUETA),01/09/2025,Despesa- Concluida,Consumo Oficina,Ferramenta,,,,,,,,,,,,,
1206019103,ABASTECIMENTO CAMINHÃO AQJ3H59,01/09/2025,Despesa- Concluida,Comercial,Veicular,,,Abastecimento,,AQJ3H59,416744,,,,,,,
1205771237,ABASTECIMENTO PARA ENTREGA DO ACCURA,01/09/2025,Despesa- Concluida,Comercial,Veicular,,,Abastecimento,,,149805,,,,,,,
1205686116,ABASTECIMENTO TRATOR ADRIANO CORCOVIA PARA ENTREGA,01/09/2025,Despesa- Concluida,Comercial,Veicular,,,Abastecimento,,,1.6,,,,,,,
1205662432,ABASTECIMENTO TKY6E68,01/09/2025,Despesa- Concluida,Consumo Oficina,Veicular,,,Abastecimento,,TKY6E68,14.670,,,,,,,
1205654917,ABASTECIMENTO ATJ6211,01/09/2025,Despesa- Concluida,Consumo Oficina,Veicular,,,Abastecimento,,ATJ6211,348.403,,,,,,,
1205036024,ABASTECIMENTO TKC5D99,30/08/2025,Despesa- Concluida,Consumo Oficina,Veicular,,,Abastecimento,,TKC5D99,10411,,,,,,,
1204986162,REPAROS NOS BANCOS DA MONTANA ,30/08/2025,Despesa- Concluida,Frota,Veicular,,,Manutenção,,FHY8D25,0,,,,,,,
1204984207,BALANCEAMENTO RODA DLZ1967,30/08/2025,Despesa- Concluida,Consumo Oficina,Veicular,,,Manutenção,,DLZ1967,183403,,,,,,,
1204980921,TINTA SPRAY,30/08/2025,Despesa- Concluida,Consumo Oficina,Ferramenta,,,,,,,,,,,,,
1204980514,ABASTECIMENTO FXM4G90,30/08/2025,Despesa- Concluida,Consumo Oficina,Veicular,,,Abastecimento,,FXM4G90,236.424,,,,,,,
1204367222,REVISÃO CARRO GABRIEL,29/08/2025,Despesa- Concluida,Frota,Veicular,,,Manutenção,,TKC5D99,10553,,,,,,,
1204265242,ABASTECIMENTO FHY8D25,29/08/2025,Despesa- Concluida,Consumo Oficina,Veicular,,,Abastecimento,,FHY8D25,0,,,,,,,
1204263706,ABASTECIMENTO FXM4G90,29/08/2025,Despesa- Concluida,Consumo Oficina,Veicular,,,Abastecimento,,FXM4G90,236220,,,,,,,
1203987632,ABASTECIMENTO AQJ3H59,28/08/2025,Despesa- Concluida,Consumo Oficina,Veicular,,,Abastecimento,,AQJ3H59,415873,,,,,,,
1203824007,BROCA,28/08/2025,Despesa- Concluida,Consumo Oficina,Ferramenta,,,,,,,,,,,,,
1203519148,ABASTECIMENTO DIESEL PRA TRATOR,28/08/2025,Despesa- Concluida,Comercial,Veicular,,,Abastecimento,,,15,,,,,,,
1203502353,ABASTECIMENTO DLZ1967,28/08/2025,Despesa- Concluida,Consumo Oficina,Veicular,,,Abastecimento,,DLZ1967,183131,,,,,,,
1203045117,HOSPEDAGEM ESPLANADA DE PROMISSÃO,27/08/2025,Despesa- Concluida,Consumo Oficina,Serviço de Terceiro,,,,,,,,,,,,,
1203031567,MANUTENÇÃO DO TRATOR 9500 ESTOQUE,27/08/2025,Despesa- Concluida,Comercial,Serviço de Terceiro,,,,,,,,,,,,,
1202887653,DIESEL PARA ENTREGA DO TRATOR AO CLIENTE,27/08/2025,Despesa- Concluida,Comercial,Veicular,,,Abastecimento,,,12,,,,,,,
1202806211,ABASTECIMENTO FXM4G90,27/08/2025,Despesa- Concluida,Consumo Oficina,Veicular,,,Abastecimento,,FXM4G90,235863,,,,,,,
1202802518,ABASTECIMENTO TCK5D99,27/08/2025,Despesa- Concluida,Consumo Oficina,Veicular,,,Abastecimento,,TKC5D99,9886,,,,,,,
1202795470,ABASTECIMENTO EVG1E67,27/08/2025,Despesa- Concluida,Comercial,Veicular,,,Abastecimento,,EVG1E67,235.408,,,,,,,
1202512656,ABASTECIMENTO AYB4230,26/08/2025,Despesa- Concluida,Comercial,Veicular,,,Abastecimento,,AYB4230,204.376,,,,,,,
1202496781,Abastecimento TKY6E68,26/08/2025,Despesa- Concluida,Consumo Oficina,Veicular,,,Abastecimento,,TKY6E68,13872,,,,,,,
1202442733,ESPÁTULA,26/08/2025,Despesa- Concluida,Consumo Oficina,Ferramenta,,,,,,,,,,,,,
1202379899,LÂMPADA PARA TRATOR,26/08/2025,Despesa- Concluida,Consumo Oficina,Peça,,,,,,,,,,,,,
1201825052,ABASTECIMENTO EVG1E67,25/08/2025,Despesa- Concluida,Comercial,Veicular,,,Abastecimento,,EVG1E67,234596,,,,,,,
1201786692,ABASTECIMENTO AQJ3H59,25/08/2025,Despesa- Concluida,Comercial,Veicular,,,Abastecimento,,AQJ3H59,414786,,,,,,,
1201708371,MARIA FÁVARO PULVERIZADOR 2 PORCA,25/08/2025,Despesa- Concluida,Cobrado do Cliente,Peça,,,,,,,,,,,,,
1201705241,TROCA PARAFUSO CABINE,25/08/2025,Despesa- Concluida,Frota,Serviço de Terceiro,,,,,,,,,,,,,
1201646728,DESCARREGAMENTO CARRETA,25/08/2025,Despesa- Concluida,Comercial,Serviço de Terceiro,,,,,,,,,,,,,
1201388344,MANUTENÇÃO DE TRATOR,25/08/2025,Despesa- Concluida,Comercial,Peça,,,,,,,,,,,,,
1200585261,CALIBRADOR PARA TRATOR,23/08/2025,Despesa- Concluida,Consumo Oficina,Ferramenta,,,,,,,,,,,,,
1200232905,PRODUTOS QUADRICICLO,22/08/2025,Despesa- Concluida,Comercial,Ferramenta,,,,,,,,,,,,,
1200132361,ABASTECIMENTO EVG1E67,22/08/2025,Despesa- Concluida,Comercial,Veicular,,,Abastecimento,,EVG1E67,0,,,,,,,
1199574015,REPARO TRATOR 4356,21/08/2025,Despesa- Concluida,Comercial,Peça,,,,,,,,,,,,,
1199563567,ABASTECIMENTO AQJ3H59,21/08/2025,Despesa- Concluida,Comercial,Veicular,,,Abastecimento,,AQJ3H59,414106,,,,,,,
1199392172,ABASTECIMENTO FXM4G90,21/08/2025,Despesa- Concluida,Consumo Oficina,Veicular,,,Abastecimento,,FXM4G90,235470,,,,,,,
1199205877,SERVIÇOS DE PNEUS CAMINHAO MUNK,21/08/2025,Despesa- Concluida,Comercial,Veicular,,,Manutenção,,EVG1E67,234243,,,,,,,
1198891237,ABASTECIMENTO FHY8D25,20/08/2025,Despesa- Concluida,Consumo Oficina,Veicular,,,Abastecimento,,FHY8D25,0,,,,,,,
1198689981,COLA SUPERBONDE,20/08/2025,Despesa- Concluida,Consumo Oficina,Ferramenta,,,,,,,,,,,,,
1198460847,ABASTECIMENTO TKC5D99,20/08/2025,Despesa- Concluida,Consumo Oficina,Veicular,,,Abastecimento,,TKC5D99,9352,,,,,,,
1198432408,ABASTECIMENTO FXM4G90,20/08/2025,Despesa- Concluida,Frota,Veicular,,,Abastecimento,,FXM4G90,235115,,,,,,,
1198010678,OCULOS MILANO E CORDA,19/08/2025,Despesa- Concluida,Comercial,Ferramenta,,,,,,,,,,,,,
1197953419,ÓLEO E FILTRO FHY8D25 ,19/08/2025,Despesa- Concluida,Frota,Veicular,,,Manutenção,,FHY8D25,59566,,,,,,,
1197572754,TROCA DO REPARO PISTAO,19/08/2025,Custo-Cobrado Cliente,Cobrado do Cliente,Serviço de Terceiro,,,,,,,,,,,,,
1197264682,THINNER E MAZA DEMARCAÇÃO AMARELO,18/08/2025,Despesa- Concluida,Comercial,Peça,,,,,,,,,,,,,
1197254012,SPRAY SEMIBRILHO PRETO,18/08/2025,Despesa- Concluida,Consumo Oficina,Peça,,,,,,,,,,,,,
1196913194,PEÇAS STARA TORNADO 300,18/08/2025,Despesa- Concluida,Comercial,Peça,,,,,,,,,,,,,
1196859305,ABASTECIMENTO DLZ1967,18/08/2025,Despesa- Concluida,Frota,Veicular,,,Abastecimento,,DLZ1967,182524,,,,,,,
1196853878,PEÇA STARA TORNADO,18/08/2025,Despesa- Concluida,Comercial,Peça,,,,,,,,,,,,,
1196839831,ABASTECIMENTO FHY8D25,18/08/2025,Despesa- Concluida,Consumo Oficina,Veicular,,,Abastecimento,,FHY8D25,95688,,,,,,,
1196835709,ABASTECIMENTO FXM4G90,18/08/2025,Despesa- Concluida,Consumo Oficina,Veicular,,,Abastecimento,,FXM4G90,234698,,,,,,,
1196242700,EIXO HOMOCINETICO STRADA,16/08/2025,Despesa- Concluida,Consumo Oficina,Veicular,,,Manutenção,,ATJ6211,0,,,,,,,
1195901452,ABASTECIMENTO EVG1E67,15/08/2025,Despesa- Concluida,Comercial,Veicular,,,Abastecimento,,EVG1E67,234061,,,,,,,
1195869527,SPRAY MAZA PRETO ,15/08/2025,Despesa- Concluida,Consumo Oficina,Ferramenta,,,,,,,,,,,,,
1195731481,ABASTECIMENTO QUADRICICLO,15/08/2025,Despesa- Concluida,Comercial,Veicular,,,Abastecimento,,,22,,,,,,,
1195716696,Buchas para o banco do 9500,15/08/2025,Custo-Cobrado Cliente,Cobrado do Cliente,Peça,,,,,,,,,,,,,
1195645108,ABASTECIMENTO TKY6E68,15/08/2025,Despesa- Concluida,Consumo Oficina,Veicular,,,Abastecimento,,TKY6E68,13336,,,,,,,
1195642733,CAIXA DE FERRAMENTA,15/08/2025,Despesa- Concluida,Consumo Oficina,Ferramenta,,,,,,,,,,,,,
1195438352,SPRAY PRETO PARA CARRETA LUMA,14/08/2025,Despesa- Concluida,Consumo Oficina,Ferramenta,,,,,,,,,,,,,
1195419125,REVISÃO MONITOR DE SEMENTE,14/08/2025,Custo-Cobrado Cliente,Cobrado do Cliente,Serviço de Terceiro,,,,,,,,,,,,,
1195381957,MANUTENÇÃO CABINE CAMINHÂO,14/08/2025,Despesa- Concluida,Frota,Veicular,,,Manutenção,,AQJ3H59,413475,,,,,,,
1195126263,REVISÃO SEB9J47,14/08/2025,Despesa- Concluida,Frota,Veicular,,,Manutenção,,SEB9J47,74681,,,,,,,
1195117348,MANUTENÇÃO ROQUE RIBEIRO,14/08/2025,Despesa- Concluida,Cobrado do Cliente,Peça,,,,,,,,,,,,,
1195107854,QUADRICICLO ESTOQUE,14/08/2025,Despesa- Concluida,Comercial,Peça,,,,,,,,,,,,,
1195092946,SACAR PARAFUSOS JOSE PIO,14/08/2025,Despesa- Concluida,GARANTIA,Serviço de Terceiro,,,,,,,,,,,,,
1195023202,1 ARCO DE SERRA E 4 CEGUETA,14/08/2025,Despesa- Concluida,Consumo Oficina,Ferramenta,,,,,,,,,,,,,
1195016246,ABASTECIMENTO  FHY8D25,14/08/2025,Despesa- Concluida,Consumo Oficina,Veicular,,,Abastecimento,,FHY8D25,158497,,,,,,,
1194627198,MANUTENÇÃO SEC2J19,13/08/2025,Despesa- Concluida,Frota,Veicular,,,Manutenção,,,90370,,,,,,,
1194619471,REPARO DO FHY8D25,13/08/2025,Despesa- Concluida,Frota,Veicular,,,Manutenção,,FHY8D25,158497,,,,,,,
1194609310,CARREGAMENTO GRADE MUNK,13/08/2025,Despesa- Concluida,Comercial,Serviço de Terceiro,,,,,,,,,,,,,
1194532956,ADESIVOS PARA REVISÕES,13/08/2025,Despesa- Concluida,Consumo Oficina,Ferramenta,,,,,,,,,,,,,
1193959251,ABASTECIMENTO AQJ3H59,12/08/2025,Despesa- Concluida,Frota,Veicular,,,Abastecimento,,AQJ3H59,134735,,,,,,,
1193918898,PRENSA DE MANGUEIRA PARA ADUBADEIRA DCA 5500,12/08/2025,Custo-Cobrado Cliente,Cobrado do Cliente,Serviço de Terceiro,,,,,,,,,,,,,
1193913380,REFAZER ROSCA SUPORTE,12/08/2025,Despesa- Concluida,Consumo Oficina,Serviço de Terceiro,,,,,,,,,,,,,
1193825142,Produtos gerais,12/08/2025,Despesa- Concluida,Comercial,Peça,,,,,,,,,,,,,
1193820370,Interfolha toalha,12/08/2025,Despesa- Concluida,Almoxarifado/Limpeza,Peça,,,,,,,,,,,,,
1193814430,RECUPERAR ROSCA TERRACEADOR,12/08/2025,Despesa- Concluida,Consumo Oficina,Serviço de Terceiro,,,,,,,,,,,,,
1193811453,DOBRADIÇA ANGELO ANDRE,12/08/2025,Despesa- Concluida,Cobrado do Cliente,Serviço de Terceiro,,,,,,,,,,,,,
1193806205,14 CHAPA PARA PLANTADEIRA,12/08/2025,Despesa- Concluida,Consumo Oficina,Serviço de Terceiro,,,,,,,,,,,,,
1193803956,RETIFICAR VOLANTE VICENTE,12/08/2025,Despesa- Concluida,Cobrado do Cliente,Serviço de Terceiro,,,,,,,,,,,,,
1193799122,REPARO PNEU E BALANCEAMENTO DE RODA,12/08/2025,Despesa- Concluida,Frota,Veicular,,,Manutenção,,,0,,,,,,,
1193789010,SOLDAR ESCAPAMENTO,12/08/2025,Despesa- Concluida,Comercial,Serviço de Terceiro,,,,,,,,,,,,,
1193778370,CALÇO PARA MONTAGEM DE CONJ. FRONTAL,12/08/2025,Despesa- Concluida,Consumo Oficina,Serviço de Terceiro,,,,,,,,,,,,,
1193759143,Material Oficina,12/08/2025,Despesa- Concluida,Consumo Oficina,Ferramenta,,,,,,,,,,,,,
1193615384,ABASTECIMENTO QUADRICICLO,12/08/2025,Despesa- Concluida,Comercial,Veicular,,,Abastecimento,,,1348,,,,,,,
1193546129,ABASTECIMENTO TKC5D99,12/08/2025,Despesa- Concluida,Consumo Oficina,Veicular,,,Abastecimento,,TKC5D99,8866,,,,,,,
1193304173,Bateria Voyage SEB9I75,11/08/2025,Despesa- Concluida,Frota,Veicular,,,Manutenção,,SEB9I75,0,,,,,,,
1193295559,LIMPEZA BANCO FHY8D25,11/08/2025,Despesa- Concluida,Frota,Veicular,,,Manutenção,,FHY8D25,0,,,,,,,
1193195318,MANUTENÇÃO DO ASPIRADOR,11/08/2025,Despesa- Concluida,Consumo Oficina,Ferramenta,,,,,,,,,,,,,
1193181164,ABASTECIMENTO FHY8D25,11/08/2025,Despesa- Concluida,Consumo Oficina,Veicular,,,Abastecimento,,FHY8D25,158497,,,,,,,
1192867539,ABASTECIMENTO STRADA VERMELHA,11/08/2025,Despesa- Concluida,Frota,Veicular,,,Abastecimento,,FXM4G90,234274,,,,,,,
1192172427,ABASTECIMENTO TKYS SEILAH MA MA8,09/08/2025,Despesa- Concluida,Consumo Oficina,Veicular,,,Abastecimento,,EPX5402,556133,,,,,,,
1191620927,BUCHA DO ASSENTO DLZ1967,08/08/2025,Despesa- Concluida,Consumo Oficina,Veicular,,,Manutenção,,DLZ1967,1,,,,,,,
1191471094,compra oleo para troca nos carros vendedores,08/08/2025,Despesa- Concluida,Comercial,Veicular,,,Manutenção,,,,,,,,,,
1191467316,arrumou pneu carro André,08/08/2025,Despesa- Concluida,Comercial,Veicular,,,Manutenção,,SEB9I75,,,,,,,,
1191414650,DILUENTE P.U,08/08/2025,Despesa- Concluida,Consumo Oficina,Ferramenta,,,,,,,,,,,,,
1191346162,ABASTECIMENTO DO TKY6E68,08/08/2025,Despesa- Concluida,Consumo Oficina,Veicular,,,Abastecimento,,TKY6E68,13088,,,,,,,
1191061136,RECONDICIONAR COMPRESOR DE AR,08/08/2025,Despesa- Concluida,Cobrado do Cliente,Serviço de Terceiro,,,,,,,,,,,,,
1191057074,DLZ 1967 ABASTECIMENTO,08/08/2025,Despesa- Concluida,Consumo Oficina,Veicular,,,Abastecimento,,DLZ1967,,,,,,,,
1190361794,CONSERTO DE ASPIRADOR,07/08/2025,Despesa- Concluida,Consumo Oficina,Serviço de Terceiro,,,,,,,,,,,,,
1190356243,50 ETIQUETAS OLEO,07/08/2025,Despesa- Concluida,Consumo Oficina,Ferramenta,,,,,,,,,,,,,
1190316167,ABASTECIMENTO CAMINHÃO AQJ3H39,07/08/2025,Despesa- Concluida,Comercial,Veicular,,,Abastecimento,,AQJ3H59,,,,,,,,
1189827478,PRODUTO DE LIMPEZA PRA VEÍCULOS,06/08/2025,Despesa- Concluida,Consumo Oficina,Ferramenta,,,,,,,,,,,,,
1189789288,DISCO LIXA,06/08/2025,Despesa- Concluida,Consumo Oficina,Ferramenta,,,,,,,,,,,,,
1189787544,SPRAY ACRILICO,06/08/2025,Despesa- Concluida,Consumo Oficina,Ferramenta,,,,,,,,,,,,,
1189155093,ABASTECIMENTO FXM4G90,05/08/2025,Despesa- Concluida,Consumo Oficina,Veicular,,,Abastecimento,,FXM4G90,,,,,,,,
1188909374,ABASTECIMENTO EVG1E67,05/08/2025,Despesa- Concluida,Comercial,Veicular,,,Abastecimento,,,233616,,,,,,,
1188310028,DLZ1967 ABASTECIMENTO,04/08/2025,Despesa- Concluida,Consumo Oficina,Veicular,,,Abastecimento,,DLZ1967,,,,,,,,
1188248947,MACACO VERMELHO,04/08/2025,Despesa- Concluida,Consumo Oficina,Ferramenta,,,,,,,,,,,,,
1188247055,MACACO VERDE,04/08/2025,Despesa- Concluida,Consumo Oficina,Ferramenta,,,,,,,,,,,,,
1188245376,MACACO AZUL PRENSA,04/08/2025,Despesa- Concluida,Consumo Oficina,Ferramenta,,,,,,,,,,,,,
1188243250,MACACO VERDE P,04/08/2025,Despesa- Concluida,Consumo Oficina,Ferramenta,,,,,,,,,,,,,
1188241695,MACACO JACARÉ,04/08/2025,Despesa- Concluida,Consumo Oficina,Ferramenta,,,,,,,,,,,,,
1188239313,MACACO PNEUMATICO VERMELHO + BOMBA PNEUMATICA,04/08/2025,Despesa- Concluida,Consumo Oficina,Ferramenta,,,,,,,,,,,,,
1187475518,KIT REVISÃO,02/08/2025,Despesa- Concluida,Consumo Oficina,Ferramenta,,,,,,,,,,,,,
1187202814,FXM4G90 ABASTECIMENTO,01/08/2025,Despesa- Concluida,Consumo Oficina,Veicular,,,Abastecimento,,FXM4G90,234915,,,,,,,
1187184845,DIESEL PRA TRATOR DE DESMONSTRAÇÃO 9500S,01/08/2025,Despesa- Concluida,Comercial,Veicular,,,Abastecimento,,,,,,,,,,
1186863166,EXTENSÃO E CORDA,01/08/2025,Despesa- Concluida,Comercial,Ferramenta,,,,,,,,,,,,,
1186850282,ABASTECIMENTO PARA SERVIÇO EM CAMPO TKY6E68,01/08/2025,Despesa- Concluida,Consumo Oficina,Veicular,,,Abastecimento,,TKY6E68,,,,,,,,
1186250933,ABSTECIMENTO TKC5D99,31/07/2025,Despesa- Concluida,Consumo Oficina,Veicular,,,Abastecimento,,,,,,,,,,
1186225889,FERRAMENTA PARA REGULAR VÁLVULA,31/07/2025,Despesa- Concluida,Consumo Oficina,Ferramenta,,,,,,,,,,,,,
1186212398,2 alicates KADU,31/07/2025,Despesa- Concluida,Comercial,Ferramenta,,,,,,,,,,,,,
1185994149,"Verniz 900ML, VONIXX PNEU PRETINHO",30/07/2025,Despesa- Concluida,Consumo Oficina,Ferramenta,,,,,,,,,,,,,
1185977233,FUNDO PREPARADOR,30/07/2025,Despesa- Concluida,Consumo Oficina,Ferramenta,,,,,,,,,,,,,
1185915761,7 PARAFUSOS TRINHCA PINHALENSE,30/07/2025,Despesa- Concluida,Cobrado do Cliente,Peça,,,,,,,,,,,,,
1185885299,PARAFUSO DA RODA DIANTEIRA DO TRATOR 5050 NOVO,30/07/2025,Despesa- Concluida,Comercial,Peça,,,,,,,,,,,,,
1185656181,ALMOÇO TIO TOKO,30/07/2025,Despesa- Concluida,Consumo Oficina,Alimentação,,,,,,,,,,,,,
1185646916, ABASTECIMENTO AVG1E67,30/07/2025,Despesa- Concluida,Comercial,Veicular,,,Abastecimento,,,,,,,,,,
1185644840,Abastecimento DLZ1967,30/07/2025,Despesa- Concluida,Consumo Oficina,Veicular,,,Abastecimento,,,,,,,,,,
1185305630,CAIXA DE FERRAMENTA NICOLAS,29/07/2025,Negadas,Consumo Oficina,Ferramenta,,,,,,,,,,,,,
1185303401,CAIXA CAMINHONETE NICOLAS,29/07/2025,Negadas,Consumo Oficina,Ferramenta,,,,,,,,,,,,,
1185168443,ABASTECIMENTO CONSORCIO,29/07/2025,Despesa- Concluida,Comercial,Veicular,,,Abastecimento,,AYB4230,202263,,,,,,,
1184551349,THINNER PARA OFICINA,28/07/2025,Despesa- Concluida,Consumo Oficina,Ferramenta,,,,,,,,,,,,,
1184417256,ETIQUETA PARA CHAVE,28/07/2025,Despesa- Concluida,Consumo Oficina,Ferramenta,,,,,,,,,,,,,
1184344378,DISTRIBUIDOR TORNADO STARA,28/07/2025,Despesa- Concluida,Comercial,Ferramenta,,,,,,,,,,,,,
1184330334,LIBERAÇÃO DE MOLA PARA VISTORIA DO AQJ3H59,28/07/2025,Despesa- Concluida,Comercial,Serviço de Terceiro,,,,,,,,,,,,,
1184297114,ABASTECIMENTO TKY6E68,28/07/2025,Despesa- Concluida,Consumo Oficina,Veicular,,,Abastecimento,,TKY6E68,,,,,,,,
1184296253,ABASTECIMENTO AQJ3H59,28/07/2025,Despesa- Concluida,Comercial,Veicular,,,Abastecimento,,AQJ3H59,,,,,,,,
1183684549,OLINTO RODRIGUES DE ARRUDA E OUTRO,26/07/2025,Despesa- Concluida,Cobrado do Cliente,Peça,,,,,,,,,,,,,
1183398983,ABASTECIMENTO TKY6E68,25/07/2025,Despesa- Concluida,Consumo Oficina,Veicular,,,Abastecimento,,TKY6E68,,,,,,,,
1183389634,DIESEL PRA TRATORES 6075 E 2025,25/07/2025,Despesa- Concluida,Comercial,Veicular,,,Abastecimento,,,,,,,,,,
1183326280,MOTOR 8000 OLINTO,25/07/2025,Despesa- Concluida,Cobrado do Cliente,Serviço de Terceiro,,,,,,,,,,,,,
1183224488,ABASTECIMENTO CARRO PESSOAL PAULO,25/07/2025,Despesa- Concluida,Consumo Oficina,Veicular,,,Abastecimento,,TKY6E68,,,,,,,,
1183123675,Almoço Tio Toko Paulo / Luiz Fernando,25/07/2025,Despesa- Concluida,Consumo Oficina,Alimentação,,,,,,,,,,,,,
1182427526,ABASTECIMENTO DLZ1967,24/07/2025,Despesa- Concluida,Consumo Oficina,Veicular,,,Abastecimento,,DLZ1967,,,,,,,,
1182175101,"TOMADA, FUSIVEL E SERVIÇO DE INSTALAÇÃO",23/07/2025,Despesa- Concluida,Comercial,Veicular,,,Manutenção,,,,,,,,,,
1182171275,ABASTECIMENTO LUIZ FERNANDO,23/07/2025,Despesa- Concluida,Comercial,Veicular,,,Abastecimento,,,,,,,,,,
1181936023,"Tinta, pincel e escova de aço",23/07/2025,Despesa- Concluida,Consumo Oficina,Ferramenta,,,,,,,,,,,,,
1181702666,ABASTECIMENTO JOAQUIM FERNANDO,23/07/2025,Despesa- Concluida,Comercial,Veicular,,,Abastecimento,,,,,,,,,,
1181681433,ABASTECIMENTO DO TKY6E68,23/07/2025,Despesa- Concluida,Consumo Oficina,Veicular,,,Abastecimento,,TKY6E68,,,,,,,,
1181198650,Insufilm AQJ3H59,22/07/2025,Despesa- Concluida,Baixa,Veicular,,,Outros,,,,,,,,,,
1181059328,GASOLINA QUADRICICLO,22/07/2025,Despesa- Concluida,Cobrado do Cliente,Veicular,,,Abastecimento,,,,,,,,,,
1180849886,CAIXA DE TINTA SPRAY SEMI BIRLHO,22/07/2025,Despesa- Concluida,Consumo Oficina,Ferramenta,,,,,,,,,,,,,
1180845787,TERMORETRÁTIL PARA USO DA OFICINA,22/07/2025,Despesa- Concluida,Comercial,Ferramenta,,,,,,,,,,,,,
1180380990,MACHO PARA FAZER ROSCA,21/07/2025,Despesa- Concluida,Consumo Oficina,Peça,,,,,,,,,,,,,
1180279100,2 CHAVE 10 DE CATRACA E LUVA,21/07/2025,Despesa- Concluida,Consumo Oficina,Ferramenta,,,,,,,,,,,,,
1179987698,ÓLEO DIESEL CACIQUE,21/07/2025,Despesa- Concluida,Comercial,Veicular,,,Abastecimento,,,,,,,,,,
1179983484,ABASTECIMENTO PARA TKY6E68,21/07/2025,Despesa- Concluida,Consumo Oficina,Veicular,,,Abastecimento,,TKY6E68,,,,,,,,
1179973856,Cabo de Solda,21/07/2025,Despesa- Concluida,Consumo Oficina,Ferramenta,,,,,,,,,,,,,
1179943583,ABASTECIMENTO DO TKC5D99,21/07/2025,Despesa- Concluida,Consumo Oficina,Veicular,,,Abastecimento,,TKC5D99,,,,,,,,
1179306316,ABASTECIMENTO AQJ3H59,19/07/2025,Despesa- Concluida,Comercial,Veicular,,,Abastecimento,,AQJ3H59,,,,,,,,
1179031164,FXM4G90 ABASTECIMENTO PARA SERVIÇO EM CAMPO,18/07/2025,Despesa- Concluida,Consumo Oficina,Veicular,,,Abastecimento,,FXM4G90,,,,,,,,
1178686524,Refeicao Reuniao Comercial - FEAP 2025,18/07/2025,Aguardando- NF ou Aprovar,Comercial,Alimentação,,,,,,,,,,,,,
1177835939,ABASTECIMENTO TKY6E68,17/07/2025,Despesa- Concluida,Consumo Oficina,Veicular,,,Abastecimento,,TKY6E68,,,,,,,,
1177793208,ABASTECIMENTO EVG1E67,17/07/2025,Despesa- Concluida,Comercial,Veicular,,,Abastecimento,,EVG1E67,,,,,,,,
1177784056,ABASTECIMENTO PARA DLZ1967,17/07/2025,Despesa- Concluida,Consumo Oficina,Veicular,,,Abastecimento,,DLZ1967,,,,,,,,
1177410315,LIXAS ROKIT,16/07/2025,Despesa- Concluida,Comercial,Peça,,,,,,,,,,,,,
1176872411,MANGUEIRA PARA TERRACEADOR DO CLIENTE CLAUDINEI,15/07/2025,Despesa- Concluida,Comercial,Peça,,,,,,,,,,,,,
1176702959,TURBINA PARA TRATOR JOSE PIO,15/07/2025,Despesa- Concluida,Cobrado do Cliente,Peça,,,,,,,,,,,,,
1176540250,ABASTECIMENTO TKC5D99,15/07/2025,Despesa- Concluida,Consumo Oficina,Veicular,,,Abastecimento,,TKC5D99,,,,,,,,
1176478372,CONSERTO MACACOS OFICINA ,15/07/2025,Despesa- Concluida,Consumo Oficina,Serviço de Terceiro,,,,,,,,,,,,,
1176039733,ABASTECIMENTO TKY6E68,14/07/2025,Despesa- Concluida,Consumo Oficina,Veicular,,,Abastecimento,,TKY6E68,,,,,,,,
1175787118,CAIXA DE ADUBO ACCURA 1200(ESTOQUE),14/07/2025,Despesa- Concluida,Comercial,Peça,,,,,,,,,,,,,
1174794703,ROLO PARA PINTURA ,11/07/2025,Despesa- Concluida,Comercial,Peça,,,,,,,,,,,,,
1174609193,ABASTECIMENTO AQJ3H59,11/07/2025,Despesa- Concluida,Comercial,Veicular,,,Abastecimento,,AQJ3H59,,,,,,,,
1174547655,ABASTECIMENTO DLZ1967,11/07/2025,Despesa- Concluida,Consumo Oficina,Veicular,,,Abastecimento,,DLZ1967,,,,,,,,
1174538114,ABASTECIMENTO FXM4G90,11/07/2025,Despesa- Concluida,Consumo Oficina,Veicular,,,Abastecimento,,FXM4G90,,,,,,,,
1174115859,DISCO DE DESBASTE ,10/07/2025,Despesa- Concluida,Comercial,Peça,,,,,,,,,,,,,
1173935654,Tinta laca grafite p/rodas,10/07/2025,Despesa- Concluida,Comercial,Peça,,,,,,,,,,,,,
1172955428,ABASTECIMENTO FXM4G90,08/07/2025,Despesa- Concluida,Consumo Oficina,Veicular,,,Abastecimento,,FXM4G90,,,,,,,,
1172953890,PARAFUSO E TRAVA MEIA LUA,08/07/2025,Despesa- Concluida,Comercial,Peça,,,,,,,,,,,,,
1172660189,ABASTECIMENTO DLZ1967,07/07/2025,Despesa- Concluida,Consumo Oficina,Veicular,,,Abastecimento,,DLZ1967,,,,,,,,
1172642643,ABASTECIMENTO TKC5D99,07/07/2025,Despesa- Concluida,Consumo Oficina,Veicular,,,Abastecimento,,TKC5D99,,,,,,,,
1172618101,ELETRODO,07/07/2025,Despesa- Concluida,Comercial,Peça,,,,,,,,,,,,,
1172427862,MACACÃO ,07/07/2025,Despesa- Concluida,Consumo Oficina,Peça,,,,,,,,,,,,,
1171912537,ABASTECIMENTO TRATOR,04/07/2025,Despesa- Concluida,Comercial,Veicular,,,Abastecimento,,,,,,,,,,
1171679615,ABASTECIMENTO AYB4230,04/07/2025,Despesa- Concluida,Comercial,Veicular,,,Abastecimento,,,,,,,,,,
1171662021,BOTINAS E ÓCULOS DE PROTEÇÃO ,04/07/2025,Despesa- Concluida,Consumo Oficina,Peça,,,,,,,,,,,,,
1171566391,PARAFUSO PRO VAGÃO,04/07/2025,Despesa- Concluida,Comercial,Peça,,,,,,,,,,,,,
1170515616,ABASTECIMENTO JOÃO FARTURA,02/07/2025,Despesa- Concluida,Consumo Oficina,Veicular,,,Abastecimento,,EPX5475,,,,,,,,
1170508452,REABASTECIMENTO DE DIESEL,02/07/2025,Despesa- Concluida,Comercial,Veicular,,,Abastecimento,,,,,,,,,,
1169832878,TROCA LIMPADOR DO PARABRISA,01/07/2025,Despesa- Concluida,Comercial,Peça,,,,,,,,,,,,,
1169824278,ABASTECIMENTO TKY6E68,01/07/2025,Despesa- Concluida,Consumo Oficina,Veicular,,,Abastecimento,,TKY6E68,,,,,,,,
1169731301,ABASTECIMENTO AQJ3H59,01/07/2025,Despesa- Concluida,Comercial,Veicular,,,Abastecimento,,AQJ3H59,,,,,,,,
1169468424,Abastecimento EVG1E67,01/07/2025,Despesa- Concluida,Comercial,Veicular,,,Abastecimento,,EVG1E67,,,,,,,,
1169375423,ABASTECIMENTO DLZ1967,01/07/2025,Despesa- Concluida,Consumo Oficina,Veicular,,,Abastecimento,,DLZ1967,,,,,,,,
1169002203,ABASTECIMENTO TKY6E68,30/06/2025,Despesa- Concluida,Consumo Oficina,Veicular,,,Abastecimento,,,,,,,,,,
1168986029,ABASTECIMENTO DYL8F61,30/06/2025,Despesa- Concluida,Consumo Oficina,Veicular,,,Abastecimento,,,,,,,,,,
1168975038,TAMPÃO DE PVC,30/06/2025,Despesa- Concluida,Comercial,Peça,,,,,,,,,,,,,
1168952613,ABASTECIMENTO,30/06/2025,Despesa- Concluida,Comercial,Veicular,,,Abastecimento,,,,,,,,,,
1168946861,PRENSA DE MANGUEIRA,30/06/2025,Despesa- Concluida,Comercial,Serviço de Terceiro,,,,,,,,,,,,,
1168609607,PARAFUSO,30/06/2025,Despesa- Concluida,Comercial,Peça,,,,,,,,,,,,,
1167716665,ABASTECIMENTO FXM4G90,28/06/2025,Despesa- Concluida,Consumo Oficina,Veicular,,,Abastecimento,,FXM4G90,,,,,,,,
1167698633,ARRUELA DE ALUMINIO ,28/06/2025,Despesa- Concluida,Consumo Oficina,Peça,,,,,,,,,,,,,
1167087268,PARAFUSOS,27/06/2025,Despesa- Concluida,Comercial,Peça,,,,,,,,,,,,,
1166953797,20 LITROS GASOLINA TRATOR  86-110P,27/06/2025,Despesa- Concluida,Comercial,Veicular,,,Abastecimento,,,,,,,,,,
1166658471,ABASTECIMENTO AQJ3H59,26/06/2025,Despesa- Concluida,Comercial,Veicular,,,Abastecimento,,AQJ3H59,,,,,,,,
1166567255,Abastecimento TKC5D99,26/06/2025,Despesa- Concluida,Consumo Oficina,Veicular,,,Abastecimento,,TKC5D99,,,,,,,,
1166460878,SPRAY PRETO,26/06/2025,Despesa- Concluida,Consumo Oficina,Peça,,,,,,,,,,,,,
1166456860,ABASTECIMENTO FXM4G90,26/06/2025,Despesa- Concluida,Consumo Oficina,Veicular,,,Abastecimento,,FXM4G90,,,,,,,,
1165777242,ALICATE,25/06/2025,Despesa- Concluida,Infraestrutura,Ferramenta,,,,,,,,,,,,,
1165122967,ABASTECIMENTO DLZ1967,24/06/2025,Despesa- Concluida,Consumo Oficina,Veicular,,,Abastecimento,,DLZ1967,,,,,,,,
1164842785,ABASTECIMENTO TKY6E68,24/06/2025,Despesa- Concluida,Consumo Oficina,Veicular,,,Abastecimento,,TKY6E68,,,,,,,,
1164591154,ABASTECIMENTO AQJ3H59,23/06/2025,Despesa- Concluida,Comercial,Veicular,,,Abastecimento,,AQJ3H59,,,,,,,,
1164283824,CAIXA DE FERRAMENTA E LUVA,23/06/2025,Despesa- Concluida,Comercial,Ferramenta,,,,,,,,,,,,,
1164195469,PARAFUSO PRA SACADOR,23/06/2025,Despesa- Concluida,Consumo Oficina,Peça,,,,,,,,,,,,,
1163553334,TINTA VERMELHO MAHINDRA ,20/06/2025,Despesa- Concluida,Consumo Oficina,Peça,,,,,,,,,,,,,
1163444858,ABASTECIMENTO,20/06/2025,Despesa- Concluida,Consumo Oficina,Veicular,,,Abastecimento,,TKC5D99,,,,,,,,
1163416515,ARRUELA DE VEDAÇÃO ,20/06/2025,Despesa- Concluida,Cobrado do Cliente,Peça,,,,,,,,,,,,,
1163334888,ALMOÇO TIO TOKO ,20/06/2025,Despesa- Concluida,Consumo Oficina,Alimentação,,,,,,,,,,,,,
1163279190,ELETRODO,20/06/2025,Despesa- Concluida,Comercial,Peça,,,,,,,,,,,,,
1162738181,ABASTECIMENTO AQJ3H59,18/06/2025,Despesa- Concluida,Comercial,Veicular,,,Abastecimento,,AQJ3H59,,,,,,,,
1161736615,ABASTECIMENTO,17/06/2025,Despesa- Concluida,Consumo Oficina,Veicular,,,Abastecimento,,FXM4G90,,,,,,,,
1161620637,FUSIVEIS ,17/06/2025,Despesa- Concluida,Consumo Oficina,Peça,,,,,,,,,,,,,
1161525567,TINTA,17/06/2025,Despesa- Concluida,Comercial,Peça,,,,,,,,,,,,,
1161507364,ABASTECIMENTO,17/06/2025,Despesa- Concluida,Consumo Oficina,Veicular,,,Abastecimento,,TKY6E68,,,,,,,,
1161112383,AJUSTAR NO TORNO BASE,16/06/2025,Despesa- Concluida,Comercial,Serviço de Terceiro,,,,,,,,,,,,,
1161111270,Reparo em Carcaça – Furos e Rosca,16/06/2025,Despesa- Concluida,Consumo Oficina,Serviço de Terceiro,,,,,,,,,,,,,
1161107304,FAZER PINO,16/06/2025,Despesa- Concluida,Consumo Oficina,Serviço de Terceiro,,,,,,,,,,,,,
1161105157,FAZER ESCAPAMENTO CAMINHÃO 4 EIXO,16/06/2025,Despesa- Concluida,Comercial,Serviço de Terceiro,,,,,,,,,,,,,
1161103456,FURAR FACAS DE AÇO,16/06/2025,Despesa- Concluida,Comercial,Serviço de Terceiro,,,,,,,,,,,,,
1161097808,ENCHER E FAZER ROSCA,16/06/2025,Despesa- Concluida,Cobrado do Cliente,Serviço de Terceiro,,,,,,,,,,,,,
1160737470,ABASTECIMENTO CAMINHÃO,16/06/2025,Despesa- Concluida,Comercial,Veicular,,,Abastecimento,,EVG1E67,,,,,,,,
1160476976,PRENSA DE MANGUEIRA ,14/06/2025,Despesa- Concluida,Comercial,Serviço de Terceiro,,,,,,,,,,,,,
1160190679,ARRUELA E ABRAÇADEIRA,13/06/2025,Despesa- Concluida,Cobrado do Cliente,Peça,,,,,,,,,,,,,
1159741492,ABASTECIMENTO CAMINHÃO,12/06/2025,Despesa- Concluida,Comercial,Veicular,,,Abastecimento,,AQJ3H59,,,,,,,,
1159723424,PRODUTOS DE PAPELARIA ,12/06/2025,Despesa- Concluida,Consumo Oficina,Peça,,,,,,,,,,,,,
1159376943,ABASTECIMENTO,12/06/2025,Despesa- Concluida,Consumo Oficina,Veicular,,,Abastecimento,,FXM4G90,,,,,,,,
1159131664,TINTA SPRAY ,11/06/2025,Despesa- Concluida,Consumo Oficina,Peça,,,,,,,,,,,,,
1158743622,ABASTECIMENTO ,11/06/2025,Despesa- Concluida,Consumo Oficina,Veicular,,,Abastecimento,,,,,,,,,,
1158083251,ALMOÇO TIO TOKO,10/06/2025,Despesa- Concluida,Consumo Oficina,Alimentação,,,,,,,,,,,,,
1157976472,CONSERTO CHAVE,10/06/2025,Despesa- Concluida,Consumo Oficina,Veicular,,,Manutenção,,,,,,,,,,
1157519573,ABASTECIMENTO CAMINHÃO,09/06/2025,Despesa- Concluida,Comercial,Veicular,,,Abastecimento,,,,,,,,,,
1157204114,REPARO DAS BOMBAS,09/06/2025,Despesa- Concluida,Cobrado do Cliente,Peça,,,,,,,,,,,,,
1157200222,ABASTECIMENTO ,09/06/2025,Despesa- Concluida,Consumo Oficina,Veicular,,,Abastecimento,,,,,,,,,,
1155495742,ABASTECIMENTO,05/06/2025,Despesa- Concluida,Consumo Oficina,Veicular,,,Abastecimento,,,,,,,,,,
1155471039,ABASTECIMENTO,05/06/2025,Despesa- Concluida,Consumo Oficina,Veicular,,,Abastecimento,,,,,,,,,,
1155470600,ABASTECIMENTO ,05/06/2025,Despesa- Concluida,Consumo Oficina,Veicular,,,Abastecimento,,,,,,,,,,
1155463937,ABASTECIMENTO TRATOR ,05/06/2025,Despesa- Concluida,Comercial,Veicular,,,Abastecimento,,,,,,,,,,
1155039974,ABASTECIMENTO LUCAS,04/06/2025,Despesa- Concluida,Consumo Oficina,Veicular,,,Abastecimento,,,,,,,,,,
1154698876,ABASTECIMENTO MUNK,04/06/2025,Despesa- Concluida,Consumo Oficina,Veicular,,,Abastecimento,,,,,,,,,,
1154220289,ABASTECIMENTO,03/06/2025,Despesa- Concluida,Consumo Oficina,Veicular,,,Abastecimento,,,,,,,,,,
1153991695,ABASTECIMENTO,03/06/2025,Despesa- Concluida,Consumo Oficina,Veicular,,,Abastecimento,,,,,,,,,,
1153744968,ABASTECIMENTO,02/06/2025,Despesa- Concluida,Consumo Oficina,Veicular,,,Abastecimento,,,,,,,,,,
1153555457,REVOLVER PARA LAVADOR,02/06/2025,FERRAMENTAS ESTOQUE,Consumo Oficina,Ferramenta,,,,,,,,,,,,,
1153233596,ABASTECIMENTO ,02/06/2025,Despesa- Concluida,Consumo Oficina,Veicular,,,Abastecimento,,,,,,,,,,
1153225485,4 PARAFUSOS,02/06/2025,Despesa- Concluida,Cobrado do Cliente,Peça,,,,,,,,,,,,,
1152628465,LUVA VAQUETA ,30/05/2025,Despesa- Concluida,Comercial,Ferramenta,,,,,,,,,,,,,
1152578777,PRENSA DE MANGUEIRA,30/05/2025,Despesa- Concluida,Cobrado do Cliente,Serviço de Terceiro,,,,,,,,,,,,,
1152542959,EXTENSÃO PARA ESCRITÓRIO,30/05/2025,Despesa- Concluida,Consumo Oficina,Ferramenta,,,,,,,,,,,,,
1152339110,CALIBRADOR AGUA E AR / CONEXÃO MANGUEIRA DE AR ,30/05/2025,Despesa- Concluida,Consumo Oficina,Ferramenta,,,,,,,,,,,,,
1152288577,ABASTECIMENTO,30/05/2025,Despesa- Concluida,Consumo Oficina,Veicular,,,Abastecimento,,,,,,,,,,
1151405522,ABASTECIMENTO,29/05/2025,Despesa- Concluida,Consumo Oficina,Veicular,,,Abastecimento,,,,,,,,,,
1151404277,ABASTECIMENTO,29/05/2025,Despesa- Concluida,Consumo Oficina,Veicular,,,Abastecimento,,,,,,,,,,
1151403734,ABASTECIMENTO ,29/05/2025,Despesa- Concluida,Comercial,Veicular,,,Abastecimento,,,,,,,,,,
1150594068,DISCO FLAP,28/05/2025,Despesa- Concluida,Comercial,Ferramenta,,,,,,,,,,,,,
1150235431,Pistola Aerográfica,27/05/2025,FERRAMENTAS ESTOQUE,Infraestrutura,Ferramenta,,,,,,,,,,,,,
1150234472,Máquina Pneumatica De Meia ,27/05/2025,FERRAMENTAS ESTOQUE,Infraestrutura,Ferramenta,,,,,,,,,,,,,
1150233385,Máquina Pneumatica 3 Quartos,27/05/2025,FERRAMENTAS ESTOQUE,Infraestrutura,Ferramenta,,,,,,,,,,,,,
1150232011,Macaco á Jacaré,27/05/2025,FERRAMENTAS ESTOQUE,Infraestrutura,Ferramenta,,,,,,,,,,,,,
1150230888,3 macacos grandes,27/05/2025,FERRAMENTAS ESTOQUE,Infraestrutura,Ferramenta,,,,,,,,,,,,,
1150230179,3 macacos pequenos,27/05/2025,FERRAMENTAS ESTOQUE,Infraestrutura,Ferramenta,,,,,,,,,,,,,
1150228672,Politriz Dewalt,27/05/2025,FERRAMENTAS ESTOQUE,Infraestrutura,Ferramenta,,,,,,,,,,,,,
1150227823,Lixadeira Rokit ,27/05/2025,FERRAMENTAS ESTOQUE,Infraestrutura,Ferramenta,,,,,,,,,,,,,
1150226806,Revolver de pintura de 500ml/alta pressão,27/05/2025,FERRAMENTAS ESTOQUE,Infraestrutura,Ferramenta,,,,,,,,,,,,,
1150225721,Revolver de pintura de 300ml/alta pressão,27/05/2025,FERRAMENTAS ESTOQUE,Infraestrutura,Ferramenta,,,,,,,,,,,,,
1150224846,Revolver de pintura de 300ml/baixa pressão,27/05/2025,FERRAMENTAS ESTOQUE,Infraestrutura,Ferramenta,,,,,,,,,,,,,
1150223246,Furadeira á Bateria ,27/05/2025,FERRAMENTAS ESTOQUE,Infraestrutura,Ferramenta,,,,,,,,,,,,,
1150222159,Lixadeira Dewalt ,27/05/2025,FERRAMENTAS ESTOQUE,Infraestrutura,Ferramenta,,,,,,,,,,,,,
1150220934,Furadeira Dewalt 110,27/05/2025,FERRAMENTAS ESTOQUE,Infraestrutura,Ferramenta,,,,,,,,,,,,,
1150218466,Parafusadeira de impacto 1/2 ,27/05/2025,FERRAMENTAS ESTOQUE,Infraestrutura,Ferramenta,,,,,,,,,,,,,
1150005174,DIESEL PARA TRATOR DO ESTOQUE ,27/05/2025,Despesa- Concluida,Comercial,Veicular,,,Abastecimento,,,,,,,,,,
1149786935,ABASTECIMENTO,27/05/2025,Despesa- Concluida,Consumo Oficina,Veicular,,,Abastecimento,,,,,,,,,,
1149776185,ABASTECIMENTO,27/05/2025,Despesa- Concluida,Consumo Oficina,Veicular,,,Abastecimento,,,,,,,,,,
1149730034,CANETA PARA REPARO DE PINTURA ,27/05/2025,FERRAMENTAS ESTOQUE,Consumo Oficina,Ferramenta,"[""Técnico: Fernando Leonel""]",,,,,,,,,,,,
1149729465,ABASTECIMENTO,27/05/2025,Despesa- Concluida,Consumo Oficina,Veicular,,,Abastecimento,,,,,,,,,,
1149004214,ABASTECIMENTO,26/05/2025,Despesa- Concluida,Consumo Oficina,Veicular,,,Abastecimento,,,,,,,,,,
1148264565,ABASTECIMENTO,23/05/2025,Despesa- Concluida,Consumo Oficina,Veicular,,,Abastecimento,,,,,,,,,,
1148203279,DIESEL TRATOR NOVO CLAIR DOGNANI,23/05/2025,Despesa- Concluida,Comercial,Veicular,,,Abastecimento,,,,,,,,,,
1148062785,"ABRAÇADEIRAS, REGISTROS E TAMPÃO",23/05/2025,Despesa- Concluida,Comercial,Peça,,,,,,,,,,,,,
1147503072,PRODUTOS PARA PINTURA DA OFICINA ,22/05/2025,Despesa- Concluida,Consumo Oficina,Peça,,,,,,,,,,,,,
1147499278,"TINTA SPRAY, THINNER E FITA CREPE ",22/05/2025,Despesa- Concluida,Consumo Oficina,Peça,,,,,,,,,,,,,
1146351060,PARAFUSO,21/05/2025,Despesa- Concluida,Consumo Oficina,Peça,,,,,,,,,,,,,
1146316968,ALMOÇO TIO TOKO,21/05/2025,Despesa- Concluida,Consumo Oficina,Alimentação,,,,,,,,,,,,,
1145774527,ABASTECIMENTO ,20/05/2025,Despesa- Concluida,Consumo Oficina,Veicular,,,Abastecimento,,,,,,,,,,
1145664131,ABASTECIMENTO ,20/05/2025,Despesa- Concluida,Comercial,Veicular,,,Abastecimento,,,,,,,,,,
1145309305,OCULOS DE PROTEÇÃO,20/05/2025,Despesa- Concluida,Consumo Oficina,Ferramenta,,,,,,,,,,,,,
1144771390,ABASTECIMENTO,19/05/2025,Despesa- Concluida,Comercial,Veicular,,,Abastecimento,,,,,,,,,,
1144615971,ABASTECIMENTO,19/05/2025,Despesa- Concluida,Consumo Oficina,Veicular,,,Abastecimento,,,,,,,,,,
1144426116,ABASTECIMENTO,19/05/2025,Despesa- Concluida,Consumo Oficina,Veicular,,,Abastecimento,,,,,,,,,,
1143196674,ABASTECIMENTO,16/05/2025,Despesa- Concluida,Consumo Oficina,Veicular,,,Abastecimento,,,,,,,,,,
1142966525,ABASTECIMENTO,16/05/2025,Despesa- Concluida,Consumo Oficina,Veicular,,,Abastecimento,,,,,,,,,,
1142932213,LIXA,16/05/2025,Despesa- Concluida,Consumo Oficina,Peça,,,,,,,,,,,,,
1142931166,FERRO DE SOLDA E ESTANHO ,16/05/2025,Despesa- Concluida,Consumo Oficina,Ferramenta,,,,,,,,,,,,,
1142127351,ABASTECIMENTO ,15/05/2025,Despesa- Concluida,Comercial,Veicular,,,Abastecimento,,,,,,,,,,
1141909065,SERVIÇO DE TORNO ,15/05/2025,Despesa- Concluida,Comercial,Serviço de Terceiro,,,,,,,,,,,,,
1141907264,CALIBRE PARA REGULAR VALVULA ,15/05/2025,Despesa- Concluida,Consumo Oficina,Ferramenta,,,,,,,,,,,,,
1141412927,CONSERTO MONTANA ,14/05/2025,Despesa- Concluida,Consumo Oficina,Serviço de Terceiro,,,,,,,,,,,,,
1141239397,ABASTECIMENTO,14/05/2025,Despesa- Concluida,Consumo Oficina,Veicular,,,Abastecimento,,,,,,,,,,
1141196128,ABASTECIMENTO,14/05/2025,Despesa- Concluida,Consumo Oficina,Veicular,,,Abastecimento,,,,,,,,,,
1140784739,CILINDRO DE GÁS PARA MAÇARICO ,13/05/2025,Despesa- Concluida,Consumo Oficina,Peça,,,,,,,,,,,,,
1140418392,SERVIÇO DE TORNO ,13/05/2025,Despesa- Concluida,Cobrado do Cliente,Serviço de Terceiro,,,,,,,,,,,,,
1139679833,TERMINAL DA BATERIA ,12/05/2025,Despesa- Concluida,Consumo Oficina,Peça,,,,,,,,,,,,,
1138317697,BARRA DE ROSCA,09/05/2025,Despesa- Concluida,Comercial,Peça,,,,,,,,,,,,,
1138093539,ABASTECIMENTO DANILO,09/05/2025,Despesa- Concluida,Consumo Oficina,Veicular,,,Abastecimento,,,,,,,,,,
1138089270,SERVIÇO DE TORNO,09/05/2025,Despesa- Concluida,Comercial,Serviço de Terceiro,,,,,,,,,,,,,
1138086188,ABASTECIMENTO PAULO,09/05/2025,Despesa- Concluida,Consumo Oficina,Veicular,,,Abastecimento,,,,,,,,,,
1137392344,GASOLINA PARA LIMPEZA,08/05/2025,Despesa- Concluida,Consumo Oficina,Veicular,,,Manutenção,,,,,,,,,,
1137244778,LITRO PARA 9500,08/05/2025,Despesa- Concluida,Comercial,Veicular,,,Abastecimento,,,,,,,,,,
1137017270,ABASTECIMENTO ,07/05/2025,Despesa- Concluida,Comercial,Veicular,,,Abastecimento,,,,,,,,,,
1136833101,ENFORCA GATO,07/05/2025,Despesa- Concluida,Cobrado do Cliente,Ferramenta,,,,,,,,,,,,,
1136690193,CINTA DE ANEL ,07/05/2025,Despesa- Concluida,Consumo Oficina,Veicular,,,Manutenção,,,,,,,,,,
1136610625,ABASTECIMENTO ,07/05/2025,Despesa- Concluida,Comercial,Veicular,,,Abastecimento,,,,,,,,,,
1136599051,TEMPERATURA QUADRICICLO,07/05/2025,Despesa- Concluida,Comercial,Peça,,,,,,,,,,,,,
1136003304,SERVIÇO DE TORNO,06/05/2025,Despesa- Concluida,Comercial,Serviço de Terceiro,,,,,,,,,,,,,
1135991416,SERVIÇO DE TORNO ,06/05/2025,Despesa- Concluida,Comercial,Serviço de Terceiro,,,,,,,,,,,,,
1135975027,FITA DE ALTA FUSÃO ,06/05/2025,Despesa- Concluida,Comercial,Peça,,,,,,,,,,,,,
1135973927,CAPA DE PARAFUSO DE RODA CROMADO ,06/05/2025,Despesa- Concluida,Comercial,Peça,,,,,,,,,,,,,
1135973028,TINTA PRETO SEMI-BRILHO,06/05/2025,Despesa- Concluida,Comercial,Peça,,,,,,,,,,,,,
1135741640,ABASTECIMENTO ,06/05/2025,Despesa- Concluida,Consumo Oficina,Veicular,,,Abastecimento,,,,,,,,,,
1135404349,PRENSA DE MANGUEIRA DO RESPIRO ,05/05/2025,Despesa- Concluida,Cobrado do Cliente,Serviço de Terceiro,,,,,,,,,,,,,
1135353487,ADAPTADOR,05/05/2025,Despesa- Concluida,Comercial,Peça,,,,,,,,,,,,,
1134936887,ABASTECIMENTO,05/05/2025,Despesa- Concluida,Consumo Oficina,Veicular,,,Abastecimento,,,,,,,,,,
1134935566,ABASTECIMENTO,05/05/2025,Despesa- Concluida,Consumo Oficina,Veicular,,,Abastecimento,,,,,,,,,,
1134318629,COMBUSTÍVEL,03/05/2025,Despesa- Concluida,Consumo Oficina,Veicular,,,Abastecimento,,,,,,,,,,
1133761779,SERVIÇO DE TORNO,02/05/2025,Despesa- Concluida,Cobrado do Cliente,Serviço de Terceiro,,,,,,,,,,,,,
1133760463,SERVIÇO DE TORNO,02/05/2025,Despesa- Concluida,Cobrado do Cliente,Serviço de Terceiro,,,,,,,,,,,,,
1132625303,ABASTECIMENTO ,30/04/2025,Despesa- Concluida,Consumo Oficina,Veicular,,,Abastecimento,,,,,,,,,,
1132584576,ABASTECIMENTO ,30/04/2025,Despesa- Concluida,Comercial,Veicular,,,Abastecimento,,,,,,,,,,
1132110002,ABASTECIMENTO ,29/04/2025,Despesa- Concluida,Consumo Oficina,Veicular,,,Abastecimento,,,,,,,,,,
1131719477,ABASTECIMENTO ,29/04/2025,Despesa- Concluida,Consumo Oficina,Veicular,,,Abastecimento,,,,,,,,,,
1131715005,ABASTECIMENTO ,29/04/2025,Despesa- Concluida,Consumo Oficina,Veicular,,,Abastecimento,,,,,,,,,,
1131232384,PARAFUSO,28/04/2025,Despesa- Concluida,Comercial,Peça,,,,,,,,,,,,,
1130950789,SERVIÇO DE TORNO ,28/04/2025,Despesa- Concluida,Comercial,Serviço de Terceiro,,,,,,,,,,,,,
1130948660,ABASTECIMENTO ,28/04/2025,Despesa- Concluida,Consumo Oficina,Veicular,,,Abastecimento,,,,,,,,,,
1129609328,MANGUEIRA 1 TRAMA 1/4 STRONG,25/04/2025,Despesa- Concluida,Cobrado do Cliente,Serviço de Terceiro,,,,,,,,,,,,,
1128790640,ABASTECIMENTO,24/04/2025,Despesa- Concluida,Consumo Oficina,Veicular,,,Abastecimento,,,,,,,,,,
1128367052,PRODUTO DE LIMPEZA,23/04/2025,Despesa- Concluida,Consumo Oficina,Ferramenta,,,,,,,,,,,,,
1128302705,ABASTECIMENTO ,23/04/2025,Despesa- Concluida,Consumo Oficina,Veicular,,,Abastecimento,,,,,,,,,,
1127642379,ELETRODO,22/04/2025,Despesa- Concluida,Consumo Oficina,Peça,,,,,,,,,,,,,
1125097798,ABASTECIMENTO ,17/04/2025,Despesa- Concluida,Consumo Oficina,Veicular,,,Abastecimento,,,,,,,,,,
1125026049,ABASTECIMENTO ,17/04/2025,Despesa- Concluida,Comercial,Veicular,,,Abastecimento,,,,,,,,,,
1124600538,DIESEL ,16/04/2025,Despesa- Concluida,Comercial,Veicular,,,Abastecimento,,,,,,,,,,
1124063931,ABASTECIMENTO,16/04/2025,Despesa- Concluida,Consumo Oficina,Veicular,,,Abastecimento,,,,,,,,,,
1123299442,ABASTECIMENTO,15/04/2025,Despesa- Concluida,Consumo Oficina,Veicular,,,Abastecimento,,,,,,,,,,
1122923773,ANEL ORING,15/04/2025,Despesa- Concluida,Cobrado do Cliente,Peça,,,,,,,,,,,,,
1122748820,PARAFUSO ,15/04/2025,Despesa- Concluida,Cobrado do Cliente,Peça,,,,,,,,,,,,,
1122728099,PRODUTOS PARA MANUTENÇÃO ,15/04/2025,Despesa- Concluida,Comercial,Peça,,,,,,,,,,,,,
1121585882,ABASTECIMENTO ,14/04/2025,Despesa- Concluida,Comercial,Veicular,,,Abastecimento,,,,,,,,,,
1121527882,ABASTECIMENTO ,14/04/2025,Despesa- Concluida,Consumo Oficina,Veicular,,,Abastecimento,,,,,,,,,,
1119976345,ELETRODO E DISCO ,11/04/2025,Despesa- Concluida,Consumo Oficina,Peça,,,,,,,,,,,,,
1119801076,TINTA SPRAY PRETO SEMI BRILHO ,11/04/2025,Despesa- Concluida,Consumo Oficina,Peça,,,,,,,,,,,,,
1119488641,ABASTECIMENTO ,11/04/2025,Despesa- Concluida,Consumo Oficina,Veicular,,,Abastecimento,,,,,,,,,,
1119484784,ABASTECIMENTO,11/04/2025,Despesa- Concluida,Consumo Oficina,Veicular,,,Abastecimento,,,,,,,,,,
1119483669,ABASTECIMENTO CAMINHONETE,11/04/2025,Despesa- Concluida,Consumo Oficina,Veicular,,,Abastecimento,,,,,,,,,,
1118299213,ARRUELA DE ALUMINIO ,10/04/2025,Despesa- Concluida,Cobrado do Cliente,Peça,,,,,,,,,,,,,
1117534357,PRODUTOS PARA CONSERTO TL ESTOQUE ,09/04/2025,Despesa- Concluida,Comercial,Peça,,,,,,,,,,,,,
1117248955,ABASTECIMENTO CAMINHÃO,09/04/2025,Despesa- Concluida,Comercial,Veicular,,,Abastecimento,,,,,,,,,,
1117243623,ABASTECIMENTO CAMINHÃO,09/04/2025,Despesa- Concluida,Comercial,Veicular,,,Abastecimento,,,,,,,,,,
1117232582,ABASTECIMENTO STRADA,09/04/2025,Despesa- Concluida,Consumo Oficina,Veicular,,,Abastecimento,,,,,,,,,,
1116717363,REPARO DO PISTÃO,08/04/2025,Despesa- Concluida,Cobrado do Cliente,Serviço de Terceiro,,,,,,,,,,,,,
1116271159,PITO 13 LONGO ,08/04/2025,Despesa- Concluida,Consumo Oficina,Ferramenta,,,,,,,,,,,,,
1115338321,PRODUTOS PARA CONSERTO DO TRATOR TL75 DO ESTOQUE ,07/04/2025,Despesa- Concluida,Comercial,Peça,,,,,,,,,,,,,
1115087549,ABASTECIMENTO ,07/04/2025,Despesa- Concluida,Consumo Oficina,Veicular,,,Abastecimento,,,,,,,,,,
1113003027,SERVIÇO DE TORNO ,04/04/2025,Despesa- Concluida,Cobrado do Cliente,Serviço de Terceiro,,,,,,,,,,,,,
1113000782,SERVIÇO DE TORNO ,04/04/2025,Despesa- Concluida,GARANTIA,Serviço de Terceiro,,,,,,,,,,,,,
1112999682,SERVIÇO DE TORNO ,04/04/2025,Despesa- Concluida,Comercial,Serviço de Terceiro,,,,,,,,,,,,,
1112998564,SERVIÇO DE TORNO ,04/04/2025,Despesa- Concluida,Comercial,Serviço de Terceiro,,,,,,,,,,,,,
1112997242,SERVIÇO DE TORNO ,04/04/2025,Despesa- Concluida,GARANTIA,Serviço de Terceiro,,,,,,,,,,,,,
1112995353,SERVIÇO DE TORNO ,04/04/2025,Despesa- Concluida,Comercial,Serviço de Terceiro,,,,,,,,,,,,,
1112885195,ALMOÇO TIO TOKO ,04/04/2025,Despesa- Concluida,Consumo Oficina,Alimentação,,,,,,,,,,,,,
1112749105,ABASTECIMENTO ,04/04/2025,Despesa- Concluida,Comercial,Veicular,,,Abastecimento,,,,,,,,,,
1112632397,SERVIÇO DE TORNO,04/04/2025,Despesa- Concluida,Consumo Oficina,Serviço de Terceiro,,,,,,,,,,,,,
1111924855,ABASTECIMENTO ,03/04/2025,Despesa- Concluida,Consumo Oficina,Veicular,,,Abastecimento,,ATJ6211,,,,,,,,
1111455325,ABASTECIMENTO ,02/04/2025,Despesa- Concluida,Comercial,Veicular,,,Abastecimento,,,,,,,,,,
1110854178,ADAPTADOR DE CHICOTE PARA LIGA E DESLIGA,02/04/2025,Despesa- Concluida,Cobrado do Cliente,Peça,,,,,,,,,,,,,
1110853202,ENFORCA GATO E BASE ADESIVA,02/04/2025,Despesa- Concluida,Consumo Oficina,Peça,,,,,,,,,,,,,
1110844908,ABASTECIMENTO MONTANA FHY8D25,02/04/2025,Despesa- Concluida,Consumo Oficina,Veicular,,,Abastecimento,,,,,,,,,,
1110540304,SERVIÇO DE TORNO,01/04/2025,Despesa- Concluida,Comercial,Serviço de Terceiro,,,,,,,,,,,,,
1110520517,ABASTECIMENTO ,01/04/2025,Despesa- Concluida,Comercial,Veicular,,,Abastecimento,,,,,,,,,,
1110363577,PRENSA DE MANGUEIRA,01/04/2025,Despesa- Concluida,Cobrado do Cliente,Peça,,,,,,,,,,,,,
1110142096,ALMOÇO TIO TOKO,01/04/2025,Despesa- Concluida,Consumo Oficina,Alimentação,,,,,,,,,,,,,
1110057593,SERVIÇO DE TORNO ,01/04/2025,Despesa- Concluida,Cobrado do Cliente,Serviço de Terceiro,,,,,,,,,,,,,
1110017639,PARAFUSO PARA DISTRIBUIDOR,01/04/2025,Despesa- Concluida,Cobrado do Cliente,Peça,,,,,,,,,,,,,
1109126825,ABASTECIMENTO ,31/03/2025,Despesa- Concluida,Comercial,Veicular,,,Abastecimento,,,,,,,,,,
1109014220,ABASTECIMENTO ,31/03/2025,Despesa- Concluida,Consumo Oficina,Veicular,,,Abastecimento,,,,,,,,,,
1107768593,ABASTECIMENTO ,29/03/2025,Despesa- Concluida,Consumo Oficina,Veicular,,,Abastecimento,,,,,,,,,,
1107196085,CHAVE 9 COMBINADA ,28/03/2025,Despesa- Concluida,Comercial,Ferramenta,,,,,,,,,,,,,
1106664102,ABASTECIMENTO ,28/03/2025,Despesa- Concluida,Comercial,Veicular,,,Abastecimento,,,,,,,,,,
1106660929,ÓLEO MOTOR ,28/03/2025,Despesa- Concluida,Comercial,Veicular,,,Manutenção,,,,,,,,,,
1105540541,REPARO PNEU ,27/03/2025,Despesa- Concluida,Consumo Oficina,Veicular,,,Manutenção,,,,,,,,,,
1105497811,ABASTECIMENTO,27/03/2025,Despesa- Concluida,Consumo Oficina,Veicular,,,Abastecimento,,,,,,,,,,
1104389993,ABASTECIMENTO ,26/03/2025,Despesa- Concluida,Consumo Oficina,Veicular,,,Abastecimento,,,,,,,,,,
1103996170,DISCO DE CORTE ,26/03/2025,Despesa- Concluida,Consumo Oficina,Ferramenta,,,,,,,,,,,,,
1103682155,COLA TEKBOND,25/03/2025,Despesa- Concluida,Consumo Oficina,Peça,,,,,,,,,,,,,
1103498531,ABASTECIMENTO ,25/03/2025,Despesa- Concluida,Consumo Oficina,Veicular,,,Abastecimento,,EPX5475,,,,,,,,
1103243688,ABASTECIMENTO,25/03/2025,Despesa- Concluida,Comercial,Veicular,,,Abastecimento,,,,,,,,,,
1103237930,ABASTECIMENTO,25/03/2025,Despesa- Concluida,Consumo Oficina,Veicular,,,Abastecimento,,,,,,,,,,
1103236829,MANGUEIRA DO RESPIRO ,25/03/2025,Despesa- Concluida,Cobrado do Cliente,Peça,,,,,,,,,,,,,
1103194149,ABASTECIMENTO,25/03/2025,Despesa- Concluida,Consumo Oficina,Veicular,,,Abastecimento,,,,,,,,,,
1103188672,MANGUEIRA HIDRAULICA,25/03/2025,Despesa- Concluida,GARANTIA,Peça,,,,,,,,,,,,,
1103166521,ABASTECIMENTO CAMINHÃO,25/03/2025,Despesa- Concluida,Comercial,Veicular,,,Abastecimento,,,,,,,,,,
1102751850,CONSERTO STRADA ATJ6211,24/03/2025,Despesa- Concluida,Consumo Oficina,Veicular,,,Manutenção,,,,,,,,,,
1101448671,TROCA PNEU ,22/03/2025,Despesa- Concluida,Consumo Oficina,Veicular,,,Manutenção,,,,,,,,,,
1101403183,CORDA ,22/03/2025,Despesa- Concluida,Comercial,Peça,,,,,,,,,,,,,
1100002425,ABASTECIMENTO MIGUEL,21/03/2025,Despesa- Concluida,Comercial,Veicular,,,Abastecimento,,,,,,,,,,
1099593530,ABRAÇADEIRA ,21/03/2025,Despesa- Concluida,Cobrado do Cliente,Peça,,,,,,,,,,,,,
1098892356,DIESEL,20/03/2025,Despesa- Concluida,Comercial,Veicular,,,Abastecimento,,,,,,,,,,
1098699888,SERVIÇO DE TORNO,20/03/2025,Despesa- Concluida,Comercial,Serviço de Terceiro,,,,,,,,,,,,,
1098615273,ALMOÇO SILVANA ,20/03/2025,Despesa- Concluida,Consumo Oficina,Alimentação,,,,,,,,,,,,,
1098486892,ABASTECIMENTO QUADRICICULO AMOSTRAÇÃO,20/03/2025,Despesa- Concluida,Comercial,Veicular,,,Abastecimento,,,,,,,,,,
1098484738,ABASTECIMENTO SAVEIRO,20/03/2025,Despesa- Concluida,Consumo Oficina,Veicular,,,Abastecimento,,,,,,,,,,
1097827245,MANGUEIRA,19/03/2025,Despesa- Concluida,Consumo Oficina,Ferramenta,,,,,,,,,,,,,
1097164936,ABASTECIMENTO ,18/03/2025,Despesa- Concluida,Consumo Oficina,Veicular,,,Abastecimento,,,,,,,,,,
1097136535,ABASTECIMENTO QUADRICICLOS,18/03/2025,Despesa- Concluida,Comercial,Veicular,,,Abastecimento,,,,,,,,,,
1096778151,ABASTECIMENTO CAMINHÃO,17/03/2025,Despesa- Concluida,Consumo Oficina,Veicular,,,Abastecimento,,,,,,,,,,
1096609103,OLEO PARDAL,17/03/2025,Despesa- Concluida,Consumo Oficina,Veicular,,,Abastecimento,,,,,,,,,,
1096490664,TROCA ÓLEO MOTOR,17/03/2025,Despesa- Concluida,Consumo Oficina,Veicular,,,Manutenção,,,,,,,,,,
1094959348,FILTRO LUBRIFICANTE,14/03/2025,Despesa- Concluida,Consumo Oficina,Veicular,,,Manutenção,,,,,,,,,,
1094867822,ÓLEO DE MOTOR,14/03/2025,Despesa- Concluida,Consumo Oficina,Veicular,,,Manutenção,,,,,,,,,,
1093836872,ALMOÇO SILVANA ,12/03/2025,Despesa- Concluida,Consumo Oficina,Alimentação,,,,,,,,,,,,,
1093450244,ABASTECIMENTO CAMINHONETE,12/03/2025,Despesa- Concluida,Consumo Oficina,Veicular,,,Abastecimento,,,,,,,,,,
1093445500,ABASTECIMENTO QUADRICICULO PARA TESTE,12/03/2025,Despesa- Concluida,Consumo Oficina,Veicular,,,Abastecimento,,,,,,,,,,
1092711460,Abastecimento Gabriel,11/03/2025,Despesa- Concluida,Consumo Oficina,Veicular,,,Abastecimento,,,,,,,,,,
1092560261,PRODUTOS PARA PINTURA ,11/03/2025,Despesa- Concluida,Comercial,Ferramenta,,,,,,,,,,,,,
1091742464,ÓLEO MOTOR ,10/03/2025,Despesa- Concluida,Consumo Oficina,Veicular,,,Manutenção,,,,,,,,,,
1091715041,DIESEL PARA TRATOR DO ESTOQUE,10/03/2025,Despesa- Concluida,Comercial,Veicular,,,Abastecimento,,,,,,,,,,
1091698558,ABASTECIMENTO ,10/03/2025,Despesa- Concluida,Consumo Oficina,Veicular,,,Abastecimento,,,,,,,,,,
1090570779,ÓLEO MOTOR ,07/03/2025,Despesa- Concluida,Comercial,Veicular,,,Manutenção,,,,,,,,,,
1090509586,ABASTECIMENTO CARRO FXM4G90,07/03/2025,Despesa- Concluida,Consumo Oficina,Veicular,,,Abastecimento,,,,,,,,,,
1090196749,GASOLINA,06/03/2025,Despesa- Concluida,Comercial,Veicular,,,Manutenção,,,,,,,,,,
1090173635,CANTONEIRA MÃO FRANCESA,06/03/2025,Despesa- Concluida,Consumo Oficina,Peça,,,,,,,,,,,,,
1090170447,ANEL ORING,06/03/2025,Despesa- Concluida,Cobrado do Cliente,Peça,,,,,,,,,,,,,
1090091985,ABASTECIMENTO COMERCIAL,06/03/2025,Despesa- Concluida,Comercial,Veicular,,,Abastecimento,,,,,,,,,,
1090059739,PRODUTO DE LIMPEZA,06/03/2025,Despesa- Concluida,Consumo Oficina,Ferramenta,,,,,,,,,,,,,
1089901481,ALMOÇO SILVANA ,06/03/2025,Despesa- Concluida,Consumo Oficina,Alimentação,,,,,,,,,,,,,
1089857200,CHAVE PARA DESMONTAR O MOTOR DO CARRO DO ZEZO ,06/03/2025,Despesa- Concluida,Cobrado do Cliente,Veicular,,,Manutenção,,,,,,,,,,
1089538753,MANDRIL DE FURADEIRA ,05/03/2025,FERRAMENTAS ESTOQUE,Consumo Oficina,Peça,,,,,,,,,,,,,
1089226565,ABASTECIMENTO,05/03/2025,Despesa- Concluida,Consumo Oficina,Veicular,,,Abastecimento,,EPX5475,,,,,,,,
1089225344,ABASTECIMENTO ,05/03/2025,Despesa- Concluida,Consumo Oficina,Veicular,,,Abastecimento,,,,,,,,,,
1089220348,ABASTECIMENTO QUADRICICLOS ,05/03/2025,Despesa- Concluida,Comercial,Veicular,,,Abastecimento,,,,,,,,,,
1088528171,LÂMPADA ,03/03/2025,Despesa- Concluida,Consumo Oficina,Veicular,,,Manutenção,,,,,,,,,,
1087906746,ABASTECIMENTO QUADRICICLOS ,01/03/2025,Despesa- Concluida,Comercial,Veicular,,,Abastecimento,,,,,,,,,,
1087655054,ABASTECIMENTO ,28/02/2025,Despesa- Concluida,Comercial,Veicular,,,Abastecimento,,,,,,,,,,
1087595097,PRODUTO DE LIMPEZA,28/02/2025,Despesa- Concluida,Consumo Oficina,Ferramenta,,,,,,,,,,,,,
1087527000,FERRAMENTAS PARA PINTURA,28/02/2025,Despesa- Concluida,Consumo Oficina,Ferramenta,,,,,,,,,,,,,
1087486278,SERVIÇO DE TORNO,28/02/2025,Despesa- Concluida,Cobrado do Cliente,Peça,,,,,,,,,,,,,
1087320948,LIXA,28/02/2025,Despesa- Concluida,Consumo Oficina,Ferramenta,,,,,,,,,,,,,
1087304815,ABASTECIMENTO QUADRICICLO,28/02/2025,Despesa- Concluida,Comercial,Veicular,,,Abastecimento,,,,,,,,,,
1086994647,REVELA TRINCA,27/02/2025,Despesa- Concluida,Consumo Oficina,Ferramenta,,,,,,,,,,,,,
1086830987,TROCA DO PNEU ,27/02/2025,Despesa- Concluida,Consumo Oficina,Veicular,,,Manutenção,,,,,,,,,,
1086756270,ALMOÇO SILVANA ,27/02/2025,Despesa- Concluida,Consumo Oficina,Alimentação,,,,,,,,,,,,,
1086561423,MANGUEIRA 3/4,27/02/2025,Despesa- Concluida,Cobrado do Cliente,Peça,,,,,,,,,,,,,
1086515543,LIMA ROTATIVA,27/02/2025,Despesa- Concluida,Consumo Oficina,Ferramenta,,,,,,,,,,,,,
1086490446,ABASTECIMENTO ,27/02/2025,Despesa- Concluida,Comercial,Veicular,,,Abastecimento,,,,,,,,,,
1086486375,ABASTECIMENTO ,27/02/2025,Despesa- Concluida,Consumo Oficina,Veicular,,,Abastecimento,,,,,,,,,,
1086479014,MANGUEIRA E ANEL DE VEDAÇÃO,27/02/2025,Despesa- Concluida,GARANTIA,Peça,,,,,,,,,,,,,
1086478501,ABASTECIMENTO DE CARRO GASOLINA,27/02/2025,Despesa- Concluida,Consumo Oficina,Veicular,,,Abastecimento,,,,,,,,,,
1085589213,LIMA E VEDA CHOQUE,26/02/2025,Despesa- Concluida,Consumo Oficina,Ferramenta,,,,,,,,,,,,,
1085230296,SERVIÇO DE TORNO,26/02/2025,Despesa- Concluida,Cobrado do Cliente,Serviço de Terceiro,,,,,,,,,,,,,
1085222682,ABASTECIMENTO ,26/02/2025,Despesa- Concluida,Consumo Oficina,Veicular,,,Abastecimento,,,,,,,,,,
1084935978,RETROVISOR CAMINHÃO ,25/02/2025,Despesa- Concluida,Comercial,Veicular,,,Outros,,,,,,,,,,
1084772011,ALMOÇO SILVANA ,25/02/2025,Despesa- Concluida,Consumo Oficina,Alimentação,,,,,,,,,,,,,
1084766269,ALMOÇO SILVANA,25/02/2025,Despesa- Concluida,Consumo Oficina,Alimentação,,,,,,,,,,,,,
1084437546,VARETA DE SOLDA,25/02/2025,Despesa- Concluida,Consumo Oficina,Ferramenta,,,,,,,,,,,,,
1083879638,TROCA DE REPARO,24/02/2025,Despesa- Concluida,Consumo Oficina,Serviço de Terceiro,,,,,,,,,,,,,
1082987568,PARAFUSO,22/02/2025,Despesa- Concluida,Comercial,Peça,,,,,,,,,,,,,
1082971791,MANGUEIRA,22/02/2025,Despesa- Concluida,Comercial,Peça,,,,,,,,,,,,,
1082970812,CONSERTO PNEU,22/02/2025,Despesa- Concluida,Consumo Oficina,Veicular,,,Manutenção,,,,,,,,,,
1082589770,SERVIÇO DE TORNO,21/02/2025,Despesa- Concluida,Cobrado do Cliente,Serviço de Terceiro,,,,,,,,,,,,,
1082585706,SERVIÇO DE TORNO ,21/02/2025,Despesa- Concluida,Comercial,Serviço de Terceiro,,,,,,,,,,,,,
1082583129,SERVIÇO DE TORNO ,21/02/2025,Despesa- Concluida,Cobrado do Cliente,Serviço de Terceiro,,,,,,,,,,,,,
1082573212,SERVIÇO DE TORNO ,21/02/2025,Despesa- Concluida,Cobrado do Cliente,Serviço de Terceiro,,,,,,,,,,,,,
1082510001,ABASTECIMENTO ,21/02/2025,Despesa- Concluida,Comercial,Veicular,,,Abastecimento,,,,,,,,,,
1082482854,CONSERTO PNEU ,21/02/2025,Despesa- Concluida,Comercial,Serviço de Terceiro,,,,,,,,,,,,,
1082263431,ABASTECIMENTO ,21/02/2025,Despesa- Concluida,Comercial,Veicular,,,Abastecimento,,,,,,,,,,
1082240020,ABASTECIMENTO,21/02/2025,Despesa- Concluida,Consumo Oficina,Veicular,,,Abastecimento,,,,,,,,,,
1082236667,ABASTECIMENTO ,21/02/2025,Despesa- Concluida,Consumo Oficina,Veicular,,,Abastecimento,,,,,,,,,,
1081515309,CAMARA DE AR NOVA,20/02/2025,Despesa- Concluida,GARANTIA,Peça,,,,,,,,,,,,,
1080813069,TINTA SPRAY E THINNER,19/02/2025,Despesa- Concluida,Consumo Oficina,Ferramenta,,,,,,,,,,,,,
1080392836,CONSERTO CARRO ,18/02/2025,Despesa- Concluida,Consumo Oficina,Veicular,,,Manutenção,,,,,,,,,,
1080044867,ABASTECIMENTO ,18/02/2025,Despesa- Concluida,Consumo Oficina,Veicular,,,Abastecimento,,,,,,,,,,
1080012831,ABASTECIMENTO ,18/02/2025,Despesa- Concluida,Consumo Oficina,Veicular,,,Abastecimento,,,,,,,,,,
1080010965,CINTA PARA AMARRAR CARGA ,18/02/2025,Despesa- Concluida,Comercial,Ferramenta,,,,,,,,,,,,,
1079563142,PARAFUSO E ARRUELA DE ALUMINIO,17/02/2025,Despesa- Concluida,Cobrado do Cliente,Peça,,,,,,,,,,,,,
1079560490,PARAFUSO ,17/02/2025,Despesa- Concluida,Cobrado do Cliente,Peça,,,,,,,,,,,,,
1079556499,ANEL ORING,17/02/2025,Despesa- Concluida,Consumo Oficina,Peça,,,,,,,,,,,,,
1078585108,ABASTECIMENTO ,15/02/2025,Despesa- Concluida,Consumo Oficina,Veicular,,,Abastecimento,,EPX5475,,,,,,,,
1078313410,ELETRODO,14/02/2025,Despesa- Concluida,Consumo Oficina,Peça,,,,,,,,,,,,,
1078113066,ABASTECIMENTO ,14/02/2025,Despesa- Concluida,Consumo Oficina,Veicular,,,Abastecimento,,,,,,,,,,
1077545721,ADAPTADOR 1/2 PARA 3/4,13/02/2025,Despesa- Concluida,Consumo Oficina,Ferramenta,,,,,,,,,,,,,
1077516159,"REDUÇÃO DE 1P PARA 3/4, PITO 3/4 Nº28 E PITO 1/2 N°28",13/02/2025,Despesa- Concluida,Consumo Oficina,Ferramenta,,,,,,,,,,,,,
1077454880,MANGUEIRA ,13/02/2025,Despesa- Concluida,Comercial,Peça,,,,,,,,,,,,,
1077445883,ALMOÇO SILVANA ,13/02/2025,Despesa- Concluida,Consumo Oficina,Alimentação,,,,,,,,,,,,,
1077248112,ABASTECIMENTO ,13/02/2025,Despesa- Concluida,Consumo Oficina,Veicular,,,Abastecimento,,,,,,,,,,
1077015664,Abastecimento para consórcio,12/02/2025,Despesa- Concluida,Comercial,Veicular,,,Abastecimento,,EPX5402,,,,,,,,
1076629638,LIMITE E MACHO ,12/02/2025,Despesa- Concluida,Consumo Oficina,Peça,,,,,,,,,,,,,
1076622494,ABASTECIMENTO ,12/02/2025,Despesa- Concluida,Consumo Oficina,Veicular,,,Abastecimento,,,,,,,,,,
1076596522,ABASTECIMENTO ,12/02/2025,Despesa- Concluida,Comercial,Veicular,,,Abastecimento,,,,,,,,,,
1075911376,ABASTECIMENTO ,11/02/2025,Despesa- Concluida,Consumo Oficina,Veicular,,,Abastecimento,,,,,,,,,,
1075880122,GASOLINA ,11/02/2025,Despesa- Concluida,Cobrado do Cliente,Veicular,,,Manutenção,,,,,,,,,,
1075416391,ANEL DE VEDAÇÃO ,10/02/2025,Despesa- Concluida,Consumo Oficina,Peça,,,,,,,,,,,,,
1075403990,DIESEL ,10/02/2025,Despesa- Concluida,Comercial,Veicular,,,Abastecimento,,,,,,,,,,
1075402490,ABASTECIMENTO ,10/02/2025,Despesa- Concluida,Consumo Oficina,Veicular,,,Abastecimento,,,,,,,,,,
1075268098,GASOLINA ,10/02/2025,Despesa- Concluida,Comercial,Veicular,,,Outros,,,,,,,,,,
1075168971,DIESEL ,10/02/2025,Despesa- Concluida,Comercial,Veicular,,,Abastecimento,,,,,,,,,,
1075166407,TINTA,10/02/2025,Despesa- Concluida,Consumo Oficina,Ferramenta,,,,,,,,,,,,,
1075154763,ABASTECIMENTO ,10/02/2025,Despesa- Concluida,Consumo Oficina,Veicular,,,Abastecimento,,ATJ6211,,,,,,,,
1075147089,ABASTECIMENTO ,10/02/2025,Despesa- Concluida,Consumo Oficina,Veicular,,,Abastecimento,,,,,,,,,,
1074518227,ABASTECIMENTO ,08/02/2025,Despesa- Concluida,Comercial,Veicular,,,Abastecimento,,EVG1E67,,,,,,,,
1074515210,DIESEL PARA ABASTECIMENTO TRATOR DO ESTOQUE ,08/02/2025,Despesa- Concluida,Comercial,Veicular,,,Abastecimento,,,,,,,,,,
1074075310,CUBO DE RODA DA CARRETINHA DO ZÉ ANGELO ,07/02/2025,Despesa- Concluida,Comercial,Peça,,,,,,,,,,,,,
1074067611,TINTA PARA PULVERIZADOR MAX FORT ,07/02/2025,Despesa- Concluida,Comercial,Ferramenta,,,,,,,,,,,,,
1074058176,DISCO DE CORTE E CHAVE ALLEN  7MM,07/02/2025,Despesa- Concluida,Consumo Oficina,Ferramenta,,,,,,,,,,,,,
1073912035,TEK BOND,07/02/2025,Despesa- Concluida,Consumo Oficina,Ferramenta,,,,,,,,,,,,,
1073876426,ELETRODO,07/02/2025,Despesa- Concluida,Consumo Oficina,Ferramenta,,,,,,,,,,,,,
1073429530,ABASTECIMENTO DO QUADRICICULO,06/02/2025,Despesa- Concluida,"Evento, Comercial",Veicular,,,Abastecimento,,,,,,,,,,
1073100898,ABASTECIMENTO ,06/02/2025,Despesa- Concluida,Consumo Oficina,Veicular,,,Abastecimento,,,,,,,,,,
1072785774,CHAVE DE TANQUE ,05/02/2025,Despesa- Concluida,Consumo Oficina,Serviço de Terceiro,,,,,,,,,,,,,
1072781262,CONSERTO PNEU CAMINHÃO ,05/02/2025,Despesa- Concluida,Comercial,Serviço de Terceiro,,,,,,,,,,,,,
1072755277,PRENSAR MANGUEIRA ,05/02/2025,Despesa- Concluida,Cobrado do Cliente,Serviço de Terceiro,,,,,,,,,,,,,
1072237205,ABASTECIMENTO QUADRICICLO,04/02/2025,Despesa- Concluida,Comercial,Veicular,,,Abastecimento,,,,,,,,,,
1072120657,ABASTECIMENTO ,04/02/2025,Despesa- Concluida,Comercial,Veicular,,,Abastecimento,,,,,,,,,,
1072005225,ALMOÇO TIO TOCO,04/02/2025,Despesa- Concluida,Consumo Oficina,Alimentação,,,,,,,,,,,,,
1071875858,ABASTECIMENTO ,04/02/2025,Despesa- Concluida,Consumo Oficina,Veicular,,,,,,,,,,,,,
1071147259,PESTANA DO VIDRO DA PORTA ,03/02/2025,Despesa- Concluida,Frota,Veicular,,,Manutenção,,ATJ6211,,,,,,,,
1071111839,CONSERTO CARRO,03/02/2025,Despesa- Concluida,Frota,Veicular,,,Manutenção,,ATJ6211,,,,,,,,
1071088587,ABASTECIMENTO ,03/02/2025,Despesa- Concluida,,Veicular,,,Abastecimento,,,,,,,,,,
1071086400,MACHO ,03/02/2025,Despesa- Concluida,,Peça,,,,,,,,,,,,,
1071080045,CONSERTO CARRO,03/02/2025,Despesa- Concluida,,Veicular,,,Manutenção,,,,,,,,,,
1070516140,ABASTECIMENTO ,01/02/2025,Despesa- Concluida,,Veicular,,,Abastecimento,,,,,,,,,,
1070510369,PARAFUSO,01/02/2025,Despesa- Concluida,,Peça,,,,,,,,,,,,,
1070241331,5 PARAFUSO,31/01/2025,Despesa- Concluida,,Peça,,,,,,,,,,,,,
1070223005,COIFA CÂMBIO CAMINHÃO ,31/01/2025,Despesa- Concluida,,Veicular,,,Manutenção,,,,,,,,,,
1070080983,DIESEL ,31/01/2025,Despesa- Concluida,,Peça,,,,,,,,,,,,,
1069627282,ABASTECIMENTO ,30/01/2025,Despesa- Concluida,,Veicular,,,Abastecimento,,,,,,,,,,
1069621119,ABASTECIMENTO ,30/01/2025,Despesa- Concluida,,Veicular,,,Abastecimento,,EVG1E67,,,,,,,,
1069547835,GASOLINA LAVAGEM DO TANQUE ,30/01/2025,Despesa- Concluida,,Veicular,,,Outros,,,,,,,,,,
1069441656,Amortecedores Fox Beto,30/01/2025,Despesa- Concluida,Frota,Veicular,,,Manutenção,,EPX5402,,,,,,,,
1069258695,ABASTECIMENTO ,30/01/2025,Despesa- Concluida,,Veicular,,,Abastecimento,,,,,,,,,,
1068915968,COMPRA DE CHAVE DE IMPACTO ELÉTRICA ,29/01/2025,Aguardando- NF ou Aprovar,Consumo Oficina,Ferramenta,,,,,,,,,,,,,
1068533490,ABASTECIMENTO,29/01/2025,Despesa- Concluida,,Veicular,,,Abastecimento,,,,,,,,,,
1068128568,ELETRODOS ,28/01/2025,Despesa- Concluida,,Ferramenta,,,,,,,,,,,,,
1068037600,ABASTECIMENTO ,28/01/2025,Despesa- Concluida,,Veicular,,,Abastecimento,,,,,,,,,,
1067756243,ABASTECIMENTO,28/01/2025,Despesa- Concluida,,Veicular,,,Abastecimento,,ATJ6211,,,,,,,,
1067392031,ABASTECIMENTO ,27/01/2025,Despesa- Concluida,,Veicular,,,Abastecimento,,,,,,,,,,
1067073391,ÓLEO MOTOR ,27/01/2025,Despesa- Concluida,,Veicular,,,Manutenção,,,,,,,,,,
1067064233,ABASTECIMENTO ,27/01/2025,Despesa- Concluida,,Veicular,,,Abastecimento,,,,,,,,,,
1067060453,ABASTECIMENTO ,27/01/2025,Despesa- Concluida,,Veicular,,,Abastecimento,,,,,,,,,,
1066449294,ABASTECIMENTO ,25/01/2025,Despesa- Concluida,,Veicular,,,Abastecimento,,,,,,,,,,
1066219649,SERVIÇO DE TORNO,24/01/2025,Despesa- Concluida,,Serviço de Terceiro,,,,,,,,,,,,,
1065962010,ALMOÇO TIO TOCO ,24/01/2025,Despesa- Concluida,Consumo Oficina,Alimentação,,,,,,,,,,,,,
1065895988,ABASTECIMENTO CARRO PESSOAL MECÂNICO ELIAS ,24/01/2025,Despesa- Concluida,,Veicular,,,Abastecimento,,,,,,,,,,
1065474112,ABASTECIMENTO ,23/01/2025,Despesa- Concluida,,Veicular,,,Abastecimento,,,,,,,,,,
1065427574,ALMOÇO TIO TOCO,23/01/2025,Despesa- Concluida,Consumo Oficina,Alimentação,,,,,,,,,,,,,
1065423452,Manutenção Fox branco sem adesivo,23/01/2025,Despesa- Concluida,,Veicular,,,Manutenção,,EPX5402,,,,,,,,
1065326082,ALMOÇO TIO TOCO,23/01/2025,Despesa- Concluida,Consumo Oficina,Alimentação,,,,,,,,,,,,,
1064724230,ALMOÇO TIO TOCO,22/01/2025,Despesa- Concluida,Consumo Oficina,Alimentação,,,,,,,,,,,,,
1064247028,União,21/01/2025,Despesa- Concluida,,Ferramenta,,,,,,,,,,,,,